[     410ms] [ERROR] Failed to load resource: the server responded with a status of 404 (Not Found) @ http://localhost:3004/photos/headshots/caryn-seidman-clear.webp:0
[     410ms] [ERROR] Failed to load resource: the server responded with a status of 404 (Not Found) @ http://localhost:3004/photos/headshots/kit-garton-headshot.png:0
[     411ms] [ERROR] Failed to load resource: the server responded with a status of 404 (Not Found) @ http://localhost:3004/photos/headshots/leala-francis.png:0
[     463ms] [ERROR] Failed to load resource: the server responded with a status of 404 (Not Found) @ http://localhost:3004/photos/headshots/maureen-martin-weightwatchers.png:0
[     494ms] [ERROR] Failed to load resource: the server responded with a status of 404 (Not Found) @ http://localhost:3004/photos/headshots/telecom-headshot.png:0
[     512ms] [INFO] %cDownload the React DevTools for a better development experience: https://react.dev/link/react-devtools font-weight:bold @ http://localhost:3004/_next/static/chunks/node_modules_next_dist_115brz8._.js:2431
[     530ms] [LOG] [HMR] connected @ http://localhost:3004/_next/static/chunks/node_modules_next_dist_115brz8._.js:2431
[     632ms] [WARNING] Image with src "http://localhost:3004/product/agent-studio-table.svg" has either width or height modified, but not the other. If you use CSS to change the size of your image, also include the styles 'width: "auto"' or 'height: "auto"' to maintain the aspect ratio. @ http://localhost:3004/_next/static/chunks/node_modules_next_dist_115brz8._.js:2431
[     663ms] [WARNING] Note: Some companies are required to obtain a license to use Remotion. See: https://remotion.dev/license
Pass the `acknowledgeRemotionLicense` prop to `<Player />` function to make this message disappear. @ http://localhost:3004/_next/static/chunks/node_modules_next_dist_115brz8._.js:2431
[     828ms] [LOG] [Fast Refresh] rebuilding @ http://localhost:3004/_next/static/chunks/node_modules_next_dist_115brz8._.js:2431
[     904ms] [LOG] [Fast Refresh] done in 247ms @ http://localhost:3004/_next/static/chunks/node_modules_next_dist_115brz8._.js:2431
[   69412ms] [LOG] [Fast Refresh] rebuilding @ http://localhost:3004/_next/static/chunks/node_modules_next_dist_115brz8._.js:2431
[   69474ms] [LOG] [Fast Refresh] done in 156ms @ http://localhost:3004/_next/static/chunks/node_modules_next_dist_115brz8._.js:2431
[   96976ms] [LOG] [Fast Refresh] rebuilding @ http://localhost:3004/_next/static/chunks/node_modules_next_dist_115brz8._.js:2431
[   97039ms] [LOG] [Fast Refresh] done in 158ms @ http://localhost:3004/_next/static/chunks/node_modules_next_dist_115brz8._.js:2431
[  103611ms] [ERROR] Failed to load resource: net::ERR_FILE_NOT_FOUND @ blob:http://localhost:3004/af753069-3f28-47b4-8038-92fb911d4f6e:0
[  103620ms] [ERROR] Failed to load resource: net::ERR_FILE_NOT_FOUND @ blob:http://localhost:3004/4997cd26-ecce-43a1-83f9-3dd56453aefd:0
[  104161ms] [ERROR] Failed to load resource: net::ERR_FILE_NOT_FOUND @ blob:http://localhost:3004/548cb95d-5219-42c1-b706-cb162d72f628:0
[  104166ms] [ERROR] Failed to load resource: net::ERR_FILE_NOT_FOUND @ blob:http://localhost:3004/6f0d5b4c-8f54-448e-8bcb-aea17cde810f:0
[  104688ms] [ERROR] Failed to load resource: net::ERR_FILE_NOT_FOUND @ blob:http://localhost:3004/31858a64-c1fb-4541-9f83-7478646facef:0
[  105236ms] [ERROR] Failed to load resource: net::ERR_FILE_NOT_FOUND @ blob:http://localhost:3004/dfc4dea4-89df-480b-9e0d-40de1201d8e1:0
[  105320ms] [ERROR] Failed to load resource: net::ERR_FILE_NOT_FOUND @ blob:http://localhost:3004/8d104ea0-38d6-4268-bbfa-9edf70a3c7ae:0
[  105386ms] [ERROR] Failed to load resource: net::ERR_FILE_NOT_FOUND @ blob:http://localhost:3004/92aeda00-2b0f-4f30-a57c-718c5fc9fac5:0
[  105835ms] [ERROR] Failed to load resource: net::ERR_FILE_NOT_FOUND @ blob:http://localhost:3004/04123a93-5243-442c-862e-5fe9ddf75261:0
[  106058ms] [ERROR] Failed to load resource: net::ERR_FILE_NOT_FOUND @ blob:http://localhost:3004/33f16029-290c-4559-9954-aa0bcb2a98aa:0
[  106119ms] [ERROR] Failed to load resource: net::ERR_FILE_NOT_FOUND @ blob:http://localhost:3004/2bb31715-c1a6-421a-b9f3-e121ac93ae75:0
[  106289ms] [ERROR] Failed to load resource: net::ERR_FILE_NOT_FOUND @ blob:http://localhost:3004/4b8453db-fe6b-411e-b9b6-6a600fc0e988:0
[  106553ms] [ERROR] Failed to load resource: net::ERR_FILE_NOT_FOUND @ blob:http://localhost:3004/a0e0f2ff-56cc-4157-93da-73535487e8ce:0
[  106636ms] [ERROR] Failed to load resource: net::ERR_FILE_NOT_FOUND @ blob:http://localhost:3004/c57f748d-30a7-449a-b3fc-ae6536fc361e:0
[  106854ms] [ERROR] Failed to load resource: net::ERR_FILE_NOT_FOUND @ blob:http://localhost:3004/a158c0e3-d426-473d-8cae-d0959fe8cb66:0
[  107309ms] [ERROR] Failed to load resource: net::ERR_FILE_NOT_FOUND @ blob:http://localhost:3004/79c348c1-741a-4388-8a3c-94da1c68d580:0
[  107454ms] [ERROR] Failed to load resource: net::ERR_FILE_NOT_FOUND @ blob:http://localhost:3004/de6d0d14-d284-4dc8-aa12-1987ddb8094f:0
[  107470ms] [ERROR] Failed to load resource: net::ERR_FILE_NOT_FOUND @ blob:http://localhost:3004/9bfab761-9ef9-4db4-8e7d-ddd3891a852e:0
[  108475ms] [ERROR] Failed to load resource: net::ERR_FILE_NOT_FOUND @ blob:http://localhost:3004/a5d318f7-b5ea-493e-b1d1-0176324f28a3:0
[  109068ms] [ERROR] Failed to load resource: net::ERR_FILE_NOT_FOUND @ blob:http://localhost:3004/5769bea2-4a0d-46ac-ae1f-57c2e373e141:0
[  109222ms] [ERROR] Failed to load resource: net::ERR_FILE_NOT_FOUND @ blob:http://localhost:3004/86722b67-22da-485b-87f9-773934c0f3a0:0
[  109318ms] [ERROR] Failed to load resource: net::ERR_FILE_NOT_FOUND @ blob:http://localhost:3004/1182a88b-0076-4247-a6db-03d987023398:0
[  109802ms] [ERROR] Failed to load resource: net::ERR_FILE_NOT_FOUND @ blob:http://localhost:3004/ba8a2626-fc9d-46e6-b876-63840390c5c0:0
[  110086ms] [ERROR] Failed to load resource: net::ERR_FILE_NOT_FOUND @ blob:http://localhost:3004/af4398cf-eb50-44b6-b2f8-bcfdf7390b36:0
[  110109ms] [ERROR] Failed to load resource: net::ERR_FILE_NOT_FOUND @ blob:http://localhost:3004/4328fadb-82a2-4ba8-b927-3a549f45bb6b:0
[  110170ms] [ERROR] Failed to load resource: net::ERR_FILE_NOT_FOUND @ blob:http://localhost:3004/9d123be9-3d3d-4cf8-a033-154c54d866ce:0
[  110187ms] [ERROR] Failed to load resource: net::ERR_FILE_NOT_FOUND @ blob:http://localhost:3004/a02cd480-1b93-4df3-abd9-074a862d58e1:0
[  110339ms] [ERROR] Failed to load resource: net::ERR_FILE_NOT_FOUND @ blob:http://localhost:3004/c1c50139-e3e5-4cfa-b4bf-96cde1d7166a:0
[  110469ms] [ERROR] Failed to load resource: net::ERR_FILE_NOT_FOUND @ blob:http://localhost:3004/fe61e247-f268-4f34-a88d-99d1bf7eab2b:0
[  111337ms] [ERROR] Failed to load resource: net::ERR_FILE_NOT_FOUND @ blob:http://localhost:3004/c176ef99-ee98-4ab0-874f-532112370ecf:0
[  111459ms] [ERROR] Failed to load resource: net::ERR_FILE_NOT_FOUND @ blob:http://localhost:3004/7d865d64-91a3-41dd-a0b9-60a2af7942b2:0
[  111770ms] [ERROR] Failed to load resource: net::ERR_FILE_NOT_FOUND @ blob:http://localhost:3004/b0c300ce-88a1-41da-8930-a1daa5c22944:0
[  111886ms] [ERROR] Failed to load resource: net::ERR_FILE_NOT_FOUND @ blob:http://localhost:3004/5f075499-0978-4ffc-b3e1-bd7762a9b98e:0
[  112155ms] [ERROR] Failed to load resource: net::ERR_FILE_NOT_FOUND @ blob:http://localhost:3004/be892d7f-6364-4688-872c-57942bf7d6cc:0
[  112444ms] [ERROR] Failed to load resource: net::ERR_FILE_NOT_FOUND @ blob:http://localhost:3004/60b9465a-3ec8-47dc-a440-0f6677810f84:0
[  113112ms] [LOG] [Fast Refresh] rebuilding @ http://localhost:3004/_next/static/chunks/node_modules_next_dist_115brz8._.js:2431
[  113144ms] [LOG] [Fast Refresh] done in 132ms @ http://localhost:3004/_next/static/chunks/node_modules_next_dist_115brz8._.js:2431
[  113210ms] [ERROR] Failed to load resource: net::ERR_FILE_NOT_FOUND @ blob:http://localhost:3004/38adc3fd-7805-434e-9b04-e00cedd54d0d:0
[  113496ms] [ERROR] Failed to load resource: net::ERR_FILE_NOT_FOUND @ blob:http://localhost:3004/d7cb99cf-5412-4049-9af5-01cdf23937f2:0
[  113889ms] [ERROR] Failed to load resource: net::ERR_FILE_NOT_FOUND @ blob:http://localhost:3004/94cc9625-33df-44f1-919f-482ec48d1a18:0
[  114378ms] [LOG] [Fast Refresh] rebuilding @ http://localhost:3004/_next/static/chunks/node_modules_next_dist_115brz8._.js:2431
[  114453ms] [LOG] [Fast Refresh] done in 176ms @ http://localhost:3004/_next/static/chunks/node_modules_next_dist_115brz8._.js:2431
[  114503ms] [ERROR] Failed to load resource: net::ERR_FILE_NOT_FOUND @ blob:http://localhost:3004/406df05b-c189-4d5d-abb8-6ac92655e7a1:0
[  115258ms] [ERROR] Failed to load resource: net::ERR_FILE_NOT_FOUND @ blob:http://localhost:3004/e321776d-cd6a-4843-a6fe-ea2ca97cc3ee:0
[  115419ms] [ERROR] Failed to load resource: net::ERR_FILE_NOT_FOUND @ blob:http://localhost:3004/2899cfe7-8c5c-438a-9977-b0ccc165c104:0
[  115436ms] [ERROR] Failed to load resource: net::ERR_FILE_NOT_FOUND @ blob:http://localhost:3004/895ee8c2-95d3-4707-92e2-75b700d49ac2:0
[  116421ms] [ERROR] Failed to load resource: net::ERR_FILE_NOT_FOUND @ blob:http://localhost:3004/a9d54bdc-9aaa-4943-b0e3-2f006f659001:0
[  116820ms] [ERROR] Failed to load resource: net::ERR_FILE_NOT_FOUND @ blob:http://localhost:3004/f4a51075-e4d2-4c95-a982-78c1239ac132:0
[  117245ms] [ERROR] Failed to load resource: net::ERR_FILE_NOT_FOUND @ blob:http://localhost:3004/cdcc7106-b361-4e8c-a0d7-4c095db516ab:0
[  117493ms] [ERROR] Failed to load resource: net::ERR_FILE_NOT_FOUND @ blob:http://localhost:3004/703b4af4-8f65-4cc6-bf4f-013bb2a9fc41:0
[  117502ms] [ERROR] Failed to load resource: net::ERR_FILE_NOT_FOUND @ blob:http://localhost:3004/bbdff994-95c1-4ef9-9b65-d36085d52ae5:0
[  117519ms] [ERROR] Failed to load resource: net::ERR_FILE_NOT_FOUND @ blob:http://localhost:3004/fdddaadf-d7c9-40e3-b45b-bc5e1346bde7:0
[  117686ms] [ERROR] Failed to load resource: net::ERR_FILE_NOT_FOUND @ blob:http://localhost:3004/7f11c8da-bf8c-4b03-9e97-251bc9df5961:0
[  117820ms] [ERROR] Failed to load resource: net::ERR_FILE_NOT_FOUND @ blob:http://localhost:3004/9890800f-3bf6-4971-8a5d-52fb96b5be0b:0
[  118011ms] [ERROR] Failed to load resource: net::ERR_FILE_NOT_FOUND @ blob:http://localhost:3004/e153ef27-3093-42f3-a13f-a8623a9611b4:0
[  118276ms] [ERROR] Failed to load resource: net::ERR_FILE_NOT_FOUND @ blob:http://localhost:3004/a6382519-5064-450d-8c1a-661be64a0e92:0
[  118292ms] [ERROR] Failed to load resource: net::ERR_FILE_NOT_FOUND @ blob:http://localhost:3004/bb3c20de-dce7-4641-9918-af4fe8afb8d5:0
[  118319ms] [ERROR] Failed to load resource: net::ERR_FILE_NOT_FOUND @ blob:http://localhost:3004/875376c3-9a2a-48df-9caa-014a66bfb7fd:0
[  118329ms] [ERROR] Failed to load resource: net::ERR_FILE_NOT_FOUND @ blob:http://localhost:3004/648c7bdb-6b84-469b-aa98-6d5f8c85e6d7:0
[  118637ms] [ERROR] Failed to load resource: net::ERR_FILE_NOT_FOUND @ blob:http://localhost:3004/f93f66a0-8dcb-4e31-b30a-ff97bafeb15a:0
[  119271ms] [ERROR] Failed to load resource: net::ERR_FILE_NOT_FOUND @ blob:http://localhost:3004/6eb0f32e-7a3a-4399-bb6b-5b17274b891d:0
[  119279ms] [ERROR] Failed to load resource: net::ERR_FILE_NOT_FOUND @ blob:http://localhost:3004/d4bb9d6e-dceb-49bc-b6c8-436fa13bf685:0
[  119588ms] [ERROR] Failed to load resource: net::ERR_FILE_NOT_FOUND @ blob:http://localhost:3004/b0b2f936-d892-48b6-8d6c-c059ff31d31c:0
[  119599ms] [ERROR] Failed to load resource: net::ERR_FILE_NOT_FOUND @ blob:http://localhost:3004/13543898-dfd0-4655-a4ce-bd1f8d92205e:0
[  119604ms] [ERROR] Failed to load resource: net::ERR_FILE_NOT_FOUND @ blob:http://localhost:3004/112c4b16-880f-4b85-b94d-b1931db82441:0
[  119711ms] [ERROR] Failed to load resource: net::ERR_FILE_NOT_FOUND @ blob:http://localhost:3004/6665cf13-1159-4142-b121-efa73fd126c0:0
[  119721ms] [ERROR] Failed to load resource: net::ERR_FILE_NOT_FOUND @ blob:http://localhost:3004/087c74fe-1000-4ab6-9587-5efd7b2070ea:0
[  119812ms] [ERROR] Failed to load resource: net::ERR_FILE_NOT_FOUND @ blob:http://localhost:3004/59b76c37-6ba0-4609-a1aa-bcc7d3332804:0
[  120079ms] [ERROR] Failed to load resource: net::ERR_FILE_NOT_FOUND @ blob:http://localhost:3004/5c3d3f7d-15a3-4b67-95b0-cc836b10d901:0
[  120140ms] [ERROR] Failed to load resource: net::ERR_FILE_NOT_FOUND @ blob:http://localhost:3004/650409d4-1eb5-482c-aab7-c4e4523eca3b:0
[  120147ms] [ERROR] Failed to load resource: net::ERR_FILE_NOT_FOUND @ blob:http://localhost:3004/7562af92-fb88-494a-b924-43e3cf29b49f:0
[  120654ms] [ERROR] Failed to load resource: net::ERR_FILE_NOT_FOUND @ blob:http://localhost:3004/d8d13bfa-c432-4d2d-bc58-947fc9559ca9:0
[  120742ms] [ERROR] Failed to load resource: net::ERR_FILE_NOT_FOUND @ blob:http://localhost:3004/5601b6f1-8aba-4875-ab89-810c53d9d035:0
[  121386ms] [ERROR] Failed to load resource: net::ERR_FILE_NOT_FOUND @ blob:http://localhost:3004/888f2101-4660-4b93-9b6e-379d998d49e6:0
[  121522ms] [ERROR] Failed to load resource: net::ERR_FILE_NOT_FOUND @ blob:http://localhost:3004/60d9cf80-b08e-4a34-bc37-6b314dac1c73:0
[  122189ms] [ERROR] Failed to load resource: net::ERR_FILE_NOT_FOUND @ blob:http://localhost:3004/2ca31e4e-8ceb-4e6d-a7f2-76059d668876:0
[  122199ms] [ERROR] Failed to load resource: net::ERR_FILE_NOT_FOUND @ blob:http://localhost:3004/735eca98-1eb6-4b77-869a-7601b2ce62f1:0
[  122286ms] [ERROR] Failed to load resource: net::ERR_FILE_NOT_FOUND @ blob:http://localhost:3004/e68680d9-941c-4139-a620-36dfcf168e13:0
[  122309ms] [ERROR] Failed to load resource: net::ERR_FILE_NOT_FOUND @ blob:http://localhost:3004/f474cbfd-501d-4287-9992-b00860f6dda6:0
[  122354ms] [ERROR] Failed to load resource: net::ERR_FILE_NOT_FOUND @ blob:http://localhost:3004/54ab4f56-5011-4b09-bfa4-1071eb55b0ce:0
[  122643ms] [ERROR] Failed to load resource: net::ERR_FILE_NOT_FOUND @ blob:http://localhost:3004/d455671e-da31-408f-8285-938bffce2677:0
[  122779ms] [ERROR] Failed to load resource: net::ERR_FILE_NOT_FOUND @ blob:http://localhost:3004/c1ac264e-f428-4e5e-bd15-889b4639f893:0
[  122938ms] [ERROR] Failed to load resource: net::ERR_FILE_NOT_FOUND @ blob:http://localhost:3004/7fb657bd-ff0b-4c3d-ad0a-1ec72b6ee88b:0
[  123160ms] [ERROR] Failed to load resource: net::ERR_FILE_NOT_FOUND @ blob:http://localhost:3004/932fbf32-0247-440a-b3b6-05d2bff31f18:0
[  123854ms] [ERROR] Failed to load resource: net::ERR_FILE_NOT_FOUND @ blob:http://localhost:3004/566dec9f-a08e-4660-ac15-3a0ce1640369:0
[  124119ms] [ERROR] Failed to load resource: net::ERR_FILE_NOT_FOUND @ blob:http://localhost:3004/cd30f583-6dbd-4f00-b7eb-ad3a3c0c3c1d:0
[  124271ms] [ERROR] Failed to load resource: net::ERR_FILE_NOT_FOUND @ blob:http://localhost:3004/0de0d5d7-73d5-4e80-8902-0d84a87827fe:0
[  124856ms] [ERROR] Failed to load resource: net::ERR_FILE_NOT_FOUND @ blob:http://localhost:3004/aba66387-7562-4554-ab17-3ef6cf6e4a2e:0
[  125186ms] [ERROR] Failed to load resource: net::ERR_FILE_NOT_FOUND @ blob:http://localhost:3004/868b6d27-059b-4f71-bb54-a1d9dea17af4:0
[  125371ms] [ERROR] Failed to load resource: net::ERR_FILE_NOT_FOUND @ blob:http://localhost:3004/1a0972e7-43f3-41e7-a254-4d28845732c3:0
[  125408ms] [ERROR] Failed to load resource: net::ERR_FILE_NOT_FOUND @ blob:http://localhost:3004/394f34f0-e2f4-44fa-a14d-9a72c32f72cc:0
[  125510ms] [ERROR] Failed to load resource: net::ERR_FILE_NOT_FOUND @ blob:http://localhost:3004/ccf39898-57ce-4ffb-888e-773ca27efab0:0
[  125527ms] [ERROR] Failed to load resource: net::ERR_FILE_NOT_FOUND @ blob:http://localhost:3004/7664e0b0-79d6-4ca0-9a80-95340860134e:0
[  125703ms] [ERROR] Failed to load resource: net::ERR_FILE_NOT_FOUND @ blob:http://localhost:3004/52d3268b-69c2-4aa1-a3f3-e0f63b34811b:0
[  125967ms] [ERROR] Failed to load resource: net::ERR_FILE_NOT_FOUND @ blob:http://localhost:3004/4165d00b-74cd-4f4e-9d08-c74a68c60ba9:0
[  126421ms] [ERROR] Failed to load resource: net::ERR_FILE_NOT_FOUND @ blob:http://localhost:3004/92c5dc24-e025-4e57-ae74-174f32ac136d:0
[  126545ms] [ERROR] Failed to load resource: net::ERR_FILE_NOT_FOUND @ blob:http://localhost:3004/81c5e024-046d-478b-a033-946844cd4c1a:0
[  126554ms] [ERROR] Failed to load resource: net::ERR_FILE_NOT_FOUND @ blob:http://localhost:3004/bde299ca-ad59-4303-b7db-f9c7db2ce21d:0
[  127287ms] [ERROR] Failed to load resource: net::ERR_FILE_NOT_FOUND @ blob:http://localhost:3004/52cc091a-1d41-4766-8e65-53d37910498c:0
[  127476ms] [ERROR] Failed to load resource: net::ERR_FILE_NOT_FOUND @ blob:http://localhost:3004/17966ded-93c0-47a2-83ea-3caa3d4b4c6c:0
[  127510ms] [ERROR] Failed to load resource: net::ERR_FILE_NOT_FOUND @ blob:http://localhost:3004/11a9edb7-b685-47f5-98fb-75f828601a7a:0
[  128326ms] [ERROR] Failed to load resource: net::ERR_FILE_NOT_FOUND @ blob:http://localhost:3004/8b15e1f1-72a3-4b31-9fe0-d3c9e6aee9db:0
[  128437ms] [ERROR] Failed to load resource: net::ERR_FILE_NOT_FOUND @ blob:http://localhost:3004/71b1f2ec-fc28-4a9b-a5e8-26e92c89e3fd:0
[  128487ms] [ERROR] Failed to load resource: net::ERR_FILE_NOT_FOUND @ blob:http://localhost:3004/66edcca8-9ba3-49f5-8836-b5a2f0d91b6b:0
[  128630ms] [ERROR] Failed to load resource: net::ERR_FILE_NOT_FOUND @ blob:http://localhost:3004/93aa8817-f579-4f80-bbf9-fd81174fa889:0
[  129235ms] [ERROR] Failed to load resource: net::ERR_FILE_NOT_FOUND @ blob:http://localhost:3004/854a59ef-199d-4a5a-b150-6a817c34089c:0
[  129313ms] [ERROR] Failed to load resource: net::ERR_FILE_NOT_FOUND @ blob:http://localhost:3004/28db889a-9f00-4f23-886e-168d08db6e85:0
[  129519ms] [ERROR] Failed to load resource: net::ERR_FILE_NOT_FOUND @ blob:http://localhost:3004/5d95872e-194f-4ddc-bb0a-48775e95761d:0
[  130279ms] [ERROR] Failed to load resource: net::ERR_FILE_NOT_FOUND @ blob:http://localhost:3004/0508f8ea-be8f-48cf-a642-73a93df99a3e:0
[  130346ms] [LOG] [Fast Refresh] rebuilding @ http://localhost:3004/_next/static/chunks/node_modules_next_dist_115brz8._.js:2431
[  130358ms] [LOG] [Fast Refresh] done in 113ms @ http://localhost:3004/_next/static/chunks/node_modules_next_dist_115brz8._.js:2431
[  130503ms] [ERROR] Failed to load resource: net::ERR_FILE_NOT_FOUND @ blob:http://localhost:3004/5c77ae26-d885-4e2f-832c-feb73469bf58:0
[  130512ms] [ERROR] Failed to load resource: net::ERR_FILE_NOT_FOUND @ blob:http://localhost:3004/873d05ae-e983-4133-85aa-c65d24621d8f:0
[  131041ms] [ERROR] Failed to load resource: net::ERR_FILE_NOT_FOUND @ blob:http://localhost:3004/b6913a1f-1025-4a6e-98ae-cbfbb4b107f7:0
[  131188ms] [ERROR] Failed to load resource: net::ERR_FILE_NOT_FOUND @ blob:http://localhost:3004/cba4c6ee-aa12-4a66-95c7-98ec41182146:0
[  131244ms] [ERROR] Failed to load resource: net::ERR_FILE_NOT_FOUND @ blob:http://localhost:3004/507d1602-7312-4f5f-b0ad-26798bb59a55:0
[  131249ms] [ERROR] Failed to load resource: net::ERR_FILE_NOT_FOUND @ blob:http://localhost:3004/71cba4af-9c6c-489b-9494-9b274439f802:0
[  131256ms] [ERROR] Failed to load resource: net::ERR_FILE_NOT_FOUND @ blob:http://localhost:3004/04118aae-a9e8-4219-b8f2-aba9d8473dca:0
[  131320ms] [ERROR] Failed to load resource: net::ERR_FILE_NOT_FOUND @ blob:http://localhost:3004/07d4cc82-8d46-44cb-b4af-e7c7d5e40851:0
[  131375ms] [ERROR] Failed to load resource: net::ERR_FILE_NOT_FOUND @ blob:http://localhost:3004/8309b3a9-f8e7-4a58-8deb-c6cf812a44cb:0
[  131509ms] [ERROR] Failed to load resource: net::ERR_FILE_NOT_FOUND @ blob:http://localhost:3004/95bfc4cf-90a4-4284-9c19-d7b93614cde0:0
[  132122ms] [ERROR] Failed to load resource: net::ERR_FILE_NOT_FOUND @ blob:http://localhost:3004/69f26367-0871-4111-b499-b9799ddc819e:0
[  132155ms] [ERROR] Failed to load resource: net::ERR_FILE_NOT_FOUND @ blob:http://localhost:3004/ccb492a2-d1c5-40fa-8ff4-e2721d960d16:0
[  132237ms] [ERROR] Failed to load resource: net::ERR_FILE_NOT_FOUND @ blob:http://localhost:3004/78f7133f-5832-47ed-af57-7fde070a1bb8:0
[  132304ms] [ERROR] Failed to load resource: net::ERR_FILE_NOT_FOUND @ blob:http://localhost:3004/09dcdfa7-4ef2-4900-9727-5f6a41108929:0
[  132309ms] [ERROR] Failed to load resource: net::ERR_FILE_NOT_FOUND @ blob:http://localhost:3004/59b11b46-3712-4c0d-a935-8e12cac2594d:0
[  132329ms] [ERROR] Failed to load resource: net::ERR_FILE_NOT_FOUND @ blob:http://localhost:3004/1d5c6682-2ab1-43c4-8d6b-7d8f21867fa2:0
[  132377ms] [ERROR] Failed to load resource: net::ERR_FILE_NOT_FOUND @ blob:http://localhost:3004/ab79b32d-c2ae-4791-9d22-670356f5eb50:0
[  132387ms] [ERROR] Failed to load resource: net::ERR_FILE_NOT_FOUND @ blob:http://localhost:3004/a4cba9d5-aca7-4095-8e2d-cc671cab9b7d:0
[  132544ms] [ERROR] Failed to load resource: net::ERR_FILE_NOT_FOUND @ blob:http://localhost:3004/0fba8b6e-f661-48ef-b605-132b16d4b4c9:0
[  132622ms] [ERROR] Failed to load resource: net::ERR_FILE_NOT_FOUND @ blob:http://localhost:3004/1294690d-7fa2-40a0-b930-52b2aed6cced:0
[  132654ms] [ERROR] Failed to load resource: net::ERR_FILE_NOT_FOUND @ blob:http://localhost:3004/4787a037-7d4b-4616-891a-6dde726b9efc:0
[  132665ms] [ERROR] Failed to load resource: net::ERR_FILE_NOT_FOUND @ blob:http://localhost:3004/7ccd7726-5126-4931-9dc7-8c46633c5c53:0
[  133253ms] [ERROR] Failed to load resource: net::ERR_FILE_NOT_FOUND @ blob:http://localhost:3004/700a868a-d64c-4334-b93f-d1b9e5de93da:0
[  133412ms] [ERROR] Failed to load resource: net::ERR_FILE_NOT_FOUND @ blob:http://localhost:3004/05199d74-733c-41c6-92da-61ed88b89f87:0
[  133420ms] [ERROR] Failed to load resource: net::ERR_FILE_NOT_FOUND @ blob:http://localhost:3004/1a778746-fd61-4025-96f6-f0510c2432fc:0
[  133670ms] [ERROR] Failed to load resource: net::ERR_FILE_NOT_FOUND @ blob:http://localhost:3004/93f60409-ae2c-4c04-9784-427f007603d8:0
[  133682ms] [ERROR] Failed to load resource: net::ERR_FILE_NOT_FOUND @ blob:http://localhost:3004/51fc7349-fd83-44bc-bfae-b228f46115dd:0
[  133855ms] [ERROR] Failed to load resource: net::ERR_FILE_NOT_FOUND @ blob:http://localhost:3004/1b517687-159b-43b4-82b1-054b6c675531:0
[  134082ms] [ERROR] Failed to load resource: net::ERR_FILE_NOT_FOUND @ blob:http://localhost:3004/4c3a86eb-1d7d-4b94-9137-ee34ab747cc0:0
[  134089ms] [ERROR] Failed to load resource: net::ERR_FILE_NOT_FOUND @ blob:http://localhost:3004/be427f4b-5d3c-4214-be7c-13c88fb0d374:0
[  134104ms] [ERROR] Failed to load resource: net::ERR_FILE_NOT_FOUND @ blob:http://localhost:3004/5836dbbe-9a5c-4a1f-98df-8a91c4080ac9:0
[  134111ms] [ERROR] Failed to load resource: net::ERR_FILE_NOT_FOUND @ blob:http://localhost:3004/6d7a256a-e50c-46c0-bd87-70c0f1e5ae6e:0
[  134495ms] [ERROR] Failed to load resource: net::ERR_FILE_NOT_FOUND @ blob:http://localhost:3004/ed95fcda-177c-4730-8165-ae6b2581d45a:0
[  134505ms] [ERROR] Failed to load resource: net::ERR_FILE_NOT_FOUND @ blob:http://localhost:3004/02aeaf04-6b25-4d5b-aed7-8e0ae1e9f2a4:0
[  134547ms] [ERROR] Failed to load resource: net::ERR_FILE_NOT_FOUND @ blob:http://localhost:3004/271095ea-6b61-4d64-a2d1-2bffe461fc19:0
[  135074ms] [ERROR] Failed to load resource: net::ERR_FILE_NOT_FOUND @ blob:http://localhost:3004/2008df48-b32c-419b-a0d2-b453b8d73796:0
[  135096ms] [ERROR] Failed to load resource: net::ERR_FILE_NOT_FOUND @ blob:http://localhost:3004/b09161bc-fcb7-4659-bf0b-33aa81752800:0
[  135377ms] [ERROR] Failed to load resource: net::ERR_FILE_NOT_FOUND @ blob:http://localhost:3004/b097612c-787d-4024-89ff-eadc745a3013:0
[  135387ms] [ERROR] Failed to load resource: net::ERR_FILE_NOT_FOUND @ blob:http://localhost:3004/64c2d088-2162-4ba8-874b-6bc06a3dfa02:0
[  135631ms] [ERROR] Failed to load resource: net::ERR_FILE_NOT_FOUND @ blob:http://localhost:3004/4f02d2b3-66e9-4ad2-b941-8b36d4a05377:0
[  135722ms] [ERROR] Failed to load resource: net::ERR_FILE_NOT_FOUND @ blob:http://localhost:3004/8bb3db0d-719c-4aae-9db6-eaf204ca5d62:0
[  135799ms] [ERROR] Failed to load resource: net::ERR_FILE_NOT_FOUND @ blob:http://localhost:3004/caa6f7b3-d74c-4f23-b84e-06ccb128ce8e:0
[  135808ms] [ERROR] Failed to load resource: net::ERR_FILE_NOT_FOUND @ blob:http://localhost:3004/2262e105-7895-4265-a800-fa936c48f34a:0
[  135869ms] [ERROR] Failed to load resource: net::ERR_FILE_NOT_FOUND @ blob:http://localhost:3004/f2368204-cbb2-457f-8617-f98e1c82314f:0
[  136069ms] [ERROR] Failed to load resource: net::ERR_FILE_NOT_FOUND @ blob:http://localhost:3004/98685122-4472-4399-ac2a-66434c628bfc:0
[  136076ms] [ERROR] Failed to load resource: net::ERR_FILE_NOT_FOUND @ blob:http://localhost:3004/a018b850-690c-4dbd-89f9-0b60f419b3a6:0
[  136119ms] [ERROR] Failed to load resource: net::ERR_FILE_NOT_FOUND @ blob:http://localhost:3004/0bde6487-d081-4604-b2f3-e7f6f557425b:0
[  136210ms] [ERROR] Failed to load resource: net::ERR_FILE_NOT_FOUND @ blob:http://localhost:3004/21bef19e-f160-4507-a815-93235ce8b73e:0
[  136638ms] [ERROR] Failed to load resource: net::ERR_FILE_NOT_FOUND @ blob:http://localhost:3004/fba58deb-2bd6-4155-83af-c8c16b894426:0
[  136646ms] [ERROR] Failed to load resource: net::ERR_FILE_NOT_FOUND @ blob:http://localhost:3004/862b8ff3-176a-48f7-aafa-7d8bccbcdd06:0
[  136724ms] [ERROR] Failed to load resource: net::ERR_FILE_NOT_FOUND @ blob:http://localhost:3004/f1a29035-6dbb-4154-b50e-1d56c8fc5828:0
[  136753ms] [ERROR] Failed to load resource: net::ERR_FILE_NOT_FOUND @ blob:http://localhost:3004/4cf10ba2-e8a6-42ab-b137-7802bf88a21c:0
[  136796ms] [ERROR] Failed to load resource: net::ERR_FILE_NOT_FOUND @ blob:http://localhost:3004/f880f874-07b8-4f7e-b798-de70cb51c9c7:0
[  136818ms] [ERROR] Failed to load resource: net::ERR_FILE_NOT_FOUND @ blob:http://localhost:3004/8b54c02d-5ff6-4e86-a94a-b63562bee9f9:0
[  136831ms] [ERROR] Failed to load resource: net::ERR_FILE_NOT_FOUND @ blob:http://localhost:3004/dd0d162b-d00c-4494-8f19-de65a3253f0e:0
[  136890ms] [ERROR] Failed to load resource: net::ERR_FILE_NOT_FOUND @ blob:http://localhost:3004/6f2fce63-43e9-4ca9-8874-06487ecc89fa:0
[  136934ms] [ERROR] Failed to load resource: net::ERR_FILE_NOT_FOUND @ blob:http://localhost:3004/5c74a3ee-f519-4f5e-9852-4b7c6337e6e9:0
[  136966ms] [ERROR] Failed to load resource: net::ERR_FILE_NOT_FOUND @ blob:http://localhost:3004/59161b74-ed78-4848-80b3-d03fff51627b:0
[  137121ms] [ERROR] Failed to load resource: net::ERR_FILE_NOT_FOUND @ blob:http://localhost:3004/b1d66af4-0fd6-4698-8c6e-7cee83fa066f:0
[  137131ms] [ERROR] Failed to load resource: net::ERR_FILE_NOT_FOUND @ blob:http://localhost:3004/5555324a-1f3f-4049-a519-074af1896906:0
[  137165ms] [ERROR] Failed to load resource: net::ERR_FILE_NOT_FOUND @ blob:http://localhost:3004/2e5d9208-5fb1-44dd-b78a-048b7e5367f7:0
[  137347ms] [ERROR] Failed to load resource: net::ERR_FILE_NOT_FOUND @ blob:http://localhost:3004/1ed9fa85-77a5-441c-acd6-dd85a87008dc:0
[  137421ms] [ERROR] Failed to load resource: net::ERR_FILE_NOT_FOUND @ blob:http://localhost:3004/ee8bb009-41b8-47eb-a55c-dd51a1b42114:0
[  137765ms] [ERROR] Failed to load resource: net::ERR_FILE_NOT_FOUND @ blob:http://localhost:3004/616a891a-b084-4a39-8d68-43648233be96:0
[  137822ms] [ERROR] Failed to load resource: net::ERR_FILE_NOT_FOUND @ blob:http://localhost:3004/dbe562bb-e8ca-4437-aa44-5ed2598a1b99:0
[  138133ms] [ERROR] Failed to load resource: net::ERR_FILE_NOT_FOUND @ blob:http://localhost:3004/8e365967-142d-4a44-924e-e8d5b9fd8adc:0
[  138345ms] [ERROR] Failed to load resource: net::ERR_FILE_NOT_FOUND @ blob:http://localhost:3004/3999c502-079f-4534-a901-8f32c3086d23:0
[  138409ms] [ERROR] Failed to load resource: net::ERR_FILE_NOT_FOUND @ blob:http://localhost:3004/a3b90a10-fb3c-4169-b0c2-4b8b960380c9:0
[  138721ms] [ERROR] Failed to load resource: net::ERR_FILE_NOT_FOUND @ blob:http://localhost:3004/24bc66e1-8ff3-4550-9b02-73c21b838a1b:0
[  138754ms] [ERROR] Failed to load resource: net::ERR_FILE_NOT_FOUND @ blob:http://localhost:3004/e12526e4-9354-4cc8-8a08-63bac1d6e850:0
[  138806ms] [ERROR] Failed to load resource: net::ERR_FILE_NOT_FOUND @ blob:http://localhost:3004/1c815174-72a9-4749-a8e1-3445367ddea5:0
[  139145ms] [ERROR] Failed to load resource: net::ERR_FILE_NOT_FOUND @ blob:http://localhost:3004/31b1db7f-6566-450c-914c-b049aa8b154b:0
[  139156ms] [ERROR] Failed to load resource: net::ERR_FILE_NOT_FOUND @ blob:http://localhost:3004/2de1d952-8f58-4ce6-a41c-df2ab31ddba6:0
[  139171ms] [ERROR] Failed to load resource: net::ERR_FILE_NOT_FOUND @ blob:http://localhost:3004/2f17e254-8dbd-45d2-8fe2-40ee0094dfa2:0
[  139181ms] [ERROR] Failed to load resource: net::ERR_FILE_NOT_FOUND @ blob:http://localhost:3004/64fa2baf-97e4-4d47-af55-d7d5226c0285:0
[  139191ms] [ERROR] Failed to load resource: net::ERR_FILE_NOT_FOUND @ blob:http://localhost:3004/cce65fe3-de22-485f-9ff3-73ee9583cf46:0
[  139205ms] [ERROR] Failed to load resource: net::ERR_FILE_NOT_FOUND @ blob:http://localhost:3004/d6d007b6-4cbb-4386-a5e6-9ef08fb14b1e:0
[  139211ms] [ERROR] Failed to load resource: net::ERR_FILE_NOT_FOUND @ blob:http://localhost:3004/6b72468f-c410-429f-a079-d4e56fa00b12:0
[  139272ms] [ERROR] Failed to load resource: net::ERR_FILE_NOT_FOUND @ blob:http://localhost:3004/c50e0826-eb5d-4703-af8a-9adff33ce19b:0
[  139291ms] [ERROR] Failed to load resource: net::ERR_FILE_NOT_FOUND @ blob:http://localhost:3004/8f692dcc-c685-4b33-9f37-d26b6eb2699a:0
[  139305ms] [ERROR] Failed to load resource: net::ERR_FILE_NOT_FOUND @ blob:http://localhost:3004/ede4955a-7221-4eb2-8c2b-75037acf1634:0
[  139309ms] [ERROR] Failed to load resource: net::ERR_FILE_NOT_FOUND @ blob:http://localhost:3004/1e6d856d-a827-4861-9621-a5ea15423e14:0
[  139409ms] [ERROR] Failed to load resource: net::ERR_FILE_NOT_FOUND @ blob:http://localhost:3004/b5ed9370-799b-494c-bf73-6b64fa8427f1:0
[  139415ms] [ERROR] Failed to load resource: net::ERR_FILE_NOT_FOUND @ blob:http://localhost:3004/aa12b151-cf6c-4fc3-868f-d7fd03d4a45f:0
[  139438ms] [ERROR] Failed to load resource: net::ERR_FILE_NOT_FOUND @ blob:http://localhost:3004/5f2ee51b-4726-49dd-ad8f-849c631e5f30:0
[  139578ms] [ERROR] Failed to load resource: net::ERR_FILE_NOT_FOUND @ blob:http://localhost:3004/a53e0af9-d958-42d9-a739-9d1c1a60488c:0
[  139620ms] [ERROR] Failed to load resource: net::ERR_FILE_NOT_FOUND @ blob:http://localhost:3004/6caa05a8-cc49-4931-be56-c3880dda9b96:0
[  139764ms] [ERROR] Failed to load resource: net::ERR_FILE_NOT_FOUND @ blob:http://localhost:3004/2f195c5d-270b-48e6-860b-8874bac5e2cf:0
[  139771ms] [ERROR] Failed to load resource: net::ERR_FILE_NOT_FOUND @ blob:http://localhost:3004/768cd836-9fa8-434b-9eb8-7bf243b35062:0
[  139789ms] [ERROR] Failed to load resource: net::ERR_FILE_NOT_FOUND @ blob:http://localhost:3004/418ec897-c749-4499-b863-c96a1d537beb:0
[  139803ms] [ERROR] Failed to load resource: net::ERR_FILE_NOT_FOUND @ blob:http://localhost:3004/ba36167c-28a4-4089-9791-4495368027cb:0
[  139810ms] [ERROR] Failed to load resource: net::ERR_FILE_NOT_FOUND @ blob:http://localhost:3004/759177c4-597d-4950-947d-6d9ec0c9f9c7:0
[  139819ms] [ERROR] Failed to load resource: net::ERR_FILE_NOT_FOUND @ blob:http://localhost:3004/e01f53a3-6fcd-4f9a-b684-5a4fd95f6059:0
[  139840ms] [ERROR] Failed to load resource: net::ERR_FILE_NOT_FOUND @ blob:http://localhost:3004/9346c510-065d-4f29-ae81-e28cd1719071:0
[  139863ms] [ERROR] Failed to load resource: net::ERR_FILE_NOT_FOUND @ blob:http://localhost:3004/de13bd98-0ca5-4148-b695-c0770e63ffe3:0
[  139880ms] [ERROR] Failed to load resource: net::ERR_FILE_NOT_FOUND @ blob:http://localhost:3004/bcf44995-443b-4a46-b330-196b339ea0f0:0
[  139908ms] [ERROR] Failed to load resource: net::ERR_FILE_NOT_FOUND @ blob:http://localhost:3004/6b78e0f3-0c01-4b64-bfdd-d23a1f12fb7a:0
[  139940ms] [ERROR] Failed to load resource: net::ERR_FILE_NOT_FOUND @ blob:http://localhost:3004/2a38bc03-a4cc-4397-b0d8-ddcfbf9a1061:0
[  139973ms] [ERROR] Failed to load resource: net::ERR_FILE_NOT_FOUND @ blob:http://localhost:3004/487e0dc2-0e40-4601-a0da-252057455976:0
[  139992ms] [ERROR] Failed to load resource: net::ERR_FILE_NOT_FOUND @ blob:http://localhost:3004/86ac0682-8895-446d-8db8-7046b126aae7:0
[  140005ms] [ERROR] Failed to load resource: net::ERR_FILE_NOT_FOUND @ blob:http://localhost:3004/f9a0c16e-e1df-4b2f-add5-cef955317f83:0
[  140034ms] [ERROR] Failed to load resource: net::ERR_FILE_NOT_FOUND @ blob:http://localhost:3004/ffbf64a4-33fa-4a21-8881-7d87cd311e60:0
[  140054ms] [ERROR] Failed to load resource: net::ERR_FILE_NOT_FOUND @ blob:http://localhost:3004/baff15f7-9500-44ad-a7f4-c1b633ba1745:0
[  140067ms] [ERROR] Failed to load resource: net::ERR_FILE_NOT_FOUND @ blob:http://localhost:3004/d50ee684-e62a-4887-b4db-6642dbcbfbe6:0
[  140086ms] [ERROR] Failed to load resource: net::ERR_FILE_NOT_FOUND @ blob:http://localhost:3004/9bfd1a74-fd33-43d7-a640-fc326018532f:0
[  140173ms] [ERROR] Failed to load resource: net::ERR_FILE_NOT_FOUND @ blob:http://localhost:3004/4fc80f32-54d4-4eb0-9c2f-f9fc65df139b:0
[  140181ms] [ERROR] Failed to load resource: net::ERR_FILE_NOT_FOUND @ blob:http://localhost:3004/4129f83f-bed4-4f1f-8494-c56c1aaf3b70:0
[  140195ms] [ERROR] Failed to load resource: net::ERR_FILE_NOT_FOUND @ blob:http://localhost:3004/3bba3d7d-87b1-4c7a-9e28-60f1c6b3c965:0
[  140206ms] [ERROR] Failed to load resource: net::ERR_FILE_NOT_FOUND @ blob:http://localhost:3004/ccdeb666-1e0a-476a-a779-c468b88f7a52:0
[  140212ms] [ERROR] Failed to load resource: net::ERR_FILE_NOT_FOUND @ blob:http://localhost:3004/f8f67bbe-cef6-4046-b36d-c490e3e5f1a5:0
[  140323ms] [ERROR] Failed to load resource: net::ERR_FILE_NOT_FOUND @ blob:http://localhost:3004/4c1a67b0-ad79-4749-bbfc-5caa217db48c:0
[  140329ms] [ERROR] Failed to load resource: net::ERR_FILE_NOT_FOUND @ blob:http://localhost:3004/a9c3085e-6702-474a-8da4-09929937b5d7:0
[  140421ms] [ERROR] Failed to load resource: net::ERR_FILE_NOT_FOUND @ blob:http://localhost:3004/2cd1dff7-a9d5-4354-981f-e2b074cd7533:0
[  140505ms] [ERROR] Failed to load resource: net::ERR_FILE_NOT_FOUND @ blob:http://localhost:3004/43fa1098-b421-4087-aea7-b571c7d21aa6:0
[  140682ms] [ERROR] Failed to load resource: net::ERR_FILE_NOT_FOUND @ blob:http://localhost:3004/73990dc9-06ce-470f-809d-16384a2089f4:0
[  140706ms] [ERROR] Failed to load resource: net::ERR_FILE_NOT_FOUND @ blob:http://localhost:3004/a5532401-a9b8-4544-9e92-c5f758964c5f:0
[  140711ms] [ERROR] Failed to load resource: net::ERR_FILE_NOT_FOUND @ blob:http://localhost:3004/9f47c820-b22e-4b20-bf38-cd079b8e7a52:0
[  140814ms] [ERROR] Failed to load resource: net::ERR_FILE_NOT_FOUND @ blob:http://localhost:3004/9c9749a5-c73d-4013-9be5-3cbf93c992c0:0
[  140845ms] [ERROR] Failed to load resource: net::ERR_FILE_NOT_FOUND @ blob:http://localhost:3004/362e0de1-5361-43a8-a439-5cdcb0987266:0
[  140879ms] [ERROR] Failed to load resource: net::ERR_FILE_NOT_FOUND @ blob:http://localhost:3004/f03d6ef4-e7bb-4637-afc1-384ddeff7a9d:0
[  140890ms] [ERROR] Failed to load resource: net::ERR_FILE_NOT_FOUND @ blob:http://localhost:3004/304e0fb7-b1c6-49d2-9c65-bfb0c161bd16:0
[  140985ms] [ERROR] Failed to load resource: net::ERR_FILE_NOT_FOUND @ blob:http://localhost:3004/94f82ee0-e36e-4f90-9659-9734462e4712:0
[  141008ms] [ERROR] Failed to load resource: net::ERR_FILE_NOT_FOUND @ blob:http://localhost:3004/c8160746-4026-4018-85c4-f4d6254473a2:0
[  141014ms] [ERROR] Failed to load resource: net::ERR_FILE_NOT_FOUND @ blob:http://localhost:3004/baa0ae03-3048-4798-a67c-1503348501bd:0
[  141189ms] [ERROR] Failed to load resource: net::ERR_FILE_NOT_FOUND @ blob:http://localhost:3004/e117851c-431e-4a08-adfb-f8a8eefcdf46:0
[  141241ms] [ERROR] Failed to load resource: net::ERR_FILE_NOT_FOUND @ blob:http://localhost:3004/0b4ebd8c-daf2-4b4c-9eef-dc3f0486ff7f:0
[  141287ms] [ERROR] Failed to load resource: net::ERR_FILE_NOT_FOUND @ blob:http://localhost:3004/97225747-1f8b-4936-9bed-039e169ac402:0
[  141292ms] [ERROR] Failed to load resource: net::ERR_FILE_NOT_FOUND @ blob:http://localhost:3004/350c84c1-d3db-4152-87e7-f0e990491984:0
[  141300ms] [ERROR] Failed to load resource: net::ERR_FILE_NOT_FOUND @ blob:http://localhost:3004/c5fc3604-6dbe-4ce5-a2cd-9a7b81606d73:0
[  141338ms] [ERROR] Failed to load resource: net::ERR_FILE_NOT_FOUND @ blob:http://localhost:3004/106d6a38-7811-4aed-94f6-8e7266a78f4e:0
[  141364ms] [ERROR] Failed to load resource: net::ERR_FILE_NOT_FOUND @ blob:http://localhost:3004/db3a00d3-4111-44e7-b87a-49da684556d5:0
[  141372ms] [ERROR] Failed to load resource: net::ERR_FILE_NOT_FOUND @ blob:http://localhost:3004/b3415a9e-608b-4bf5-9cf7-30c442a895f1:0
[  141379ms] [ERROR] Failed to load resource: net::ERR_FILE_NOT_FOUND @ blob:http://localhost:3004/2803d8b3-dc85-4e71-b2b0-631ab2c13bc5:0
[  141564ms] [ERROR] Failed to load resource: net::ERR_FILE_NOT_FOUND @ blob:http://localhost:3004/d5311f4f-9c28-4e07-941b-dc79c22a9ac6:0
[  141576ms] [ERROR] Failed to load resource: net::ERR_FILE_NOT_FOUND @ blob:http://localhost:3004/30eb9a96-65de-45f2-aa18-5a8401ebb0b1:0
[  141585ms] [ERROR] Failed to load resource: net::ERR_FILE_NOT_FOUND @ blob:http://localhost:3004/e618e8ad-4c7e-4566-9e5a-152b2329c024:0
[  141780ms] [ERROR] Failed to load resource: net::ERR_FILE_NOT_FOUND @ blob:http://localhost:3004/f1a3b49f-2194-47b8-8857-16c3a2ea01f5:0
[  141789ms] [ERROR] Failed to load resource: net::ERR_FILE_NOT_FOUND @ blob:http://localhost:3004/cdd73787-2a57-4a38-b924-52fc544c860d:0
[  141800ms] [ERROR] Failed to load resource: net::ERR_FILE_NOT_FOUND @ blob:http://localhost:3004/06850f09-2ec6-430a-ad46-1eae568a40b4:0
[  141812ms] [ERROR] Failed to load resource: net::ERR_FILE_NOT_FOUND @ blob:http://localhost:3004/d85455bd-472d-4ab9-900f-e04aee47592a:0
[  141853ms] [ERROR] Failed to load resource: net::ERR_FILE_NOT_FOUND @ blob:http://localhost:3004/e226f646-7066-43d2-99d3-00eb1d835fed:0
[  141862ms] [ERROR] Failed to load resource: net::ERR_FILE_NOT_FOUND @ blob:http://localhost:3004/4c8facbf-368e-49ce-9fe7-972554192990:0
[  141905ms] [ERROR] Failed to load resource: net::ERR_FILE_NOT_FOUND @ blob:http://localhost:3004/3911fd2a-ace0-45cb-b7be-e6c05663c59a:0
[  141932ms] [ERROR] Failed to load resource: net::ERR_FILE_NOT_FOUND @ blob:http://localhost:3004/c1d1cf74-b45d-4323-91a6-dbe60cf92292:0
[  141977ms] [ERROR] Failed to load resource: net::ERR_FILE_NOT_FOUND @ blob:http://localhost:3004/8783e8e3-e5a0-489d-9e4b-5faa4282f2ae:0
[  142069ms] [ERROR] Failed to load resource: net::ERR_FILE_NOT_FOUND @ blob:http://localhost:3004/4c38d9b6-e63d-4867-8008-c5f345a651c9:0
[  142087ms] [ERROR] Failed to load resource: net::ERR_FILE_NOT_FOUND @ blob:http://localhost:3004/4dc0e911-0c85-4ae8-92c7-c356964b59ee:0
[  142122ms] [ERROR] Failed to load resource: net::ERR_FILE_NOT_FOUND @ blob:http://localhost:3004/76799af9-e42a-4a9d-8ff0-c3ff8380aaf7:0
[  142172ms] [ERROR] Failed to load resource: net::ERR_FILE_NOT_FOUND @ blob:http://localhost:3004/67ef6887-a3c0-4775-ae12-44b03b57de79:0
[  142228ms] [ERROR] Failed to load resource: net::ERR_FILE_NOT_FOUND @ blob:http://localhost:3004/4269c399-a64b-4d5c-9e8e-27aeeb3e1bd0:0
[  142242ms] [ERROR] Failed to load resource: net::ERR_FILE_NOT_FOUND @ blob:http://localhost:3004/102e581b-d6c0-4bf3-8f7d-7d77ea41fa6f:0
[  142252ms] [ERROR] Failed to load resource: net::ERR_FILE_NOT_FOUND @ blob:http://localhost:3004/4d13da31-9606-4aea-a6e4-b09247a153cd:0
[  142263ms] [ERROR] Failed to load resource: net::ERR_FILE_NOT_FOUND @ blob:http://localhost:3004/8f89a277-5035-4180-b85a-30448fddc8b0:0
[  142272ms] [ERROR] Failed to load resource: net::ERR_FILE_NOT_FOUND @ blob:http://localhost:3004/3a961c48-371e-46d5-9b6a-b887d84d121c:0
[  142321ms] [ERROR] Failed to load resource: net::ERR_FILE_NOT_FOUND @ blob:http://localhost:3004/3c414d98-24bb-4715-849a-11f91349383f:0
[  142422ms] [ERROR] Failed to load resource: net::ERR_FILE_NOT_FOUND @ blob:http://localhost:3004/e3dc8c07-5d60-4e51-a4e1-f4a2ab51cbdb:0
[  142454ms] [ERROR] Failed to load resource: net::ERR_FILE_NOT_FOUND @ blob:http://localhost:3004/3998d07c-c461-45bc-a48f-2bcbdeaef1bc:0
[  142471ms] [ERROR] Failed to load resource: net::ERR_FILE_NOT_FOUND @ blob:http://localhost:3004/54854119-98cb-463b-af72-2ce51fff5a56:0
[  142487ms] [ERROR] Failed to load resource: net::ERR_FILE_NOT_FOUND @ blob:http://localhost:3004/92cb9c77-8371-418e-b12d-ec9438d7e5c4:0
[  142544ms] [ERROR] Failed to load resource: net::ERR_FILE_NOT_FOUND @ blob:http://localhost:3004/5b9dd03d-6267-43e7-88a7-a2885432a452:0
[  142622ms] [ERROR] Failed to load resource: net::ERR_FILE_NOT_FOUND @ blob:http://localhost:3004/6e9b0e04-f117-455b-a494-f03f55931a26:0
[  142647ms] [ERROR] Failed to load resource: net::ERR_FILE_NOT_FOUND @ blob:http://localhost:3004/c3f58fb9-80ae-4f63-9646-58c3df00f589:0
[  142654ms] [ERROR] Failed to load resource: net::ERR_FILE_NOT_FOUND @ blob:http://localhost:3004/697d2e05-2256-4fa8-aaa1-8c2d6e146443:0
[  142778ms] [ERROR] Failed to load resource: net::ERR_FILE_NOT_FOUND @ blob:http://localhost:3004/be4cc11a-3e30-41c2-80cc-7f5e23793b6e:0
[  142787ms] [ERROR] Failed to load resource: net::ERR_FILE_NOT_FOUND @ blob:http://localhost:3004/1a7172fa-0580-47f8-91ef-575bc559a895:0
[  142848ms] [ERROR] Failed to load resource: net::ERR_FILE_NOT_FOUND @ blob:http://localhost:3004/7d011d1f-39b3-4fcf-95a2-4f2bbaf65992:0
[  142864ms] [ERROR] Failed to load resource: net::ERR_FILE_NOT_FOUND @ blob:http://localhost:3004/c032f007-e787-454c-9d63-6a23ea236f8b:0
[  142872ms] [ERROR] Failed to load resource: net::ERR_FILE_NOT_FOUND @ blob:http://localhost:3004/1853c599-3294-4d47-8df1-024c25ff193a:0
[  142878ms] [ERROR] Failed to load resource: net::ERR_FILE_NOT_FOUND @ blob:http://localhost:3004/af527cf4-a381-4f65-b073-ef6a931e3c4a:0
[  142897ms] [ERROR] Failed to load resource: net::ERR_FILE_NOT_FOUND @ blob:http://localhost:3004/b0479df1-ed37-4d57-bb10-93957ec26c75:0
[  143021ms] [ERROR] Failed to load resource: net::ERR_FILE_NOT_FOUND @ blob:http://localhost:3004/b9d5f91c-8342-4426-bcaa-88ad6d84ccd5:0
[  143047ms] [ERROR] Failed to load resource: net::ERR_FILE_NOT_FOUND @ blob:http://localhost:3004/da02580c-a6c1-413e-8088-99a507d06f22:0
[  143054ms] [ERROR] Failed to load resource: net::ERR_FILE_NOT_FOUND @ blob:http://localhost:3004/4b74cd5f-9352-4a8d-bcb0-31a86c5d99ba:0
[  143080ms] [ERROR] Failed to load resource: net::ERR_FILE_NOT_FOUND @ blob:http://localhost:3004/a81a8634-3aeb-4dbf-9210-3bdfeaead966:0
[  143105ms] [ERROR] Failed to load resource: net::ERR_FILE_NOT_FOUND @ blob:http://localhost:3004/1fdb39d3-a053-4472-9697-7a9923012571:0
[  143209ms] [ERROR] Failed to load resource: net::ERR_FILE_NOT_FOUND @ blob:http://localhost:3004/a80ff103-a56e-400c-bac6-8ad4c7103fe7:0
[  143228ms] [ERROR] Failed to load resource: net::ERR_FILE_NOT_FOUND @ blob:http://localhost:3004/469fcda7-7998-4ca4-8714-bc36212ccaf1:0
[  143244ms] [ERROR] Failed to load resource: net::ERR_FILE_NOT_FOUND @ blob:http://localhost:3004/b0e45d46-ba1f-4148-9437-ac3c7550f65e:0
[  143387ms] [ERROR] Failed to load resource: net::ERR_FILE_NOT_FOUND @ blob:http://localhost:3004/dca953e5-ab3f-48f1-a0a0-a7434bcbd4d4:0
[  143409ms] [ERROR] Failed to load resource: net::ERR_FILE_NOT_FOUND @ blob:http://localhost:3004/baa2543f-43d4-4d18-b16a-b120e09967bb:0
[  143419ms] [ERROR] Failed to load resource: net::ERR_FILE_NOT_FOUND @ blob:http://localhost:3004/6b2e0c14-13c8-4367-bbdf-43fa6a06f445:0
[  143486ms] [ERROR] Failed to load resource: net::ERR_FILE_NOT_FOUND @ blob:http://localhost:3004/68a1e74c-9428-4696-975e-1b995c4717b2:0
[  143510ms] [ERROR] Failed to load resource: net::ERR_FILE_NOT_FOUND @ blob:http://localhost:3004/b3d057c2-e475-4375-9795-1e112991c11a:0
[  143566ms] [ERROR] Failed to load resource: net::ERR_FILE_NOT_FOUND @ blob:http://localhost:3004/af2ef46d-292a-4d32-b251-78d5c876545d:0
[  143573ms] [ERROR] Failed to load resource: net::ERR_FILE_NOT_FOUND @ blob:http://localhost:3004/3b6355be-a4af-45bb-8230-c3e965ad9db4:0
[  143577ms] [ERROR] Failed to load resource: net::ERR_FILE_NOT_FOUND @ blob:http://localhost:3004/19c1cf2f-e5db-4902-a269-286a9d9ecbb9:0
[  143589ms] [ERROR] Failed to load resource: net::ERR_FILE_NOT_FOUND @ blob:http://localhost:3004/202594ed-3003-42d7-939d-11af4b981393:0
[  143597ms] [ERROR] Failed to load resource: net::ERR_FILE_NOT_FOUND @ blob:http://localhost:3004/cfad9671-7e7a-4156-84bf-043603b09e24:0
[  143609ms] [ERROR] Failed to load resource: net::ERR_FILE_NOT_FOUND @ blob:http://localhost:3004/8145717a-6c8a-4ed9-a677-1d4de58d8d76:0
[  143620ms] [ERROR] Failed to load resource: net::ERR_FILE_NOT_FOUND @ blob:http://localhost:3004/a2018d03-baee-4722-9538-05ed4a0be6d6:0
[  143687ms] [ERROR] Failed to load resource: net::ERR_FILE_NOT_FOUND @ blob:http://localhost:3004/d39d7856-13c0-41bb-b656-1244f9c2b1e0:0
[  143776ms] [ERROR] Failed to load resource: net::ERR_FILE_NOT_FOUND @ blob:http://localhost:3004/21de7940-b801-489d-8b54-46c5739755f1:0
[  143872ms] [ERROR] Failed to load resource: net::ERR_FILE_NOT_FOUND @ blob:http://localhost:3004/ebe803d5-9fca-4c58-b10c-a400d2d2c053:0
[  143889ms] [ERROR] Failed to load resource: net::ERR_FILE_NOT_FOUND @ blob:http://localhost:3004/68bf2c9f-bd01-4f1c-832f-f0199434f2ed:0
[  143899ms] [ERROR] Failed to load resource: net::ERR_FILE_NOT_FOUND @ blob:http://localhost:3004/f65e2f67-a49a-4510-bff8-d5a0af14961e:0
[  143922ms] [ERROR] Failed to load resource: net::ERR_FILE_NOT_FOUND @ blob:http://localhost:3004/d9b1b37b-1bec-4652-98f2-f35633308d5a:0
[  143939ms] [ERROR] Failed to load resource: net::ERR_FILE_NOT_FOUND @ blob:http://localhost:3004/99f2127e-aa6a-482d-bb99-596b59187bf3:0
[  143953ms] [ERROR] Failed to load resource: net::ERR_FILE_NOT_FOUND @ blob:http://localhost:3004/25a6445f-0953-4a5e-9faa-b16cab491be5:0
[  143963ms] [ERROR] Failed to load resource: net::ERR_FILE_NOT_FOUND @ blob:http://localhost:3004/be3d5e59-151d-4dc4-b3c6-a75471c198d1:0
[  143975ms] [ERROR] Failed to load resource: net::ERR_FILE_NOT_FOUND @ blob:http://localhost:3004/98ea7379-0926-4334-8a20-0aeedd035833:0
[  143987ms] [ERROR] Failed to load resource: net::ERR_FILE_NOT_FOUND @ blob:http://localhost:3004/6e04363b-542a-4c1b-b650-0416224528fa:0
[  144003ms] [ERROR] Failed to load resource: net::ERR_FILE_NOT_FOUND @ blob:http://localhost:3004/a0175605-b320-4feb-91f8-009a62237d4b:0
[  144010ms] [ERROR] Failed to load resource: net::ERR_FILE_NOT_FOUND @ blob:http://localhost:3004/76704eca-dc19-4a9a-8b25-eb470f952175:0
[  144021ms] [ERROR] Failed to load resource: net::ERR_FILE_NOT_FOUND @ blob:http://localhost:3004/25c3f96e-4616-42d5-9def-554ad66beb62:0
[  144029ms] [ERROR] Failed to load resource: net::ERR_FILE_NOT_FOUND @ blob:http://localhost:3004/8c981f4e-d0ce-4666-9498-aab3f009ae23:0
[  144041ms] [ERROR] Failed to load resource: net::ERR_FILE_NOT_FOUND @ blob:http://localhost:3004/3b83445c-1eb0-4218-97b6-b63bd98e0e94:0
[  144049ms] [ERROR] Failed to load resource: net::ERR_FILE_NOT_FOUND @ blob:http://localhost:3004/3f0120f8-e84a-4c67-aef0-d609539a22a6:0
[  144055ms] [ERROR] Failed to load resource: net::ERR_FILE_NOT_FOUND @ blob:http://localhost:3004/7d9519e1-a313-4825-b177-99b862ecb95c:0
[  144072ms] [ERROR] Failed to load resource: net::ERR_FILE_NOT_FOUND @ blob:http://localhost:3004/de19b521-2466-4499-aa35-33bf916471c1:0
[  144080ms] [ERROR] Failed to load resource: net::ERR_FILE_NOT_FOUND @ blob:http://localhost:3004/ce0ab04f-e716-41af-8f43-35d2f46b95c0:0
[  144091ms] [ERROR] Failed to load resource: net::ERR_FILE_NOT_FOUND @ blob:http://localhost:3004/1d9369b1-4d6b-4f38-87c0-cd2b18a331d1:0
[  144105ms] [ERROR] Failed to load resource: net::ERR_FILE_NOT_FOUND @ blob:http://localhost:3004/282108e4-89a2-480d-be61-71d9670e5194:0
[  144110ms] [ERROR] Failed to load resource: net::ERR_FILE_NOT_FOUND @ blob:http://localhost:3004/a436bd4c-4714-4968-9a67-24f53779cdce:0
[  144138ms] [ERROR] Failed to load resource: net::ERR_FILE_NOT_FOUND @ blob:http://localhost:3004/f159c0a1-f7b5-4e17-be0a-48c4205e2a0b:0
[  144165ms] [ERROR] Failed to load resource: net::ERR_FILE_NOT_FOUND @ blob:http://localhost:3004/7dbde247-5f9d-4b11-948a-ca1b1c762d1e:0
[  144180ms] [ERROR] Failed to load resource: net::ERR_FILE_NOT_FOUND @ blob:http://localhost:3004/d3e9a34f-fe98-4962-b881-41be6b8f99c3:0
[  144190ms] [ERROR] Failed to load resource: net::ERR_FILE_NOT_FOUND @ blob:http://localhost:3004/aaab46df-8470-44e4-92fd-7068b0631108:0
[  144203ms] [ERROR] Failed to load resource: net::ERR_FILE_NOT_FOUND @ blob:http://localhost:3004/68303547-9f76-4250-bb84-3916a281e15f:0
[  144221ms] [ERROR] Failed to load resource: net::ERR_FILE_NOT_FOUND @ blob:http://localhost:3004/74d49827-bb79-4a19-86ca-cb4261e9fc87:0
[  144340ms] [ERROR] Failed to load resource: net::ERR_FILE_NOT_FOUND @ blob:http://localhost:3004/2e69b24e-b058-49e6-a604-ab6877670592:0
[  144346ms] [ERROR] Failed to load resource: net::ERR_FILE_NOT_FOUND @ blob:http://localhost:3004/8077e5c3-f723-47b7-8322-ec0274c5f05c:0
[  144354ms] [ERROR] Failed to load resource: net::ERR_FILE_NOT_FOUND @ blob:http://localhost:3004/ff84365a-4041-4168-9efb-b3e8154e6b7c:0
[  144364ms] [ERROR] Failed to load resource: net::ERR_FILE_NOT_FOUND @ blob:http://localhost:3004/d0b759e9-6efc-4d31-92bf-06546abb6771:0
[  144370ms] [ERROR] Failed to load resource: net::ERR_FILE_NOT_FOUND @ blob:http://localhost:3004/1e562a46-b2d4-44ea-a6df-d1b13150b1c5:0
[  144377ms] [ERROR] Failed to load resource: net::ERR_FILE_NOT_FOUND @ blob:http://localhost:3004/26ffa17b-e19f-4522-bd65-6643279116a4:0
[  144387ms] [ERROR] Failed to load resource: net::ERR_FILE_NOT_FOUND @ blob:http://localhost:3004/9e4098d3-b3d4-42f3-ad28-647302fe2c33:0
[  144410ms] [ERROR] Failed to load resource: net::ERR_FILE_NOT_FOUND @ blob:http://localhost:3004/ef6486e5-214c-428f-ac44-c1c9d483b42d:0
[  144420ms] [ERROR] Failed to load resource: net::ERR_FILE_NOT_FOUND @ blob:http://localhost:3004/1eeafba8-7af8-4fc6-a8c4-ad3cc52b5805:0
[  144436ms] [ERROR] Failed to load resource: net::ERR_FILE_NOT_FOUND @ blob:http://localhost:3004/f89c98d9-a958-4436-9ddf-2ebb15f716fc:0
[  144471ms] [ERROR] Failed to load resource: net::ERR_FILE_NOT_FOUND @ blob:http://localhost:3004/f7b77a19-6fa0-48bc-a739-1c3ae729a0fd:0
[  144487ms] [ERROR] Failed to load resource: net::ERR_FILE_NOT_FOUND @ blob:http://localhost:3004/51c25847-146a-408a-b358-37809e0e1443:0
[  144528ms] [ERROR] Failed to load resource: net::ERR_FILE_NOT_FOUND @ blob:http://localhost:3004/56c296c4-1e6e-4205-9bee-d786e3af67cc:0
[  144571ms] [ERROR] Failed to load resource: net::ERR_FILE_NOT_FOUND @ blob:http://localhost:3004/b94dce77-089e-4256-a155-4254f8ae4c70:0
[  144609ms] [ERROR] Failed to load resource: net::ERR_FILE_NOT_FOUND @ blob:http://localhost:3004/ffb5518f-9538-4ae8-987a-b9bb4a34fedd:0
[  144657ms] [ERROR] Failed to load resource: net::ERR_FILE_NOT_FOUND @ blob:http://localhost:3004/c9449b06-ac08-4009-9501-1fdb9c895919:0
[  144676ms] [ERROR] Failed to load resource: net::ERR_FILE_NOT_FOUND @ blob:http://localhost:3004/0c8b704c-44ee-41ee-a194-a7f65005e70c:0
[  144681ms] [ERROR] Failed to load resource: net::ERR_FILE_NOT_FOUND @ blob:http://localhost:3004/00e11e3a-7e52-4572-8530-281baf4e299c:0
[  144692ms] [ERROR] Failed to load resource: net::ERR_FILE_NOT_FOUND @ blob:http://localhost:3004/25223fe0-2810-41bc-b813-bc3e8a319eb3:0
[  144703ms] [ERROR] Failed to load resource: net::ERR_FILE_NOT_FOUND @ blob:http://localhost:3004/713803c8-0322-44ea-bb0e-60056b0b44ca:0
[  144710ms] [ERROR] Failed to load resource: net::ERR_FILE_NOT_FOUND @ blob:http://localhost:3004/648ea818-3c27-4211-b074-7c2fc59b035f:0
[  144719ms] [ERROR] Failed to load resource: net::ERR_FILE_NOT_FOUND @ blob:http://localhost:3004/d15c1de2-7867-43cf-8ddb-a043494e2693:0
[  144725ms] [ERROR] Failed to load resource: net::ERR_FILE_NOT_FOUND @ blob:http://localhost:3004/b0f55068-613c-48ce-8b96-a7d9f8855bbb:0
[  144736ms] [ERROR] Failed to load resource: net::ERR_FILE_NOT_FOUND @ blob:http://localhost:3004/f744c7e9-810a-4ef5-943f-df26d498a04a:0
[  144741ms] [ERROR] Failed to load resource: net::ERR_FILE_NOT_FOUND @ blob:http://localhost:3004/1da3be77-4869-48b0-b765-466630b33246:0
[  144846ms] [ERROR] Failed to load resource: net::ERR_FILE_NOT_FOUND @ blob:http://localhost:3004/0ecdbb29-371c-4a44-87ef-f5d49ab151c1:0
[  144882ms] [ERROR] Failed to load resource: net::ERR_FILE_NOT_FOUND @ blob:http://localhost:3004/578166d7-4426-43cd-bcf2-74600c9439bf:0
[  144913ms] [ERROR] Failed to load resource: net::ERR_FILE_NOT_FOUND @ blob:http://localhost:3004/216793ba-e588-4e97-8094-f1352ab8e550:0
[  144921ms] [ERROR] Failed to load resource: net::ERR_FILE_NOT_FOUND @ blob:http://localhost:3004/02e3d8e2-3a90-4436-87b9-cb41249e608f:0
[  144925ms] [ERROR] Failed to load resource: net::ERR_FILE_NOT_FOUND @ blob:http://localhost:3004/01c3c8a3-18ad-4620-b620-d8ae61b6a21b:0
[  144938ms] [ERROR] Failed to load resource: net::ERR_FILE_NOT_FOUND @ blob:http://localhost:3004/c3b03540-e388-4eea-ba62-15f41f3be4cd:0
[  145020ms] [ERROR] Failed to load resource: net::ERR_FILE_NOT_FOUND @ blob:http://localhost:3004/d3f235c4-4c9b-4447-924e-d5abf2e4e5f5:0
[  145045ms] [ERROR] Failed to load resource: net::ERR_FILE_NOT_FOUND @ blob:http://localhost:3004/da012707-4aff-4286-8721-f2ddb563b573:0
[  145320ms] [ERROR] Failed to load resource: net::ERR_FILE_NOT_FOUND @ blob:http://localhost:3004/41e19153-06e9-4c25-af85-e28956a4e8a5:0
[  145370ms] [ERROR] Failed to load resource: net::ERR_FILE_NOT_FOUND @ blob:http://localhost:3004/6b4f0fc2-a1b6-47bc-810b-5f7abb049343:0
[  145859ms] [ERROR] Failed to load resource: net::ERR_FILE_NOT_FOUND @ blob:http://localhost:3004/02db0f27-1ee0-4b0c-9bf5-394c1f8ea1b2:0
[  146571ms] [ERROR] Failed to load resource: net::ERR_FILE_NOT_FOUND @ blob:http://localhost:3004/01e2d1a7-f3cb-483f-b20d-a95cc11907f2:0
[  147386ms] [ERROR] Failed to load resource: net::ERR_FILE_NOT_FOUND @ blob:http://localhost:3004/30c8f412-dbfa-4fa6-8bc8-dbb4aa5f38c7:0
[  147609ms] [ERROR] Failed to load resource: net::ERR_FILE_NOT_FOUND @ blob:http://localhost:3004/fc8af221-fcad-474e-8670-91f332566f3b:0
[  147836ms] [ERROR] Failed to load resource: net::ERR_FILE_NOT_FOUND @ blob:http://localhost:3004/52d1b50f-9415-4c3b-a2de-b7f24bfddb9b:0
[  148052ms] [ERROR] Failed to load resource: net::ERR_FILE_NOT_FOUND @ blob:http://localhost:3004/2a04c5bb-30b7-46d6-bb6e-4e7282e6f2d2:0
[  148602ms] [ERROR] Failed to load resource: net::ERR_FILE_NOT_FOUND @ blob:http://localhost:3004/e3989c7c-2c4e-47e9-8b67-e445c59c48d4:0
[  149371ms] [ERROR] Failed to load resource: net::ERR_FILE_NOT_FOUND @ blob:http://localhost:3004/a8d1004a-2f74-4bf9-97c8-a6cfb0445b2d:0
[  149520ms] [ERROR] Failed to load resource: net::ERR_FILE_NOT_FOUND @ blob:http://localhost:3004/e896c69a-bd51-4100-bff3-80ba7809cbf3:0
[  149554ms] [ERROR] Failed to load resource: net::ERR_FILE_NOT_FOUND @ blob:http://localhost:3004/c8647312-d755-4df1-b318-0d4288b088a4:0
[  149569ms] [ERROR] Failed to load resource: net::ERR_FILE_NOT_FOUND @ blob:http://localhost:3004/418c51af-0fa1-443a-b67b-7e71648b15cd:0
[  150223ms] [ERROR] Failed to load resource: net::ERR_FILE_NOT_FOUND @ blob:http://localhost:3004/31d9d45c-771a-4497-bc9c-b9399451463a:0
[  150309ms] [ERROR] Failed to load resource: net::ERR_FILE_NOT_FOUND @ blob:http://localhost:3004/0231fd18-18ea-4322-83f9-f6207f174ef7:0
[  150542ms] [ERROR] Failed to load resource: net::ERR_FILE_NOT_FOUND @ blob:http://localhost:3004/16079bd8-5785-4934-8cf9-5c6f94f9897a:0
[  150595ms] [ERROR] Failed to load resource: net::ERR_FILE_NOT_FOUND @ blob:http://localhost:3004/d7d390bc-cc8a-4bbc-8c83-00487b5d8087:0
[  150619ms] [ERROR] Failed to load resource: net::ERR_FILE_NOT_FOUND @ blob:http://localhost:3004/a6493a99-d914-493f-9ab1-2037d6c6ab77:0
[  150860ms] [ERROR] Failed to load resource: net::ERR_FILE_NOT_FOUND @ blob:http://localhost:3004/20c67f8e-46d3-487d-9f4e-22c7a5dd1412:0
[  150953ms] [ERROR] Failed to load resource: net::ERR_FILE_NOT_FOUND @ blob:http://localhost:3004/7e4a2938-1300-46f0-a0bc-5d709e83901b:0
[  151386ms] [ERROR] Failed to load resource: net::ERR_FILE_NOT_FOUND @ blob:http://localhost:3004/5fbbf345-cd58-4ae7-825b-260116dc84b7:0
[  151404ms] [ERROR] Failed to load resource: net::ERR_FILE_NOT_FOUND @ blob:http://localhost:3004/39345d05-535e-475d-ba74-42a734b6e831:0
[  151489ms] [ERROR] Failed to load resource: net::ERR_FILE_NOT_FOUND @ blob:http://localhost:3004/e0d20d7a-ee40-4511-9b6c-0ace04d249ed:0
[  152109ms] [ERROR] Failed to load resource: net::ERR_FILE_NOT_FOUND @ blob:http://localhost:3004/547f9ab2-223d-4a11-bae0-c6cbd7170c73:0
[  152153ms] [ERROR] Failed to load resource: net::ERR_FILE_NOT_FOUND @ blob:http://localhost:3004/4fd5ce0b-a73f-475a-ae8a-fdb55bb1b03a:0
[  152322ms] [ERROR] Failed to load resource: net::ERR_FILE_NOT_FOUND @ blob:http://localhost:3004/93f5ab8f-59cb-47c1-8153-39136fa27591:0
[  152588ms] [ERROR] Failed to load resource: net::ERR_FILE_NOT_FOUND @ blob:http://localhost:3004/41e22452-35c0-4c7b-be96-5f79212fc7dc:0
[  152979ms] [ERROR] Failed to load resource: net::ERR_FILE_NOT_FOUND @ blob:http://localhost:3004/f37374ca-ee53-4f11-bc6f-ced4f790736b:0
[  153186ms] [ERROR] Failed to load resource: net::ERR_FILE_NOT_FOUND @ blob:http://localhost:3004/92f160f7-c8e9-4fe9-aab4-9e856f21cc4a:0
[  153227ms] [ERROR] Failed to load resource: net::ERR_FILE_NOT_FOUND @ blob:http://localhost:3004/51fff7c1-5f1f-4b90-b592-1223cbdd982c:0
[  153554ms] [ERROR] Failed to load resource: net::ERR_FILE_NOT_FOUND @ blob:http://localhost:3004/3fac9d5d-1954-4221-9b12-70da5a4afeca:0
[  154102ms] [ERROR] Failed to load resource: net::ERR_FILE_NOT_FOUND @ blob:http://localhost:3004/3faa0b34-17c1-4f71-92e4-2555f666d4e0:0
[  154558ms] [ERROR] Failed to load resource: net::ERR_FILE_NOT_FOUND @ blob:http://localhost:3004/3bd94361-0aa9-46c9-b620-76f26fd60734:0
[  154759ms] [ERROR] Failed to load resource: net::ERR_FILE_NOT_FOUND @ blob:http://localhost:3004/94ea42b3-5198-46c1-b1b7-11bc7ffe7779:0
[  155155ms] [ERROR] Failed to load resource: net::ERR_FILE_NOT_FOUND @ blob:http://localhost:3004/d63d972f-a316-49b0-bca3-cf61ee5a905f:0
[  155404ms] [ERROR] Failed to load resource: net::ERR_FILE_NOT_FOUND @ blob:http://localhost:3004/21737f5b-6a53-42f5-aea6-96088a955b27:0
[  155444ms] [ERROR] Failed to load resource: net::ERR_FILE_NOT_FOUND @ blob:http://localhost:3004/21340e40-287c-49d9-8b49-83da129a2734:0
[  155609ms] [ERROR] Failed to load resource: net::ERR_FILE_NOT_FOUND @ blob:http://localhost:3004/17c44a74-1d47-4512-8e86-a8c5abd2e5db:0
[  155638ms] [ERROR] Failed to load resource: net::ERR_FILE_NOT_FOUND @ blob:http://localhost:3004/b3377ac5-39b5-479c-8cc6-da071e65875a:0
[  157238ms] [ERROR] Failed to load resource: net::ERR_FILE_NOT_FOUND @ blob:http://localhost:3004/1432b496-7067-4fa8-a148-9cfdc7d5b793:0
[  157336ms] [ERROR] Failed to load resource: net::ERR_FILE_NOT_FOUND @ blob:http://localhost:3004/089e4657-066f-4cac-a01a-6ffd300e75e3:0
[  157482ms] [LOG] [Fast Refresh] rebuilding @ http://localhost:3004/_next/static/chunks/node_modules_next_dist_115brz8._.js:2431
[  157526ms] [LOG] [Fast Refresh] done in 105ms @ http://localhost:3004/_next/static/chunks/node_modules_next_dist_115brz8._.js:2431
[  157538ms] [ERROR] Failed to load resource: net::ERR_FILE_NOT_FOUND @ blob:http://localhost:3004/d29e8dba-ee8c-4394-8b51-ac76c03034cf:0
[  157569ms] [ERROR] Failed to load resource: net::ERR_FILE_NOT_FOUND @ blob:http://localhost:3004/9cc1aac4-8d0f-4a17-b89c-82863dfa5046:0
[  158439ms] [ERROR] Failed to load resource: net::ERR_FILE_NOT_FOUND @ blob:http://localhost:3004/36843c6a-30e9-45b3-a1da-7dd2d58fa7e5:0
[  158720ms] [ERROR] Failed to load resource: net::ERR_FILE_NOT_FOUND @ blob:http://localhost:3004/104f278b-7935-4f22-b745-469f6e921e90:0
[  160086ms] [ERROR] Failed to load resource: net::ERR_FILE_NOT_FOUND @ blob:http://localhost:3004/2730387a-4ee2-4867-b0b3-f5c1ce068766:0
[  160443ms] [ERROR] Failed to load resource: net::ERR_FILE_NOT_FOUND @ blob:http://localhost:3004/ad0f465b-3c4a-472f-a5a2-07c62956af5a:0
[  161570ms] [ERROR] Failed to load resource: net::ERR_FILE_NOT_FOUND @ blob:http://localhost:3004/e957ec02-4bc3-4dbc-8c0c-f2aa96fb6593:0
[  161636ms] [ERROR] Failed to load resource: net::ERR_FILE_NOT_FOUND @ blob:http://localhost:3004/23e56f62-dc45-41ed-9098-19ba15afd442:0
[  161735ms] [ERROR] Failed to load resource: net::ERR_FILE_NOT_FOUND @ blob:http://localhost:3004/ed903c55-cffa-43b1-a030-8e4fe146eb06:0
[  162554ms] [ERROR] Failed to load resource: net::ERR_FILE_NOT_FOUND @ blob:http://localhost:3004/ba79e18f-dd89-45a7-9c60-3878930f1c05:0
[  163132ms] [ERROR] Failed to load resource: net::ERR_FILE_NOT_FOUND @ blob:http://localhost:3004/ef3a5f59-e9e4-4f61-ac52-ad63d4cd73e2:0
[  164121ms] [ERROR] Failed to load resource: net::ERR_FILE_NOT_FOUND @ blob:http://localhost:3004/f5eb1cb1-7a04-4fd2-be63-c92fef393924:0
[  164587ms] [ERROR] Failed to load resource: net::ERR_FILE_NOT_FOUND @ blob:http://localhost:3004/af50b7ad-a152-49a8-9337-e9c4d5255671:0
[  165470ms] [ERROR] Failed to load resource: net::ERR_FILE_NOT_FOUND @ blob:http://localhost:3004/6b38014e-5763-4366-abe4-a5f4c36c9822:0
[  165587ms] [ERROR] Failed to load resource: net::ERR_FILE_NOT_FOUND @ blob:http://localhost:3004/674e20f6-aeb9-42c0-a359-03eecb71db9f:0
[  165955ms] [ERROR] Failed to load resource: net::ERR_FILE_NOT_FOUND @ blob:http://localhost:3004/d7b53a07-ed9a-4c86-9777-e92a295d7479:0
[  166306ms] [ERROR] Failed to load resource: net::ERR_FILE_NOT_FOUND @ blob:http://localhost:3004/6f311ba4-dc28-4d72-908c-71c31af3ebcf:0
[  166355ms] [ERROR] Failed to load resource: net::ERR_FILE_NOT_FOUND @ blob:http://localhost:3004/e6ceabea-bf32-4e4b-a5ca-8456d7c1160d:0
[  166476ms] [ERROR] Failed to load resource: net::ERR_FILE_NOT_FOUND @ blob:http://localhost:3004/980d158c-18d3-4959-84cc-f1eac5090e92:0
[  166553ms] [ERROR] Failed to load resource: net::ERR_FILE_NOT_FOUND @ blob:http://localhost:3004/9fbede1c-f8f5-42e6-af6e-5e02448e1235:0
[  167113ms] [ERROR] Failed to load resource: net::ERR_FILE_NOT_FOUND @ blob:http://localhost:3004/df89cf8b-107d-4b6d-b623-c47965245e99:0
[  167392ms] [ERROR] Failed to load resource: net::ERR_FILE_NOT_FOUND @ blob:http://localhost:3004/45512816-13f8-464f-b4d0-5af74cebe85d:0
[  167411ms] [ERROR] Failed to load resource: net::ERR_FILE_NOT_FOUND @ blob:http://localhost:3004/8d39b7f1-c8ce-4414-9ca1-ddc4ae23f261:0
[  167888ms] [ERROR] Failed to load resource: net::ERR_FILE_NOT_FOUND @ blob:http://localhost:3004/be620414-521c-4dae-9bd3-2a8337e86867:0
[  168054ms] [ERROR] Failed to load resource: net::ERR_FILE_NOT_FOUND @ blob:http://localhost:3004/baf027af-192e-4b7f-a717-9077fd1c3f0e:0
[  168287ms] [ERROR] Failed to load resource: net::ERR_FILE_NOT_FOUND @ blob:http://localhost:3004/9348b83e-79b1-4017-b6ee-efd4d156078e:0
[  168393ms] [ERROR] Failed to load resource: net::ERR_FILE_NOT_FOUND @ blob:http://localhost:3004/292b8688-ec4e-4f11-9b4f-3493d3eb6bd3:0
[  168887ms] [ERROR] Failed to load resource: net::ERR_FILE_NOT_FOUND @ blob:http://localhost:3004/266906e6-fc70-486e-a914-40dce0376b12:0
[  168897ms] [ERROR] Failed to load resource: net::ERR_FILE_NOT_FOUND @ blob:http://localhost:3004/89d76016-d1ee-48d1-8f4a-a13d940a6ce2:0
[  169321ms] [ERROR] Failed to load resource: net::ERR_FILE_NOT_FOUND @ blob:http://localhost:3004/cf8d6171-3516-4ce6-ac2e-b9a9e1a41b4c:0
[  169343ms] [ERROR] Failed to load resource: net::ERR_FILE_NOT_FOUND @ blob:http://localhost:3004/d480c0dc-4237-4517-9065-cc8374ca7329:0
[  169620ms] [ERROR] Failed to load resource: net::ERR_FILE_NOT_FOUND @ blob:http://localhost:3004/9e307dd9-afba-4982-b36d-f16eeb670d32:0
[  169978ms] [ERROR] Failed to load resource: net::ERR_FILE_NOT_FOUND @ blob:http://localhost:3004/0eeaf34a-8601-44ee-8784-0ad6aa32b3b0:0
[  170505ms] [ERROR] Failed to load resource: net::ERR_FILE_NOT_FOUND @ blob:http://localhost:3004/7ee4d8f8-8888-4e2f-ba5f-87f8fd0fdd9f:0
[  170767ms] [ERROR] Failed to load resource: net::ERR_FILE_NOT_FOUND @ blob:http://localhost:3004/14e5276d-6841-43b1-b101-86903fa79a86:0
[  170776ms] [ERROR] Failed to load resource: net::ERR_FILE_NOT_FOUND @ blob:http://localhost:3004/cfde52fc-cabe-423a-b283-a2e18887a8f7:0
[  171191ms] [ERROR] Failed to load resource: net::ERR_FILE_NOT_FOUND @ blob:http://localhost:3004/a0d3b682-44e4-4724-ac99-8586621c6be1:0
[  171201ms] [ERROR] Failed to load resource: net::ERR_FILE_NOT_FOUND @ blob:http://localhost:3004/832ef793-2135-4485-8b27-a2434e52abcc:0
[  171212ms] [ERROR] Failed to load resource: net::ERR_FILE_NOT_FOUND @ blob:http://localhost:3004/0b12fa33-e1ae-486e-9b6c-d99c60b4f09b:0
[  171345ms] [ERROR] Failed to load resource: net::ERR_FILE_NOT_FOUND @ blob:http://localhost:3004/85267d2e-b42b-495e-8cdc-5fbd49107fce:0
[  171396ms] [ERROR] Failed to load resource: net::ERR_FILE_NOT_FOUND @ blob:http://localhost:3004/b17f14eb-d9f7-40d6-9249-5171e7d5c05e:0
[  171489ms] [ERROR] Failed to load resource: net::ERR_FILE_NOT_FOUND @ blob:http://localhost:3004/29102982-d72a-4b7d-8946-53f43f9828eb:0
[  171610ms] [ERROR] Failed to load resource: net::ERR_FILE_NOT_FOUND @ blob:http://localhost:3004/fc8c4324-ff53-414c-b835-31025bc09b12:0
[  171634ms] [ERROR] Failed to load resource: net::ERR_FILE_NOT_FOUND @ blob:http://localhost:3004/1f8559b4-5fbb-4941-84af-cb0faba511af:0
[  171687ms] [ERROR] Failed to load resource: net::ERR_FILE_NOT_FOUND @ blob:http://localhost:3004/097b1f47-29db-4d95-a09b-21c01fcf460f:0
[  171881ms] [ERROR] Failed to load resource: net::ERR_FILE_NOT_FOUND @ blob:http://localhost:3004/dde25fed-e2a2-4b46-b993-359798e56087:0
[  171915ms] [ERROR] Failed to load resource: net::ERR_FILE_NOT_FOUND @ blob:http://localhost:3004/6bb06daa-3b90-4eaf-9925-7342b0c01093:0
[  171954ms] [ERROR] Failed to load resource: net::ERR_FILE_NOT_FOUND @ blob:http://localhost:3004/f1fa2d38-c022-4754-8fd1-b2a39efb6191:0
[  171964ms] [ERROR] Failed to load resource: net::ERR_FILE_NOT_FOUND @ blob:http://localhost:3004/872a54de-7a1c-472f-a3b9-7e120ae9c348:0
[  171977ms] [ERROR] Failed to load resource: net::ERR_FILE_NOT_FOUND @ blob:http://localhost:3004/bffb2aee-7bb5-4093-a1bf-856208af3bd7:0
[  172266ms] [ERROR] Failed to load resource: net::ERR_FILE_NOT_FOUND @ blob:http://localhost:3004/d7af0859-8c2f-48e2-857a-475a92f8d866:0
[  172441ms] [ERROR] Failed to load resource: net::ERR_FILE_NOT_FOUND @ blob:http://localhost:3004/9306467f-05f4-4370-981f-02636b07c846:0
[  172445ms] [ERROR] Failed to load resource: net::ERR_FILE_NOT_FOUND @ blob:http://localhost:3004/88893b17-2d3a-4a5c-9c86-a815456407c3:0
[  172565ms] [ERROR] Failed to load resource: net::ERR_FILE_NOT_FOUND @ blob:http://localhost:3004/dea341c7-47d0-40ad-a245-1c885f68c636:0
[  172609ms] [ERROR] Failed to load resource: net::ERR_FILE_NOT_FOUND @ blob:http://localhost:3004/f60eec41-04f8-46e3-8b3a-5acbd9a3c2f7:0
[  172621ms] [ERROR] Failed to load resource: net::ERR_FILE_NOT_FOUND @ blob:http://localhost:3004/fbea310f-6fd1-4413-b73c-1f8cd537b80c:0
[  172629ms] [ERROR] Failed to load resource: net::ERR_FILE_NOT_FOUND @ blob:http://localhost:3004/31cddea1-0d92-4ef0-851d-788502bbf393:0
[  172637ms] [ERROR] Failed to load resource: net::ERR_FILE_NOT_FOUND @ blob:http://localhost:3004/2972fd3b-7b31-4ab2-acc2-7f2a748a509b:0
[  172668ms] [ERROR] Failed to load resource: net::ERR_FILE_NOT_FOUND @ blob:http://localhost:3004/b7c0c181-f153-450f-af05-80bb85bbaa15:0
[  172731ms] [ERROR] Failed to load resource: net::ERR_FILE_NOT_FOUND @ blob:http://localhost:3004/04ee9d78-8902-4eb8-9251-092c85e3ff01:0
[  172756ms] [ERROR] Failed to load resource: net::ERR_FILE_NOT_FOUND @ blob:http://localhost:3004/5ba54a5b-b705-4d75-a17c-77d8e801eb0c:0
[  172781ms] [ERROR] Failed to load resource: net::ERR_FILE_NOT_FOUND @ blob:http://localhost:3004/e866a336-377b-46b0-8fca-31f571e5aa37:0
[  173196ms] [ERROR] Failed to load resource: net::ERR_FILE_NOT_FOUND @ blob:http://localhost:3004/7b024264-b491-4345-8b2b-c7f18592628f:0
[  173373ms] [ERROR] Failed to load resource: net::ERR_FILE_NOT_FOUND @ blob:http://localhost:3004/099d6cc8-377b-4bf9-8d23-049979a3abad:0
[  173394ms] [ERROR] Failed to load resource: net::ERR_FILE_NOT_FOUND @ blob:http://localhost:3004/b3251072-f3e1-46b7-a66f-4c4d79678ae1:0
[  173410ms] [ERROR] Failed to load resource: net::ERR_FILE_NOT_FOUND @ blob:http://localhost:3004/728c7166-4193-49e2-a9e4-1e17f3be2d32:0
[  173432ms] [ERROR] Failed to load resource: net::ERR_FILE_NOT_FOUND @ blob:http://localhost:3004/ad89dad8-3e2c-4dcc-8385-99fd33de591f:0
[  173441ms] [ERROR] Failed to load resource: net::ERR_FILE_NOT_FOUND @ blob:http://localhost:3004/e798fccc-87cf-4c6d-9973-1591ecf73731:0
[  173445ms] [ERROR] Failed to load resource: net::ERR_FILE_NOT_FOUND @ blob:http://localhost:3004/35cf3276-18f0-4d94-b832-b3cb328219f7:0
[  173458ms] [ERROR] Failed to load resource: net::ERR_FILE_NOT_FOUND @ blob:http://localhost:3004/9c62d7e3-42e4-454c-ae5e-d42083ddc519:0
[  173464ms] [ERROR] Failed to load resource: net::ERR_FILE_NOT_FOUND @ blob:http://localhost:3004/4a926a6e-3b44-4407-b38b-6ae1af1c4895:0
[  173474ms] [ERROR] Failed to load resource: net::ERR_FILE_NOT_FOUND @ blob:http://localhost:3004/a791ab40-2b85-4fc8-bf8f-62cd28ee80e6:0
[  173483ms] [ERROR] Failed to load resource: net::ERR_FILE_NOT_FOUND @ blob:http://localhost:3004/14ae16ad-c5e1-4d8b-97a7-43d0f1a78278:0
[  173490ms] [ERROR] Failed to load resource: net::ERR_FILE_NOT_FOUND @ blob:http://localhost:3004/d9d30452-47cd-46d5-baf6-a9573095cefa:0
[  173510ms] [ERROR] Failed to load resource: net::ERR_FILE_NOT_FOUND @ blob:http://localhost:3004/ed165a63-03e6-4d0a-8dcc-3134c8507519:0
[  173522ms] [ERROR] Failed to load resource: net::ERR_FILE_NOT_FOUND @ blob:http://localhost:3004/3e8dde0c-70ce-4750-8d2d-d97cb29597e2:0
[  173529ms] [ERROR] Failed to load resource: net::ERR_FILE_NOT_FOUND @ blob:http://localhost:3004/da64e4ee-3dc7-4225-9975-242fb74d9e65:0
[  173538ms] [ERROR] Failed to load resource: net::ERR_FILE_NOT_FOUND @ blob:http://localhost:3004/fe78521b-7906-48b2-80d4-c90c0c79c1bb:0
[  173556ms] [ERROR] Failed to load resource: net::ERR_FILE_NOT_FOUND @ blob:http://localhost:3004/72d17914-d6b9-49a9-9961-d751c701074a:0
[  173580ms] [ERROR] Failed to load resource: net::ERR_FILE_NOT_FOUND @ blob:http://localhost:3004/67a23bcc-a1b2-4253-a721-3d2d8555e64d:0
[  173612ms] [ERROR] Failed to load resource: net::ERR_FILE_NOT_FOUND @ blob:http://localhost:3004/a206794a-e159-4702-b847-1a3fdc9eaed1:0
[  173658ms] [ERROR] Failed to load resource: net::ERR_FILE_NOT_FOUND @ blob:http://localhost:3004/e2ff4610-e999-4c08-9c3d-da1c822354fc:0
[  173672ms] [ERROR] Failed to load resource: net::ERR_FILE_NOT_FOUND @ blob:http://localhost:3004/36292ea2-bfaa-4e2f-b232-ec25056b8f99:0
[  173677ms] [ERROR] Failed to load resource: net::ERR_FILE_NOT_FOUND @ blob:http://localhost:3004/f39b5e62-cac0-43fc-9381-26b975e8eae3:0
[  173739ms] [ERROR] Failed to load resource: net::ERR_FILE_NOT_FOUND @ blob:http://localhost:3004/43cacdd1-9af7-45a5-a36e-c41b3e7fbc86:0
[  173748ms] [ERROR] Failed to load resource: net::ERR_FILE_NOT_FOUND @ blob:http://localhost:3004/c9110740-3129-4a31-a834-5e32daeb4bff:0
[  173771ms] [ERROR] Failed to load resource: net::ERR_FILE_NOT_FOUND @ blob:http://localhost:3004/7ae559f7-b71f-41ee-abb0-fbab2beb0c80:0
[  173778ms] [ERROR] Failed to load resource: net::ERR_FILE_NOT_FOUND @ blob:http://localhost:3004/4bcdabe6-d8b3-4f35-b38f-4afa6487d36e:0
[  173790ms] [ERROR] Failed to load resource: net::ERR_FILE_NOT_FOUND @ blob:http://localhost:3004/3188e74b-fb58-4826-879a-01b21e74f8a9:0
[  173800ms] [ERROR] Failed to load resource: net::ERR_FILE_NOT_FOUND @ blob:http://localhost:3004/7f40e8d4-4fe2-4c0e-93ff-34f61ac13319:0
[  173811ms] [ERROR] Failed to load resource: net::ERR_FILE_NOT_FOUND @ blob:http://localhost:3004/d98673ae-5343-41b3-82e6-3168b9d4ea49:0
[  173822ms] [ERROR] Failed to load resource: net::ERR_FILE_NOT_FOUND @ blob:http://localhost:3004/f20748c7-c011-42da-b36d-44541461e4fb:0
[  173835ms] [ERROR] Failed to load resource: net::ERR_FILE_NOT_FOUND @ blob:http://localhost:3004/8021d5d4-5d45-4933-9352-2562b2ba9e96:0
[  173840ms] [ERROR] Failed to load resource: net::ERR_FILE_NOT_FOUND @ blob:http://localhost:3004/5271c9d8-bfc8-4ef7-a832-a0db3084bf00:0
[  173848ms] [ERROR] Failed to load resource: net::ERR_FILE_NOT_FOUND @ blob:http://localhost:3004/437fd6a5-cfda-4a57-b631-4b6a2b485edc:0
[  173857ms] [ERROR] Failed to load resource: net::ERR_FILE_NOT_FOUND @ blob:http://localhost:3004/1786c3f6-e2d8-4482-9aeb-90a49f441b8b:0
[  173874ms] [ERROR] Failed to load resource: net::ERR_FILE_NOT_FOUND @ blob:http://localhost:3004/b0e717d6-fed6-46ab-ab9c-5c321cc03bde:0
[  173879ms] [ERROR] Failed to load resource: net::ERR_FILE_NOT_FOUND @ blob:http://localhost:3004/1d9013f3-fda4-4271-a5a2-29d8dd7c7a97:0
[  173889ms] [ERROR] Failed to load resource: net::ERR_FILE_NOT_FOUND @ blob:http://localhost:3004/7a1f3053-5b1c-49d0-86ad-9064d3e8bd64:0
[  173901ms] [ERROR] Failed to load resource: net::ERR_FILE_NOT_FOUND @ blob:http://localhost:3004/e95fb538-6ab4-441b-91cf-2d01697d2569:0
[  173911ms] [ERROR] Failed to load resource: net::ERR_FILE_NOT_FOUND @ blob:http://localhost:3004/c0c15172-46a8-499d-a0f8-32c3b6eafaed:0
[  173915ms] [ERROR] Failed to load resource: net::ERR_FILE_NOT_FOUND @ blob:http://localhost:3004/8e5d706d-ba08-44ec-99ac-6ae892d28c0f:0
[  173924ms] [ERROR] Failed to load resource: net::ERR_FILE_NOT_FOUND @ blob:http://localhost:3004/0ff886fc-5fdc-4126-ba52-2b58e9c971ba:0
[  173959ms] [ERROR] Failed to load resource: net::ERR_FILE_NOT_FOUND @ blob:http://localhost:3004/5c68c912-4831-4f09-96cf-f8ba6ef2c38f:0
[  173973ms] [ERROR] Failed to load resource: net::ERR_FILE_NOT_FOUND @ blob:http://localhost:3004/110320e1-2700-4af0-acf6-e4a29c035ac6:0
[  173990ms] [ERROR] Failed to load resource: net::ERR_FILE_NOT_FOUND @ blob:http://localhost:3004/b75f4793-cddf-44c3-8fff-68148223c6ed:0
[  173997ms] [ERROR] Failed to load resource: net::ERR_FILE_NOT_FOUND @ blob:http://localhost:3004/a6e04797-d940-4474-8061-a26b62af770c:0
[  174011ms] [ERROR] Failed to load resource: net::ERR_FILE_NOT_FOUND @ blob:http://localhost:3004/cf2434c1-9382-4997-8145-e6c6af887349:0
[  174190ms] [ERROR] Failed to load resource: net::ERR_FILE_NOT_FOUND @ blob:http://localhost:3004/daf73235-1648-4d37-989b-c6b57b5aa692:0
[  174212ms] [ERROR] Failed to load resource: net::ERR_FILE_NOT_FOUND @ blob:http://localhost:3004/47760f83-8ca6-4d8d-844d-6413f7cd9fea:0
[  174226ms] [ERROR] Failed to load resource: net::ERR_FILE_NOT_FOUND @ blob:http://localhost:3004/f1858540-a2a2-4264-851c-80babd2c301d:0
[  174247ms] [ERROR] Failed to load resource: net::ERR_FILE_NOT_FOUND @ blob:http://localhost:3004/be44034e-5d72-4763-91dd-4724753c0eac:0
[  174263ms] [ERROR] Failed to load resource: net::ERR_FILE_NOT_FOUND @ blob:http://localhost:3004/db1ed42e-7d93-4e35-a373-e9bf51d87c4d:0
[  174273ms] [ERROR] Failed to load resource: net::ERR_FILE_NOT_FOUND @ blob:http://localhost:3004/2990a7e1-43fd-4277-80c3-231b996fbffb:0
[  174281ms] [ERROR] Failed to load resource: net::ERR_FILE_NOT_FOUND @ blob:http://localhost:3004/f9146910-d72b-421e-8200-1fa70326c44a:0
[  174310ms] [ERROR] Failed to load resource: net::ERR_FILE_NOT_FOUND @ blob:http://localhost:3004/8b4ef2a4-8153-4b86-89ab-0295a7d6c5c6:0
[  174323ms] [ERROR] Failed to load resource: net::ERR_FILE_NOT_FOUND @ blob:http://localhost:3004/4b2402b6-44d3-4115-98ef-838ff138673a:0
[  174341ms] [ERROR] Failed to load resource: net::ERR_FILE_NOT_FOUND @ blob:http://localhost:3004/1b6ac5aa-d42e-4dea-bab0-c0a10a2febda:0
[  174351ms] [ERROR] Failed to load resource: net::ERR_FILE_NOT_FOUND @ blob:http://localhost:3004/ebacbd89-720f-4243-8eda-87fb247ddb48:0
[  174357ms] [ERROR] Failed to load resource: net::ERR_FILE_NOT_FOUND @ blob:http://localhost:3004/7e30ae74-1384-4c58-b6ea-30347f7279c3:0
[  174363ms] [ERROR] Failed to load resource: net::ERR_FILE_NOT_FOUND @ blob:http://localhost:3004/fde428ce-a5c9-42df-a343-77ac64b67d6b:0
[  174374ms] [ERROR] Failed to load resource: net::ERR_FILE_NOT_FOUND @ blob:http://localhost:3004/bf40f84d-a559-462b-8882-f8deb19eae8d:0
[  174380ms] [ERROR] Failed to load resource: net::ERR_FILE_NOT_FOUND @ blob:http://localhost:3004/1c3a57bb-63da-4379-b82e-a9d110045cfd:0
[  174394ms] [ERROR] Failed to load resource: net::ERR_FILE_NOT_FOUND @ blob:http://localhost:3004/ead46c90-a230-40a9-a76d-687a5b395e5b:0
[  174488ms] [ERROR] Failed to load resource: net::ERR_FILE_NOT_FOUND @ blob:http://localhost:3004/100c148a-c224-4c14-90a7-b1dfbeefefbd:0
[  174496ms] [ERROR] Failed to load resource: net::ERR_FILE_NOT_FOUND @ blob:http://localhost:3004/51e3ac11-a636-42f4-94a5-d28b7c722062:0
[  174521ms] [ERROR] Failed to load resource: net::ERR_FILE_NOT_FOUND @ blob:http://localhost:3004/3253a3c8-3aa5-4e2c-a6a2-83a56ae44192:0
[  174538ms] [ERROR] Failed to load resource: net::ERR_FILE_NOT_FOUND @ blob:http://localhost:3004/be7b10e0-3f67-4d6d-82e8-49c56da5bf0a:0
[  174554ms] [ERROR] Failed to load resource: net::ERR_FILE_NOT_FOUND @ blob:http://localhost:3004/8c6de349-2746-41eb-8f65-c335c1086091:0
[  174613ms] [ERROR] Failed to load resource: net::ERR_FILE_NOT_FOUND @ blob:http://localhost:3004/36b3418a-a06d-483f-8cb4-c810029cedfd:0
[  174624ms] [ERROR] Failed to load resource: net::ERR_FILE_NOT_FOUND @ blob:http://localhost:3004/bd68b358-8941-4b39-a507-a94b06e8427d:0
[  174633ms] [ERROR] Failed to load resource: net::ERR_FILE_NOT_FOUND @ blob:http://localhost:3004/c84d16ad-faeb-47d1-a23f-e20dd9a9732c:0
[  174640ms] [ERROR] Failed to load resource: net::ERR_FILE_NOT_FOUND @ blob:http://localhost:3004/aa30e05b-2b24-461a-b050-e45a0b317572:0
[  174646ms] [ERROR] Failed to load resource: net::ERR_FILE_NOT_FOUND @ blob:http://localhost:3004/d9d99c45-78dd-405a-b8e3-02b03eb6e464:0
[  174754ms] [ERROR] Failed to load resource: net::ERR_FILE_NOT_FOUND @ blob:http://localhost:3004/be53bb3e-7f38-4ff5-880e-84c74777f858:0
[  174765ms] [ERROR] Failed to load resource: net::ERR_FILE_NOT_FOUND @ blob:http://localhost:3004/e44f7873-1c03-4dfb-91f9-995162bf9463:0
[  174772ms] [ERROR] Failed to load resource: net::ERR_FILE_NOT_FOUND @ blob:http://localhost:3004/9f1f4ece-bbb2-42b6-b187-e9ca69bc2329:0
[  174778ms] [ERROR] Failed to load resource: net::ERR_FILE_NOT_FOUND @ blob:http://localhost:3004/e8616ddb-e6ff-42e2-8e34-29abb3a159bc:0
[  174788ms] [ERROR] Failed to load resource: net::ERR_FILE_NOT_FOUND @ blob:http://localhost:3004/d11054c5-2004-4405-8142-ac775bf84c4b:0
[  174913ms] [ERROR] Failed to load resource: net::ERR_FILE_NOT_FOUND @ blob:http://localhost:3004/9192f70f-372f-459f-bc78-fd47e19f0caa:0
[  174940ms] [ERROR] Failed to load resource: net::ERR_FILE_NOT_FOUND @ blob:http://localhost:3004/8d290542-b915-460f-ba57-645b7e338890:0
[  174948ms] [ERROR] Failed to load resource: net::ERR_FILE_NOT_FOUND @ blob:http://localhost:3004/e8455392-16a9-4498-b4e4-d4657745c057:0
[  174964ms] [ERROR] Failed to load resource: net::ERR_FILE_NOT_FOUND @ blob:http://localhost:3004/ba0ba9c1-f091-427d-ba80-8865c27db4de:0
[  174972ms] [ERROR] Failed to load resource: net::ERR_FILE_NOT_FOUND @ blob:http://localhost:3004/735e8fc7-03df-4ada-a57c-0a9d2fe104a0:0
[  174978ms] [ERROR] Failed to load resource: net::ERR_FILE_NOT_FOUND @ blob:http://localhost:3004/5218be31-b743-4515-81eb-abc932223020:0
[  174984ms] [ERROR] Failed to load resource: net::ERR_FILE_NOT_FOUND @ blob:http://localhost:3004/586cf8b5-58d8-4a17-b868-3a3d030f23ca:0
[  175018ms] [ERROR] Failed to load resource: net::ERR_FILE_NOT_FOUND @ blob:http://localhost:3004/a8c5939a-4c6c-4c27-84bc-1b2be96ab09e:0
[  175051ms] [ERROR] Failed to load resource: net::ERR_FILE_NOT_FOUND @ blob:http://localhost:3004/34e2fa0c-c567-4c00-959c-9b9c6a2e4c85:0
[  175061ms] [ERROR] Failed to load resource: net::ERR_FILE_NOT_FOUND @ blob:http://localhost:3004/92993b5a-ccbf-4c06-a5a3-edac0ea31218:0
[  175077ms] [ERROR] Failed to load resource: net::ERR_FILE_NOT_FOUND @ blob:http://localhost:3004/ec484540-b9b7-4f1e-b054-41670baa376d:0
[  175088ms] [ERROR] Failed to load resource: net::ERR_FILE_NOT_FOUND @ blob:http://localhost:3004/ac090827-8f46-4ad9-82e3-518eca2d3617:0
[  175101ms] [ERROR] Failed to load resource: net::ERR_FILE_NOT_FOUND @ blob:http://localhost:3004/b923003b-8b00-4563-83ba-3f1fa11b119f:0
[  175107ms] [ERROR] Failed to load resource: net::ERR_FILE_NOT_FOUND @ blob:http://localhost:3004/62e03afb-5e0d-4d5b-8b01-d75465d7eff4:0
[  175117ms] [ERROR] Failed to load resource: net::ERR_FILE_NOT_FOUND @ blob:http://localhost:3004/8e788fd7-9ee3-45ad-8b52-bc18a0591839:0
[  175123ms] [ERROR] Failed to load resource: net::ERR_FILE_NOT_FOUND @ blob:http://localhost:3004/af018650-e349-4c7e-ae14-f96273efacaa:0
[  175134ms] [ERROR] Failed to load resource: net::ERR_FILE_NOT_FOUND @ blob:http://localhost:3004/f8909adf-5345-487e-a456-189b17607946:0
[  175168ms] [ERROR] Failed to load resource: net::ERR_FILE_NOT_FOUND @ blob:http://localhost:3004/01eb7811-4482-447c-8800-c9fd7ea7e99f:0
[  175290ms] [ERROR] Failed to load resource: net::ERR_FILE_NOT_FOUND @ blob:http://localhost:3004/a8d96427-e81e-46de-9e9f-d0c647d270d8:0
[  175307ms] [ERROR] Failed to load resource: net::ERR_FILE_NOT_FOUND @ blob:http://localhost:3004/e5d14dd7-47aa-4b54-88da-9fba08e6b604:0
[  175322ms] [ERROR] Failed to load resource: net::ERR_FILE_NOT_FOUND @ blob:http://localhost:3004/d2fad41c-f35c-4b7c-995d-04752027cc01:0
[  175330ms] [ERROR] Failed to load resource: net::ERR_FILE_NOT_FOUND @ blob:http://localhost:3004/0dabb6bb-2816-4081-b818-802903648290:0
[  175340ms] [ERROR] Failed to load resource: net::ERR_FILE_NOT_FOUND @ blob:http://localhost:3004/fd5ec977-8b99-4ef9-acd3-525b4d1e88ed:0
[  175347ms] [ERROR] Failed to load resource: net::ERR_FILE_NOT_FOUND @ blob:http://localhost:3004/48a6fa9e-4aa1-43ca-801b-72c700231680:0
[  175364ms] [ERROR] Failed to load resource: net::ERR_FILE_NOT_FOUND @ blob:http://localhost:3004/4763e0e8-54ea-44bb-bb6e-38ea150d555c:0
[  175379ms] [ERROR] Failed to load resource: net::ERR_FILE_NOT_FOUND @ blob:http://localhost:3004/dc8ef7c9-7a7e-4cde-a950-6e91dfb26e93:0
[  175426ms] [ERROR] Failed to load resource: net::ERR_FILE_NOT_FOUND @ blob:http://localhost:3004/0030d956-f387-465d-a793-3b3e4063784b:0
[  175438ms] [ERROR] Failed to load resource: net::ERR_FILE_NOT_FOUND @ blob:http://localhost:3004/e1cf9db1-5fde-486e-8d24-4faa6e28877f:0
[  175444ms] [ERROR] Failed to load resource: net::ERR_FILE_NOT_FOUND @ blob:http://localhost:3004/c4b2cbba-19d2-4170-ba6b-db5aa9569168:0
[  175468ms] [ERROR] Failed to load resource: net::ERR_FILE_NOT_FOUND @ blob:http://localhost:3004/5958e927-f50f-46e9-ae48-2771fb32dfe9:0
[  175501ms] [ERROR] Failed to load resource: net::ERR_FILE_NOT_FOUND @ blob:http://localhost:3004/85e1bdb3-457f-41d7-a695-9d0147315026:0
[  175508ms] [ERROR] Failed to load resource: net::ERR_FILE_NOT_FOUND @ blob:http://localhost:3004/6738a478-b6a0-4e25-8ecd-58cd57ebfd2a:0
[  175514ms] [ERROR] Failed to load resource: net::ERR_FILE_NOT_FOUND @ blob:http://localhost:3004/676fe695-672f-41f6-b37c-c29574db8314:0
[  175529ms] [ERROR] Failed to load resource: net::ERR_FILE_NOT_FOUND @ blob:http://localhost:3004/c2561316-ddf0-4c84-b530-d6bf62f9145c:0
[  175615ms] [ERROR] Failed to load resource: net::ERR_FILE_NOT_FOUND @ blob:http://localhost:3004/6c45ec82-bd6a-483e-bb39-18fa5b1a3863:0
[  175681ms] [ERROR] Failed to load resource: net::ERR_FILE_NOT_FOUND @ blob:http://localhost:3004/811b574d-4c2e-4705-a8f5-ad453765ee41:0
[  175711ms] [ERROR] Failed to load resource: net::ERR_FILE_NOT_FOUND @ blob:http://localhost:3004/b8b3d3ee-c846-40a5-bc69-39c6f9ee4f93:0
[  175739ms] [ERROR] Failed to load resource: net::ERR_FILE_NOT_FOUND @ blob:http://localhost:3004/376fd90e-70ac-4f16-ab97-a1507d7717f9:0
[  175746ms] [ERROR] Failed to load resource: net::ERR_FILE_NOT_FOUND @ blob:http://localhost:3004/7a6404c4-74cc-490d-8e6f-1e8d78257a65:0
[  175755ms] [ERROR] Failed to load resource: net::ERR_FILE_NOT_FOUND @ blob:http://localhost:3004/9f6ff4b0-222e-4c7c-820b-f859e0813946:0
[  175771ms] [ERROR] Failed to load resource: net::ERR_FILE_NOT_FOUND @ blob:http://localhost:3004/ef7082ed-71ad-4e8a-9c50-cf735b615685:0
[  175790ms] [ERROR] Failed to load resource: net::ERR_FILE_NOT_FOUND @ blob:http://localhost:3004/52a80a25-8a59-46ef-a15c-f7294100bc31:0
[  175800ms] [ERROR] Failed to load resource: net::ERR_FILE_NOT_FOUND @ blob:http://localhost:3004/cd39499b-8a44-4388-803a-49442fc40183:0
[  175813ms] [ERROR] Failed to load resource: net::ERR_FILE_NOT_FOUND @ blob:http://localhost:3004/dc261f30-68ec-4d98-9ba3-344256fc59f9:0
[  175823ms] [ERROR] Failed to load resource: net::ERR_FILE_NOT_FOUND @ blob:http://localhost:3004/025cd4d1-de98-40f2-89e4-70ee118530ca:0
[  175839ms] [ERROR] Failed to load resource: net::ERR_FILE_NOT_FOUND @ blob:http://localhost:3004/1a939fe7-e5e4-4eff-805d-5bbac4dabde1:0
[  175849ms] [ERROR] Failed to load resource: net::ERR_FILE_NOT_FOUND @ blob:http://localhost:3004/14b46df1-f3bd-4227-b13e-63a7fe54ced7:0
[  175858ms] [ERROR] Failed to load resource: net::ERR_FILE_NOT_FOUND @ blob:http://localhost:3004/81655a76-29fb-443c-991c-64f66ad71e40:0
[  175873ms] [ERROR] Failed to load resource: net::ERR_FILE_NOT_FOUND @ blob:http://localhost:3004/ed8038bb-f462-4f75-bb4f-91e6304c0b5d:0
[  175879ms] [ERROR] Failed to load resource: net::ERR_FILE_NOT_FOUND @ blob:http://localhost:3004/b3c3a6ca-13df-4b9a-a736-3f07ac2b2e59:0
[  175906ms] [ERROR] Failed to load resource: net::ERR_FILE_NOT_FOUND @ blob:http://localhost:3004/ed7c1b5b-bab0-4618-bf46-c7e5108dc8c9:0
[  175977ms] [ERROR] Failed to load resource: net::ERR_FILE_NOT_FOUND @ blob:http://localhost:3004/bee20563-f17a-4de0-8ac6-873dbdd40713:0
[  175987ms] [ERROR] Failed to load resource: net::ERR_FILE_NOT_FOUND @ blob:http://localhost:3004/881f0a6f-7e39-4f12-95b3-7e80c8585e32:0
[  175995ms] [ERROR] Failed to load resource: net::ERR_FILE_NOT_FOUND @ blob:http://localhost:3004/ffbc2a2a-23ea-48b0-bfa1-cc4b02b05cd0:0
[  176012ms] [ERROR] Failed to load resource: net::ERR_FILE_NOT_FOUND @ blob:http://localhost:3004/41a14fbd-c9eb-4501-8553-03b2e60c1eba:0
[  176021ms] [ERROR] Failed to load resource: net::ERR_FILE_NOT_FOUND @ blob:http://localhost:3004/fa249845-ad5e-4de5-9545-d1c1b82c2172:0
[  176038ms] [ERROR] Failed to load resource: net::ERR_FILE_NOT_FOUND @ blob:http://localhost:3004/b0289e2c-6ff5-4b7d-8bfb-57403ef84355:0
[  176047ms] [ERROR] Failed to load resource: net::ERR_FILE_NOT_FOUND @ blob:http://localhost:3004/aafe5a11-bc1e-4e72-b0c6-bc5e3d4588bc:0
[  176056ms] [ERROR] Failed to load resource: net::ERR_FILE_NOT_FOUND @ blob:http://localhost:3004/5f2b23e3-da83-4e22-be6f-eeb76b0d1318:0
[  176071ms] [ERROR] Failed to load resource: net::ERR_FILE_NOT_FOUND @ blob:http://localhost:3004/4191b1e1-7127-496e-b0de-76b92a39455b:0
[  176080ms] [ERROR] Failed to load resource: net::ERR_FILE_NOT_FOUND @ blob:http://localhost:3004/3dc987ea-1cc2-4f7b-a20c-b3e5f71718af:0
[  176088ms] [ERROR] Failed to load resource: net::ERR_FILE_NOT_FOUND @ blob:http://localhost:3004/4afc8859-eb78-48d1-b0e1-2196d0a4b09a:0
[  176101ms] [ERROR] Failed to load resource: net::ERR_FILE_NOT_FOUND @ blob:http://localhost:3004/41e7047f-c72f-4c82-89d4-8dc15b83b384:0
[  176110ms] [ERROR] Failed to load resource: net::ERR_FILE_NOT_FOUND @ blob:http://localhost:3004/9fc33fd8-ed0c-4ac1-967b-1aef7e333787:0
[  176121ms] [ERROR] Failed to load resource: net::ERR_FILE_NOT_FOUND @ blob:http://localhost:3004/18211764-8949-4090-aed0-9f2150c5563f:0
[  176131ms] [ERROR] Failed to load resource: net::ERR_FILE_NOT_FOUND @ blob:http://localhost:3004/dd460b66-014b-4615-bb34-66f588597796:0
[  176145ms] [ERROR] Failed to load resource: net::ERR_FILE_NOT_FOUND @ blob:http://localhost:3004/fe27d595-583f-4ba7-a629-30301a9e0c81:0
[  176156ms] [ERROR] Failed to load resource: net::ERR_FILE_NOT_FOUND @ blob:http://localhost:3004/dbf2b2a4-9459-4014-b92c-fda5aa54a229:0
[  176182ms] [ERROR] Failed to load resource: net::ERR_FILE_NOT_FOUND @ blob:http://localhost:3004/ffc12efb-3e4d-493e-9fc5-81b7953f8ddf:0
[  176194ms] [ERROR] Failed to load resource: net::ERR_FILE_NOT_FOUND @ blob:http://localhost:3004/5a3bd9f7-b876-4b46-a32a-679603472fca:0
[  176224ms] [ERROR] Failed to load resource: net::ERR_FILE_NOT_FOUND @ blob:http://localhost:3004/795706f4-dc33-48b1-8ea0-62840f1647dd:0
[  176242ms] [ERROR] Failed to load resource: net::ERR_FILE_NOT_FOUND @ blob:http://localhost:3004/294b1fa6-b98a-4082-954d-f65a5b1d3a05:0
[  176250ms] [ERROR] Failed to load resource: net::ERR_FILE_NOT_FOUND @ blob:http://localhost:3004/1477db89-7917-4420-b5f6-41fa49450111:0
[  176261ms] [ERROR] Failed to load resource: net::ERR_FILE_NOT_FOUND @ blob:http://localhost:3004/04f85db3-8948-4502-b71c-24e7261e34f4:0
[  176277ms] [ERROR] Failed to load resource: net::ERR_FILE_NOT_FOUND @ blob:http://localhost:3004/e611fbee-4c56-4fce-969d-ec3cc75b5f92:0
[  176283ms] [ERROR] Failed to load resource: net::ERR_FILE_NOT_FOUND @ blob:http://localhost:3004/5081f387-983e-424f-be5a-c118b43a591c:0
[  176290ms] [ERROR] Failed to load resource: net::ERR_FILE_NOT_FOUND @ blob:http://localhost:3004/b1054a78-a5b4-40ef-b521-a52c93e0e8f3:0
[  176357ms] [ERROR] Failed to load resource: net::ERR_FILE_NOT_FOUND @ blob:http://localhost:3004/7340b59e-d24c-4fd8-b0c8-831093ba14f7:0
[  176365ms] [ERROR] Failed to load resource: net::ERR_FILE_NOT_FOUND @ blob:http://localhost:3004/2793ae47-bdcb-4d30-8f7c-217514707725:0
[  176374ms] [ERROR] Failed to load resource: net::ERR_FILE_NOT_FOUND @ blob:http://localhost:3004/d8d962e6-97f1-4224-abeb-5438ecf89746:0
[  176377ms] [ERROR] Failed to load resource: net::ERR_FILE_NOT_FOUND @ blob:http://localhost:3004/766ea0dc-6e0f-448e-9259-53c5bb92d04b:0
[  176390ms] [ERROR] Failed to load resource: net::ERR_FILE_NOT_FOUND @ blob:http://localhost:3004/655bb79b-6b3b-4eac-82a8-89e37eb3f443:0
[  176414ms] [ERROR] Failed to load resource: net::ERR_FILE_NOT_FOUND @ blob:http://localhost:3004/1bec896e-d513-48f5-af7e-dd3d7e905c0b:0
[  176427ms] [ERROR] Failed to load resource: net::ERR_FILE_NOT_FOUND @ blob:http://localhost:3004/fd242c2d-ae0c-46f6-bcc4-9ac74cfa7a24:0
[  176433ms] [ERROR] Failed to load resource: net::ERR_FILE_NOT_FOUND @ blob:http://localhost:3004/bbc51df3-8c77-469b-9e47-48689bb86e76:0
[  176457ms] [ERROR] Failed to load resource: net::ERR_FILE_NOT_FOUND @ blob:http://localhost:3004/eaa3c6fc-47e3-4d26-907e-d909dc6129ba:0
[  176491ms] [ERROR] Failed to load resource: net::ERR_FILE_NOT_FOUND @ blob:http://localhost:3004/2cfd030a-3124-4b50-826b-326499bbb8cf:0
[  176534ms] [ERROR] Failed to load resource: net::ERR_FILE_NOT_FOUND @ blob:http://localhost:3004/58b99a00-7a9c-41c9-987a-81e691214a9f:0
[  176544ms] [ERROR] Failed to load resource: net::ERR_FILE_NOT_FOUND @ blob:http://localhost:3004/c4586f21-af35-45a2-84cc-91ab1d4131ab:0
[  176549ms] [ERROR] Failed to load resource: net::ERR_FILE_NOT_FOUND @ blob:http://localhost:3004/f56ad19e-5cb4-43ca-86a9-b90e62f973bf:0
[  176557ms] [ERROR] Failed to load resource: net::ERR_FILE_NOT_FOUND @ blob:http://localhost:3004/f03057a9-2975-41b3-be24-e60097bdbfc0:0
[  176564ms] [ERROR] Failed to load resource: net::ERR_FILE_NOT_FOUND @ blob:http://localhost:3004/35843ee3-f76a-446a-8c65-da9fce757b9f:0
[  176575ms] [ERROR] Failed to load resource: net::ERR_FILE_NOT_FOUND @ blob:http://localhost:3004/a0307176-81f4-435b-95b6-dee9240932eb:0
[  176580ms] [ERROR] Failed to load resource: net::ERR_FILE_NOT_FOUND @ blob:http://localhost:3004/10abee2d-c2ff-4f74-b420-72e8ace0a070:0
[  176594ms] [ERROR] Failed to load resource: net::ERR_FILE_NOT_FOUND @ blob:http://localhost:3004/e50ed200-6597-44d6-a0ab-779e0f10a3de:0
[  176666ms] [ERROR] Failed to load resource: net::ERR_FILE_NOT_FOUND @ blob:http://localhost:3004/07933032-0588-449b-b9de-af2145190f51:0
[  176677ms] [ERROR] Failed to load resource: net::ERR_FILE_NOT_FOUND @ blob:http://localhost:3004/7e9f59f3-7bbb-4f23-b7a4-ca1df7867a12:0
[  176707ms] [ERROR] Failed to load resource: net::ERR_FILE_NOT_FOUND @ blob:http://localhost:3004/d7a8b070-5ab8-45db-836a-83c9720de703:0
[  176712ms] [ERROR] Failed to load resource: net::ERR_FILE_NOT_FOUND @ blob:http://localhost:3004/138af139-d849-41eb-9a0f-f1f4868a5ad9:0
[  176747ms] [ERROR] Failed to load resource: net::ERR_FILE_NOT_FOUND @ blob:http://localhost:3004/b4218bcd-b9ae-462c-8df3-5df307f28bb9:0
[  176774ms] [ERROR] Failed to load resource: net::ERR_FILE_NOT_FOUND @ blob:http://localhost:3004/f9a930c1-5bc7-413e-8a37-7924acf44be5:0
[  176789ms] [ERROR] Failed to load resource: net::ERR_FILE_NOT_FOUND @ blob:http://localhost:3004/b8a26412-77c0-4b1f-ac65-44940ee5c256:0
[  176798ms] [ERROR] Failed to load resource: net::ERR_FILE_NOT_FOUND @ blob:http://localhost:3004/415533f8-fbac-409e-8e99-c4990782e50a:0
[  176811ms] [ERROR] Failed to load resource: net::ERR_FILE_NOT_FOUND @ blob:http://localhost:3004/cc2061f2-c802-445b-a0c7-b1dc826cacba:0
[  176818ms] [ERROR] Failed to load resource: net::ERR_FILE_NOT_FOUND @ blob:http://localhost:3004/586e2824-0355-48b6-a57a-352d02a5d00b:0
[  176849ms] [ERROR] Failed to load resource: net::ERR_FILE_NOT_FOUND @ blob:http://localhost:3004/61a90e7e-6438-4205-bdb0-b8c27172446d:0
[  176861ms] [ERROR] Failed to load resource: net::ERR_FILE_NOT_FOUND @ blob:http://localhost:3004/395e1cd1-6281-4e09-b76e-e16191424153:0
[  176875ms] [ERROR] Failed to load resource: net::ERR_FILE_NOT_FOUND @ blob:http://localhost:3004/c5aecdd9-7ca5-44b1-806c-ffb455785f9e:0
[  176884ms] [ERROR] Failed to load resource: net::ERR_FILE_NOT_FOUND @ blob:http://localhost:3004/a513de7c-5022-44d1-a870-6559b374a168:0
[  176893ms] [ERROR] Failed to load resource: net::ERR_FILE_NOT_FOUND @ blob:http://localhost:3004/86723cd2-b3f9-43c8-a6ed-a6bc7095b54d:0
[  176921ms] [ERROR] Failed to load resource: net::ERR_FILE_NOT_FOUND @ blob:http://localhost:3004/7340aff3-287e-453f-b5cd-77da59503b33:0
[  176934ms] [ERROR] Failed to load resource: net::ERR_FILE_NOT_FOUND @ blob:http://localhost:3004/9863bd96-066d-4ea4-bbc3-78b16f965fa1:0
[  176972ms] [ERROR] Failed to load resource: net::ERR_FILE_NOT_FOUND @ blob:http://localhost:3004/b1be2754-d631-423f-a4f2-00a69a8d1fe4:0
[  177015ms] [ERROR] Failed to load resource: net::ERR_FILE_NOT_FOUND @ blob:http://localhost:3004/7b6f7f8a-0efb-4f3a-913b-e67ec44bc3f4:0
[  177044ms] [ERROR] Failed to load resource: net::ERR_FILE_NOT_FOUND @ blob:http://localhost:3004/d51b6597-da9a-408d-ad06-6ba9379f235b:0
[  177049ms] [ERROR] Failed to load resource: net::ERR_FILE_NOT_FOUND @ blob:http://localhost:3004/307d81b7-5e83-4c5d-af41-ffa1864bd651:0
[  177061ms] [ERROR] Failed to load resource: net::ERR_FILE_NOT_FOUND @ blob:http://localhost:3004/26e93261-56ab-4745-a979-774df66a459f:0
[  177079ms] [ERROR] Failed to load resource: net::ERR_FILE_NOT_FOUND @ blob:http://localhost:3004/c36e95ec-f710-47bd-a3c7-a5f509a9d29e:0
[  177090ms] [ERROR] Failed to load resource: net::ERR_FILE_NOT_FOUND @ blob:http://localhost:3004/21d8db89-0af5-4ba9-a4c6-0746f311a05b:0
[  177108ms] [ERROR] Failed to load resource: net::ERR_FILE_NOT_FOUND @ blob:http://localhost:3004/de7e0e58-d223-43ce-a737-0744911d65ba:0
[  177108ms] [LOG] [Fast Refresh] rebuilding @ http://localhost:3004/_next/static/chunks/node_modules_next_dist_115brz8._.js:2431
[  177125ms] [ERROR] Failed to load resource: net::ERR_FILE_NOT_FOUND @ blob:http://localhost:3004/15508964-c810-4edc-951c-d40b3a574f9b:0
[  177163ms] [ERROR] Failed to load resource: net::ERR_FILE_NOT_FOUND @ blob:http://localhost:3004/14456a2e-7760-4c80-8674-2af78481fb85:0
[  177210ms] [ERROR] Failed to load resource: net::ERR_FILE_NOT_FOUND @ blob:http://localhost:3004/d6a6e29c-7a41-442e-9890-13e2448a81b1:0
[  177230ms] [ERROR] Failed to load resource: net::ERR_FILE_NOT_FOUND @ blob:http://localhost:3004/db4ad93f-af85-4a16-a91c-952dddfb004d:0
[  177257ms] [ERROR] Failed to load resource: net::ERR_FILE_NOT_FOUND @ blob:http://localhost:3004/35fdde70-5b14-4807-9ebb-48e944c8a1a1:0
[  177275ms] [ERROR] Failed to load resource: net::ERR_FILE_NOT_FOUND @ blob:http://localhost:3004/9b0045d8-dacd-41eb-81ae-6a929cfff78f:0
[  177292ms] [ERROR] Failed to load resource: net::ERR_FILE_NOT_FOUND @ blob:http://localhost:3004/b09505bb-7ae7-4a75-b1f3-ee374e9f37f2:0
[  177311ms] [ERROR] Failed to load resource: net::ERR_FILE_NOT_FOUND @ blob:http://localhost:3004/98973711-57d0-40e9-b32a-33ab4512d566:0
[  177344ms] [ERROR] Failed to load resource: net::ERR_FILE_NOT_FOUND @ blob:http://localhost:3004/f64e5aaa-33b0-4848-80e3-a8762535a896:0
[  177346ms] [LOG] [Fast Refresh] done in 338ms @ http://localhost:3004/_next/static/chunks/node_modules_next_dist_115brz8._.js:2431
[  177363ms] [ERROR] Failed to load resource: net::ERR_FILE_NOT_FOUND @ blob:http://localhost:3004/b0e4884f-f389-4472-a703-a597e06ca81a:0
[  177391ms] [ERROR] Failed to load resource: net::ERR_FILE_NOT_FOUND @ blob:http://localhost:3004/b401315f-594b-431f-91e6-185f43c593b0:0
[  177409ms] [ERROR] Failed to load resource: net::ERR_FILE_NOT_FOUND @ blob:http://localhost:3004/4f04d3be-b196-4657-b489-1a52b46c30ae:0
[  177424ms] [ERROR] Failed to load resource: net::ERR_FILE_NOT_FOUND @ blob:http://localhost:3004/4e3e651b-2a65-402a-aed8-adf293d1d3e5:0
[  177441ms] [ERROR] Failed to load resource: net::ERR_FILE_NOT_FOUND @ blob:http://localhost:3004/5fdff977-6621-4604-9fa6-3bfaba0ebfd9:0
[  177456ms] [ERROR] Failed to load resource: net::ERR_FILE_NOT_FOUND @ blob:http://localhost:3004/29953cfb-8891-4d18-86a5-cc640c21f4ec:0
[  177475ms] [ERROR] Failed to load resource: net::ERR_FILE_NOT_FOUND @ blob:http://localhost:3004/e7776122-e4bf-434a-999b-c7586fe1e31d:0
[  177484ms] [ERROR] Failed to load resource: net::ERR_FILE_NOT_FOUND @ blob:http://localhost:3004/079f6ea2-786e-4ffa-958c-eee390467294:0
[  177493ms] [ERROR] Failed to load resource: net::ERR_FILE_NOT_FOUND @ blob:http://localhost:3004/c07d56cd-4d3b-4cf2-8cdc-2b6712205067:0
[  177507ms] [ERROR] Failed to load resource: net::ERR_FILE_NOT_FOUND @ blob:http://localhost:3004/7ae91c1b-074c-4b09-9be9-123d9841a6c0:0
[  177512ms] [ERROR] Failed to load resource: net::ERR_FILE_NOT_FOUND @ blob:http://localhost:3004/11bafd73-42f1-440f-aa97-cda8b2294976:0
[  177581ms] [ERROR] Failed to load resource: net::ERR_FILE_NOT_FOUND @ blob:http://localhost:3004/41102147-fdb6-4af7-a30b-3f8187f5160a:0
[  177597ms] [ERROR] Failed to load resource: net::ERR_FILE_NOT_FOUND @ blob:http://localhost:3004/adf04dea-6ba2-40f4-b567-0ac03628cf7c:0
[  177622ms] [ERROR] Failed to load resource: net::ERR_FILE_NOT_FOUND @ blob:http://localhost:3004/ba15f403-4a71-4423-a0ab-49f4ce6a17e1:0
[  177630ms] [ERROR] Failed to load resource: net::ERR_FILE_NOT_FOUND @ blob:http://localhost:3004/516f4c89-4d0b-4702-89f2-f92e25f370a3:0
[  177706ms] [ERROR] Failed to load resource: net::ERR_FILE_NOT_FOUND @ blob:http://localhost:3004/471f5a4e-0811-41a1-ba98-37f0f3f7d727:0
[  177719ms] [ERROR] Failed to load resource: net::ERR_FILE_NOT_FOUND @ blob:http://localhost:3004/c60dcc6e-38db-4bd8-9ba1-595edf2250a4:0
[  177731ms] [ERROR] Failed to load resource: net::ERR_FILE_NOT_FOUND @ blob:http://localhost:3004/e0f60187-5ae1-4a4f-9bba-d140315b1609:0
[  177740ms] [ERROR] Failed to load resource: net::ERR_FILE_NOT_FOUND @ blob:http://localhost:3004/e440ea57-571f-4ea7-9a1e-2b73c5859406:0
[  177871ms] [ERROR] Failed to load resource: net::ERR_FILE_NOT_FOUND @ blob:http://localhost:3004/4e9d19e6-c1ce-40ee-9d3f-c064ca8ce3ed:0
[  177879ms] [ERROR] Failed to load resource: net::ERR_FILE_NOT_FOUND @ blob:http://localhost:3004/c89e7b5d-0d8a-4f91-8a53-e9192ba54ee1:0
[  177889ms] [ERROR] Failed to load resource: net::ERR_FILE_NOT_FOUND @ blob:http://localhost:3004/47d77a6a-1ef0-4ec0-957f-358714432d2f:0
[  177906ms] [ERROR] Failed to load resource: net::ERR_FILE_NOT_FOUND @ blob:http://localhost:3004/0e61f862-bd9d-48ae-bf7a-94551d31fc2f:0
[  177915ms] [ERROR] Failed to load resource: net::ERR_FILE_NOT_FOUND @ blob:http://localhost:3004/a8aeea37-9fd9-4776-8fe7-816c88ee08ec:0
[  177921ms] [ERROR] Failed to load resource: net::ERR_FILE_NOT_FOUND @ blob:http://localhost:3004/8fbb8781-9598-46d6-9e9d-f2ac43f76750:0
[  177932ms] [ERROR] Failed to load resource: net::ERR_FILE_NOT_FOUND @ blob:http://localhost:3004/72c03f49-7f20-4287-bdc8-5c8b90154fde:0
[  177977ms] [ERROR] Failed to load resource: net::ERR_FILE_NOT_FOUND @ blob:http://localhost:3004/0d48aac4-3609-4c97-b065-374c0d5c9609:0
[  178030ms] [ERROR] Failed to load resource: net::ERR_FILE_NOT_FOUND @ blob:http://localhost:3004/8181fc5d-2ded-457a-8a2b-3b10a9113e45:0
[  178036ms] [ERROR] Failed to load resource: net::ERR_FILE_NOT_FOUND @ blob:http://localhost:3004/72cf1f07-ae21-4d07-97d5-1fbeba1949af:0
[  178045ms] [ERROR] Failed to load resource: net::ERR_FILE_NOT_FOUND @ blob:http://localhost:3004/a9993af2-1355-478c-b32f-62018f3b87f6:0
[  178064ms] [ERROR] Failed to load resource: net::ERR_FILE_NOT_FOUND @ blob:http://localhost:3004/5f419fd1-da94-4b39-90ec-0baffed96475:0
[  178077ms] [ERROR] Failed to load resource: net::ERR_FILE_NOT_FOUND @ blob:http://localhost:3004/43c8fa67-2a33-4d88-b567-906037b44c6a:0
[  178090ms] [ERROR] Failed to load resource: net::ERR_FILE_NOT_FOUND @ blob:http://localhost:3004/c19d8dc7-1fc3-4600-8f18-e6e72b6d736e:0
[  178108ms] [ERROR] Failed to load resource: net::ERR_FILE_NOT_FOUND @ blob:http://localhost:3004/feeef829-7be6-4e5a-9493-d1c982c2545f:0
[  178122ms] [ERROR] Failed to load resource: net::ERR_FILE_NOT_FOUND @ blob:http://localhost:3004/67aacd7f-56bd-4e21-8a68-c0c8b35135e7:0
[  178127ms] [ERROR] Failed to load resource: net::ERR_FILE_NOT_FOUND @ blob:http://localhost:3004/8b34c583-5529-4251-b711-c1aff102f6ce:0
[  178177ms] [ERROR] Failed to load resource: net::ERR_FILE_NOT_FOUND @ blob:http://localhost:3004/7e22de6a-b968-4da7-bb4b-86d0d684c902:0
[  178184ms] [ERROR] Failed to load resource: net::ERR_FILE_NOT_FOUND @ blob:http://localhost:3004/35f29887-4529-4ab2-b85e-095bb823a601:0
[  178231ms] [ERROR] Failed to load resource: net::ERR_FILE_NOT_FOUND @ blob:http://localhost:3004/30524487-905b-4d22-9d8a-1fe1da873c5b:0
[  178243ms] [ERROR] Failed to load resource: net::ERR_FILE_NOT_FOUND @ blob:http://localhost:3004/92b189ba-d612-4aae-b868-cfd41730113b:0
[  178247ms] [ERROR] Failed to load resource: net::ERR_FILE_NOT_FOUND @ blob:http://localhost:3004/79cd4a48-3fb7-488e-82d3-b347396e8cad:0
[  178279ms] [ERROR] Failed to load resource: net::ERR_FILE_NOT_FOUND @ blob:http://localhost:3004/29dc61ab-5d3e-441c-bb5c-b3e933579375:0
[  178308ms] [ERROR] Failed to load resource: net::ERR_FILE_NOT_FOUND @ blob:http://localhost:3004/82e96fff-0a02-4838-8230-398275ad67d0:0
[  178373ms] [ERROR] Failed to load resource: net::ERR_FILE_NOT_FOUND @ blob:http://localhost:3004/3fb44272-5e32-4852-a950-fa69d42166e3:0
[  178380ms] [ERROR] Failed to load resource: net::ERR_FILE_NOT_FOUND @ blob:http://localhost:3004/b844740b-4b52-453e-ab2f-bac3c08996fc:0
[  178460ms] [ERROR] Failed to load resource: net::ERR_FILE_NOT_FOUND @ blob:http://localhost:3004/e7cf2c8c-9327-4a49-b2d1-adf011b38dfa:0
[  178497ms] [ERROR] Failed to load resource: net::ERR_FILE_NOT_FOUND @ blob:http://localhost:3004/d6741d40-5893-47ed-940e-28741359afcc:0
[  178512ms] [ERROR] Failed to load resource: net::ERR_FILE_NOT_FOUND @ blob:http://localhost:3004/49d3feb9-1c29-4f6a-981a-eaa02f7931f9:0
[  178566ms] [ERROR] Failed to load resource: net::ERR_FILE_NOT_FOUND @ blob:http://localhost:3004/b3a561f6-704d-4c76-9d79-dff547745f48:0
[  178574ms] [ERROR] Failed to load resource: net::ERR_FILE_NOT_FOUND @ blob:http://localhost:3004/57633a21-bac2-4505-a097-038a36e6dcac:0
[  178590ms] [ERROR] Failed to load resource: net::ERR_FILE_NOT_FOUND @ blob:http://localhost:3004/9cf6dc9a-081b-43de-b8c5-31910b98b032:0
[  178607ms] [ERROR] Failed to load resource: net::ERR_FILE_NOT_FOUND @ blob:http://localhost:3004/62ed09d2-48d2-4627-8503-8ea1af8bafdc:0
[  178624ms] [ERROR] Failed to load resource: net::ERR_FILE_NOT_FOUND @ blob:http://localhost:3004/1d709363-1084-425d-9765-9551c8fad086:0
[  178691ms] [ERROR] Failed to load resource: net::ERR_FILE_NOT_FOUND @ blob:http://localhost:3004/c5429f2a-2ab8-4cbf-9979-2d56c35a1399:0
[  178712ms] [ERROR] Failed to load resource: net::ERR_FILE_NOT_FOUND @ blob:http://localhost:3004/000170dd-e388-4faf-a2fa-97b36810f5b9:0
[  178715ms] [ERROR] Failed to load resource: net::ERR_FILE_NOT_FOUND @ blob:http://localhost:3004/c17d0b6c-cc64-4ba5-b2f9-ec3c4a9de165:0
[  178735ms] [ERROR] Failed to load resource: net::ERR_FILE_NOT_FOUND @ blob:http://localhost:3004/61458c26-5a92-4aee-b9a8-bef08c9b7a10:0
[  178755ms] [ERROR] Failed to load resource: net::ERR_FILE_NOT_FOUND @ blob:http://localhost:3004/8ad260ed-5f02-43cd-ab99-7f14abcccd15:0
[  178801ms] [ERROR] Failed to load resource: net::ERR_FILE_NOT_FOUND @ blob:http://localhost:3004/198f5871-627e-458e-9ab8-fb2ad540868d:0
[  178808ms] [ERROR] Failed to load resource: net::ERR_FILE_NOT_FOUND @ blob:http://localhost:3004/9184ed72-cbf3-46ca-b7a1-2d93467ca7a9:0
[  178817ms] [ERROR] Failed to load resource: net::ERR_FILE_NOT_FOUND @ blob:http://localhost:3004/bb698206-3e2d-47ff-b092-3ec77a423e01:0
[  178824ms] [ERROR] Failed to load resource: net::ERR_FILE_NOT_FOUND @ blob:http://localhost:3004/82cb3874-1878-49d7-9ca4-208e97aa606f:0
[  178906ms] [ERROR] Failed to load resource: net::ERR_FILE_NOT_FOUND @ blob:http://localhost:3004/e4c0a94b-0735-444f-b047-30b5c9688256:0
[  178914ms] [ERROR] Failed to load resource: net::ERR_FILE_NOT_FOUND @ blob:http://localhost:3004/4f551168-e1ec-4b63-88df-f7e00cc05ba2:0
[  178921ms] [ERROR] Failed to load resource: net::ERR_FILE_NOT_FOUND @ blob:http://localhost:3004/1e0f3440-b05e-451e-86be-09aee8f376e1:0
[  178974ms] [ERROR] Failed to load resource: net::ERR_FILE_NOT_FOUND @ blob:http://localhost:3004/643493ff-a36b-4be7-9bad-9d8b7f269f62:0
[  178982ms] [ERROR] Failed to load resource: net::ERR_FILE_NOT_FOUND @ blob:http://localhost:3004/bbcdc34c-cab8-47b6-8eb0-ce64e5ed9147:0
[  178989ms] [ERROR] Failed to load resource: net::ERR_FILE_NOT_FOUND @ blob:http://localhost:3004/9c65aaab-d7a8-4a46-87e1-0820f1705922:0
[  179046ms] [ERROR] Failed to load resource: net::ERR_FILE_NOT_FOUND @ blob:http://localhost:3004/4f3c4bc6-0525-44c6-ae13-05d564314f5b:0
[  179076ms] [ERROR] Failed to load resource: net::ERR_FILE_NOT_FOUND @ blob:http://localhost:3004/a804655c-c8db-47e2-90dd-b4d94c453307:0
[  179084ms] [ERROR] Failed to load resource: net::ERR_FILE_NOT_FOUND @ blob:http://localhost:3004/8b03d05d-0463-4573-b0b4-48f7a5309012:0
[  179123ms] [ERROR] Failed to load resource: net::ERR_FILE_NOT_FOUND @ blob:http://localhost:3004/4db7b85c-cb0f-4c7c-97f1-8e4ec27f5592:0
[  179247ms] [ERROR] Failed to load resource: net::ERR_FILE_NOT_FOUND @ blob:http://localhost:3004/c71b51ac-04be-460a-9699-22d0336aeb2f:0
[  179263ms] [ERROR] Failed to load resource: net::ERR_FILE_NOT_FOUND @ blob:http://localhost:3004/eb8fb226-9f64-4901-9ce2-351b58191a4c:0
[  179289ms] [ERROR] Failed to load resource: net::ERR_FILE_NOT_FOUND @ blob:http://localhost:3004/865d53f0-7a74-49cb-8476-39f8f831d263:0
[  179313ms] [ERROR] Failed to load resource: net::ERR_FILE_NOT_FOUND @ blob:http://localhost:3004/faf05cef-0cb1-402a-94d7-688fbf023b9f:0
[  179319ms] [ERROR] Failed to load resource: net::ERR_FILE_NOT_FOUND @ blob:http://localhost:3004/b7bc8f0f-117d-417a-8acd-652c4daddbde:0
[  179380ms] [ERROR] Failed to load resource: net::ERR_FILE_NOT_FOUND @ blob:http://localhost:3004/1c5bb96a-a975-41cd-843c-cedf522f52b2:0
[  180472ms] [ERROR] Failed to load resource: net::ERR_FILE_NOT_FOUND @ blob:http://localhost:3004/5f56876d-1072-41c4-9246-a293c747fd30:0
[  180513ms] [ERROR] Failed to load resource: net::ERR_FILE_NOT_FOUND @ blob:http://localhost:3004/268652ba-72cb-4bc0-9e74-686e789c9b6d:0
[  180539ms] [ERROR] Failed to load resource: net::ERR_FILE_NOT_FOUND @ blob:http://localhost:3004/0a1dfaf0-8aaa-40c0-8045-0700a272fd51:0
[  180592ms] [ERROR] Failed to load resource: net::ERR_FILE_NOT_FOUND @ blob:http://localhost:3004/35ee2c26-e1a5-47d5-94e7-659da94d5d11:0
[  180714ms] [ERROR] Failed to load resource: net::ERR_FILE_NOT_FOUND @ blob:http://localhost:3004/7d423ee2-7738-431d-a13b-3d1e66481f13:0
[  180850ms] [ERROR] Failed to load resource: net::ERR_FILE_NOT_FOUND @ blob:http://localhost:3004/49fcefeb-f795-4058-8971-8b42656188a7:0
[  181022ms] [ERROR] Failed to load resource: net::ERR_FILE_NOT_FOUND @ blob:http://localhost:3004/aeb90ab2-07da-4677-863c-22942abacaec:0
[  181513ms] [ERROR] Failed to load resource: net::ERR_FILE_NOT_FOUND @ blob:http://localhost:3004/e171b809-aca7-4d28-bca8-30143fe4e9f9:0
[  181639ms] [ERROR] Failed to load resource: net::ERR_FILE_NOT_FOUND @ blob:http://localhost:3004/8d8da3f6-b575-40e5-a2bf-c2a0793881bb:0
[  181921ms] [ERROR] Failed to load resource: net::ERR_FILE_NOT_FOUND @ blob:http://localhost:3004/9f2d5a6e-3003-4a61-a45a-060a2e50d266:0
[  182314ms] [ERROR] Failed to load resource: net::ERR_FILE_NOT_FOUND @ blob:http://localhost:3004/31db25a4-59f7-4a5a-9936-5cae3f61f47a:0
[  182741ms] [ERROR] Failed to load resource: net::ERR_FILE_NOT_FOUND @ blob:http://localhost:3004/63231591-d62c-45a9-a7ba-de30face8e98:0
[  183454ms] [ERROR] Failed to load resource: net::ERR_FILE_NOT_FOUND @ blob:http://localhost:3004/8e382a90-12bb-4210-af33-ae60993312e2:0
[  183659ms] [ERROR] Failed to load resource: net::ERR_FILE_NOT_FOUND @ blob:http://localhost:3004/2d385090-acac-452d-a06a-e3f1b23804a4:0
[  183702ms] [ERROR] Failed to load resource: net::ERR_FILE_NOT_FOUND @ blob:http://localhost:3004/3f1a1dbb-6a4f-40ae-a66c-88a486849c0f:0
[  183961ms] [ERROR] Failed to load resource: net::ERR_FILE_NOT_FOUND @ blob:http://localhost:3004/c97627a0-3c31-4bd8-98a8-892e0cdafa32:0
