[      28ms] [ERROR] ./remotion/EmpowerEveryTeam.tsx:164:5
Expression expected
  162 |       </svg>
  163 |       </div>
> 164 |     </AbsoluteFill>
      |     ^
  165 |   );
  166 | };
  167 |

Parsing ecmascript source code failed

Import trace:
  Client Component Browser:
    ./remotion/EmpowerEveryTeam.tsx [Client Component Browser]
    ./components/ui/RemotionEmpowerTeam.tsx [Client Component Browser]
    ./components/sections/TransformSection.tsx [Client Component Browser]
    ./components/sections/TransformSection.tsx [Server Component]
    ./app/page.tsx [Server Component] @ http://localhost:3000/_next/static/chunks/node_modules_next_dist_115brz8._.js:3272
[      28ms] [ERROR] ./remotion/EmpowerEveryTeam.tsx:164:6
Unterminated regexp literal
  162 |       </svg>
  163 |       </div>
> 164 |     </AbsoluteFill>
      |      ^^^^^^^^^^^^^^
  165 |   );
  166 | };
  167 |

Parsing ecmascript source code failed

Import trace:
  Client Component Browser:
    ./remotion/EmpowerEveryTeam.tsx [Client Component Browser]
    ./components/ui/RemotionEmpowerTeam.tsx [Client Component Browser]
    ./components/sections/TransformSection.tsx [Client Component Browser]
    ./components/sections/TransformSection.tsx [Server Component]
    ./app/page.tsx [Server Component] @ http://localhost:3000/_next/static/chunks/node_modules_next_dist_115brz8._.js:3272
[     152ms] [LOG] [Fast Refresh] rebuilding @ http://localhost:3000/_next/static/chunks/node_modules_next_dist_115brz8._.js:2431
[     279ms] [ERROR] ./remotion/EmpowerEveryTeam.tsx:164:5
Expression expected
  162 |       </svg>
  163 |       </div>
> 164 |     </AbsoluteFill>
      |     ^
  165 |   );
  166 | };
  167 |

Parsing ecmascript source code failed

Import trace:
  Client Component Browser:
    ./remotion/EmpowerEveryTeam.tsx [Client Component Browser]
    ./components/ui/RemotionEmpowerTeam.tsx [Client Component Browser]
    ./components/sections/TransformSection.tsx [Client Component Browser]
    ./components/sections/TransformSection.tsx [Server Component]
    ./app/page.tsx [Server Component] @ http://localhost:3000/_next/static/chunks/node_modules_next_dist_115brz8._.js:3272
[     279ms] [ERROR] ./remotion/EmpowerEveryTeam.tsx:164:6
Unterminated regexp literal
  162 |       </svg>
  163 |       </div>
> 164 |     </AbsoluteFill>
      |      ^^^^^^^^^^^^^^
  165 |   );
  166 | };
  167 |

Parsing ecmascript source code failed

Import trace:
  Client Component Browser:
    ./remotion/EmpowerEveryTeam.tsx [Client Component Browser]
    ./components/ui/RemotionEmpowerTeam.tsx [Client Component Browser]
    ./components/sections/TransformSection.tsx [Client Component Browser]
    ./components/sections/TransformSection.tsx [Server Component]
    ./app/page.tsx [Server Component] @ http://localhost:3000/_next/static/chunks/node_modules_next_dist_115brz8._.js:3272
[     279ms] [ERROR] ./remotion/EmpowerEveryTeam.tsx:164:5
Expression expected
  162 |       </svg>
  163 |       </div>
> 164 |     </AbsoluteFill>
      |     ^
  165 |   );
  166 | };
  167 |

Parsing ecmascript source code failed

Import trace:
  Client Component Browser:
    ./remotion/EmpowerEveryTeam.tsx [Client Component Browser]
    ./components/ui/RemotionEmpowerTeam.tsx [Client Component Browser]
    ./components/sections/TransformSection.tsx [Client Component Browser]
    ./components/sections/TransformSection.tsx [Server Component]
    ./app/page.tsx [Server Component] @ http://localhost:3000/_next/static/chunks/node_modules_next_dist_115brz8._.js:3272
[     280ms] [ERROR] ./remotion/EmpowerEveryTeam.tsx:164:6
Unterminated regexp literal
  162 |       </svg>
  163 |       </div>
> 164 |     </AbsoluteFill>
      |      ^^^^^^^^^^^^^^
  165 |   );
  166 | };
  167 |

Parsing ecmascript source code failed

Import trace:
  Client Component Browser:
    ./remotion/EmpowerEveryTeam.tsx [Client Component Browser]
    ./components/ui/RemotionEmpowerTeam.tsx [Client Component Browser]
    ./components/sections/TransformSection.tsx [Client Component Browser]
    ./components/sections/TransformSection.tsx [Server Component]
    ./app/page.tsx [Server Component] @ http://localhost:3000/_next/static/chunks/node_modules_next_dist_115brz8._.js:3272
[     290ms] [ERROR] Failed to load resource: the server responded with a status of 500 (Internal Server Error) @ http://localhost:3000/:0
[     379ms] [INFO] %cDownload the React DevTools for a better development experience: https://react.dev/link/react-devtools font-weight:bold @ http://localhost:3000/_next/static/chunks/node_modules_react-dom_0bruynb._.js:15305
[     425ms] Error: ./remotion/EmpowerEveryTeam.tsx:164:5
Expression expected
  162 |       </svg>
  163 |       </div>
> 164 |     </AbsoluteFill>
      |     ^
  165 |   );
  166 | };
  167 |

Parsing ecmascript source code failed

Import trace:
  Client Component Browser:
    ./remotion/EmpowerEveryTeam.tsx [Client Component Browser]
    ./components/ui/RemotionEmpowerTeam.tsx [Client Component Browser]
    ./components/sections/TransformSection.tsx [Client Component Browser]
    ./components/sections/TransformSection.tsx [Server Component]
    ./app/page.tsx [Server Component]


    at <unknown> (Error: ./remotion/EmpowerEveryTeam.tsx:164:5)
    at Object.getCompilationErrors (file:///Users/mac/Documents/Pair Website/node_modules/next/dist/server/dev/hot-reloader-turbopack.js:1186:59)
    at DevBundlerService.getCompilationError (file:///Users/mac/Documents/Pair Website/node_modules/next/dist/server/lib/dev-bundler-service.js:44:55)
    at DevServer.getCompilationError (file:///Users/mac/Documents/Pair Website/node_modules/next/dist/server/dev/next-dev-server.js:719:42)
    at DevServer.findPageComponents (file:///Users/mac/Documents/Pair Website/node_modules/next/dist/server/dev/next-dev-server.js:689:43)
    at async DevServer.renderErrorToResponseImpl (file:///Users/mac/Documents/Pair Website/node_modules/next/dist/server/base-server.js:1745:26)
[     423ms] [LOG] [HMR] connected @ http://localhost:3000/_next/static/chunks/node_modules_next_dist_0u_w_5s._.js:1226
[     425ms] [ERROR] ./remotion/EmpowerEveryTeam.tsx:164:5
Expression expected
  162 |       </svg>
  163 |       </div>
> 164 |     </AbsoluteFill>
      |     ^
  165 |   );
  166 | };
  167 |

Parsing ecmascript source code failed

Import trace:
  Client Component Browser:
    ./remotion/EmpowerEveryTeam.tsx [Client Component Browser]
    ./components/ui/RemotionEmpowerTeam.tsx [Client Component Browser]
    ./components/sections/TransformSection.tsx [Client Component Browser]
    ./components/sections/TransformSection.tsx [Server Component]
    ./app/page.tsx [Server Component] @ http://localhost:3000/_next/static/chunks/node_modules_next_dist_0u_w_5s._.js:1945
[     425ms] [ERROR] ./remotion/EmpowerEveryTeam.tsx:164:6
Unterminated regexp literal
  162 |       </svg>
  163 |       </div>
> 164 |     </AbsoluteFill>
      |      ^^^^^^^^^^^^^^
  165 |   );
  166 | };
  167 |

Parsing ecmascript source code failed

Import trace:
  Client Component Browser:
    ./remotion/EmpowerEveryTeam.tsx [Client Component Browser]
    ./components/ui/RemotionEmpowerTeam.tsx [Client Component Browser]
    ./components/sections/TransformSection.tsx [Client Component Browser]
    ./components/sections/TransformSection.tsx [Server Component]
    ./app/page.tsx [Server Component] @ http://localhost:3000/_next/static/chunks/node_modules_next_dist_0u_w_5s._.js:1945
[     440ms] [ERROR] ./remotion/EmpowerEveryTeam.tsx:164:5
Expression expected
  162 |       </svg>
  163 |       </div>
> 164 |     </AbsoluteFill>
      |     ^
  165 |   );
  166 | };
  167 |

Parsing ecmascript source code failed

Import trace:
  Client Component Browser:
    ./remotion/EmpowerEveryTeam.tsx [Client Component Browser]
    ./components/ui/RemotionEmpowerTeam.tsx [Client Component Browser]
    ./components/sections/TransformSection.tsx [Client Component Browser]
    ./components/sections/TransformSection.tsx [Server Component]
    ./app/page.tsx [Server Component] @ http://localhost:3000/_next/static/chunks/node_modules_next_dist_0u_w_5s._.js:1945
[     440ms] [ERROR] ./remotion/EmpowerEveryTeam.tsx:164:6
Unterminated regexp literal
  162 |       </svg>
  163 |       </div>
> 164 |     </AbsoluteFill>
      |      ^^^^^^^^^^^^^^
  165 |   );
  166 | };
  167 |

Parsing ecmascript source code failed

Import trace:
  Client Component Browser:
    ./remotion/EmpowerEveryTeam.tsx [Client Component Browser]
    ./components/ui/RemotionEmpowerTeam.tsx [Client Component Browser]
    ./components/sections/TransformSection.tsx [Client Component Browser]
    ./components/sections/TransformSection.tsx [Server Component]
    ./app/page.tsx [Server Component] @ http://localhost:3000/_next/static/chunks/node_modules_next_dist_0u_w_5s._.js:1945
[     520ms] [ERROR] ./remotion/EmpowerEveryTeam.tsx:164:5
Expression expected
  162 |       </svg>
  163 |       </div>
> 164 |     </AbsoluteFill>
      |     ^
  165 |   );
  166 | };
  167 |

Parsing ecmascript source code failed

Import trace:
  Client Component Browser:
    ./remotion/EmpowerEveryTeam.tsx [Client Component Browser]
    ./components/ui/RemotionEmpowerTeam.tsx [Client Component Browser]
    ./components/sections/TransformSection.tsx [Client Component Browser]
    ./components/sections/TransformSection.tsx [Server Component]
    ./app/page.tsx [Server Component] @ http://localhost:3000/_next/static/chunks/node_modules_next_dist_0u_w_5s._.js:1945
[     520ms] [ERROR] ./remotion/EmpowerEveryTeam.tsx:164:6
Unterminated regexp literal
  162 |       </svg>
  163 |       </div>
> 164 |     </AbsoluteFill>
      |      ^^^^^^^^^^^^^^
  165 |   );
  166 | };
  167 |

Parsing ecmascript source code failed

Import trace:
  Client Component Browser:
    ./remotion/EmpowerEveryTeam.tsx [Client Component Browser]
    ./components/ui/RemotionEmpowerTeam.tsx [Client Component Browser]
    ./components/sections/TransformSection.tsx [Client Component Browser]
    ./components/sections/TransformSection.tsx [Server Component]
    ./app/page.tsx [Server Component] @ http://localhost:3000/_next/static/chunks/node_modules_next_dist_0u_w_5s._.js:1945
[     573ms] [ERROR] ./remotion/EmpowerEveryTeam.tsx:164:5
Expression expected
  162 |       </svg>
  163 |       </div>
> 164 |     </AbsoluteFill>
      |     ^
  165 |   );
  166 | };
  167 |

Parsing ecmascript source code failed

Import trace:
  Client Component Browser:
    ./remotion/EmpowerEveryTeam.tsx [Client Component Browser]
    ./components/ui/RemotionEmpowerTeam.tsx [Client Component Browser]
    ./components/sections/TransformSection.tsx [Client Component Browser]
    ./components/sections/TransformSection.tsx [Server Component]
    ./app/page.tsx [Server Component] @ http://localhost:3000/_next/static/chunks/node_modules_next_dist_0u_w_5s._.js:1945
[     573ms] [ERROR] ./remotion/EmpowerEveryTeam.tsx:164:6
Unterminated regexp literal
  162 |       </svg>
  163 |       </div>
> 164 |     </AbsoluteFill>
      |      ^^^^^^^^^^^^^^
  165 |   );
  166 | };
  167 |

Parsing ecmascript source code failed

Import trace:
  Client Component Browser:
    ./remotion/EmpowerEveryTeam.tsx [Client Component Browser]
    ./components/ui/RemotionEmpowerTeam.tsx [Client Component Browser]
    ./components/sections/TransformSection.tsx [Client Component Browser]
    ./components/sections/TransformSection.tsx [Server Component]
    ./app/page.tsx [Server Component] @ http://localhost:3000/_next/static/chunks/node_modules_next_dist_0u_w_5s._.js:1945
[     623ms] [ERROR] ./remotion/EmpowerEveryTeam.tsx:164:5
Expression expected
  162 |       </svg>
  163 |       </div>
> 164 |     </AbsoluteFill>
      |     ^
  165 |   );
  166 | };
  167 |

Parsing ecmascript source code failed

Import trace:
  Client Component Browser:
    ./remotion/EmpowerEveryTeam.tsx [Client Component Browser]
    ./components/ui/RemotionEmpowerTeam.tsx [Client Component Browser]
    ./components/sections/TransformSection.tsx [Client Component Browser]
    ./components/sections/TransformSection.tsx [Server Component]
    ./app/page.tsx [Server Component] @ http://localhost:3000/_next/static/chunks/node_modules_next_dist_0u_w_5s._.js:1945
[     623ms] [ERROR] ./remotion/EmpowerEveryTeam.tsx:164:6
Unterminated regexp literal
  162 |       </svg>
  163 |       </div>
> 164 |     </AbsoluteFill>
      |      ^^^^^^^^^^^^^^
  165 |   );
  166 | };
  167 |

Parsing ecmascript source code failed

Import trace:
  Client Component Browser:
    ./remotion/EmpowerEveryTeam.tsx [Client Component Browser]
    ./components/ui/RemotionEmpowerTeam.tsx [Client Component Browser]
    ./components/sections/TransformSection.tsx [Client Component Browser]
    ./components/sections/TransformSection.tsx [Server Component]
    ./app/page.tsx [Server Component] @ http://localhost:3000/_next/static/chunks/node_modules_next_dist_0u_w_5s._.js:1945
[     691ms] [ERROR] ./remotion/EmpowerEveryTeam.tsx:164:5
Expression expected
  162 |       </svg>
  163 |       </div>
> 164 |     </AbsoluteFill>
      |     ^
  165 |   );
  166 | };
  167 |

Parsing ecmascript source code failed

Import trace:
  Client Component Browser:
    ./remotion/EmpowerEveryTeam.tsx [Client Component Browser]
    ./components/ui/RemotionEmpowerTeam.tsx [Client Component Browser]
    ./components/sections/TransformSection.tsx [Client Component Browser]
    ./components/sections/TransformSection.tsx [Server Component]
    ./app/page.tsx [Server Component] @ http://localhost:3000/_next/static/chunks/node_modules_next_dist_0u_w_5s._.js:1945
[     691ms] [ERROR] ./remotion/EmpowerEveryTeam.tsx:164:6
Unterminated regexp literal
  162 |       </svg>
  163 |       </div>
> 164 |     </AbsoluteFill>
      |      ^^^^^^^^^^^^^^
  165 |   );
  166 | };
  167 |

Parsing ecmascript source code failed

Import trace:
  Client Component Browser:
    ./remotion/EmpowerEveryTeam.tsx [Client Component Browser]
    ./components/ui/RemotionEmpowerTeam.tsx [Client Component Browser]
    ./components/sections/TransformSection.tsx [Client Component Browser]
    ./components/sections/TransformSection.tsx [Server Component]
    ./app/page.tsx [Server Component] @ http://localhost:3000/_next/static/chunks/node_modules_next_dist_0u_w_5s._.js:1945
[     742ms] [ERROR] ./remotion/EmpowerEveryTeam.tsx:164:5
Expression expected
  162 |       </svg>
  163 |       </div>
> 164 |     </AbsoluteFill>
      |     ^
  165 |   );
  166 | };
  167 |

Parsing ecmascript source code failed

Import trace:
  Client Component Browser:
    ./remotion/EmpowerEveryTeam.tsx [Client Component Browser]
    ./components/ui/RemotionEmpowerTeam.tsx [Client Component Browser]
    ./components/sections/TransformSection.tsx [Client Component Browser]
    ./components/sections/TransformSection.tsx [Server Component]
    ./app/page.tsx [Server Component] @ http://localhost:3000/_next/static/chunks/node_modules_next_dist_0u_w_5s._.js:1945
[     742ms] [ERROR] ./remotion/EmpowerEveryTeam.tsx:164:6
Unterminated regexp literal
  162 |       </svg>
  163 |       </div>
> 164 |     </AbsoluteFill>
      |      ^^^^^^^^^^^^^^
  165 |   );
  166 | };
  167 |

Parsing ecmascript source code failed

Import trace:
  Client Component Browser:
    ./remotion/EmpowerEveryTeam.tsx [Client Component Browser]
    ./components/ui/RemotionEmpowerTeam.tsx [Client Component Browser]
    ./components/sections/TransformSection.tsx [Client Component Browser]
    ./components/sections/TransformSection.tsx [Server Component]
    ./app/page.tsx [Server Component] @ http://localhost:3000/_next/static/chunks/node_modules_next_dist_0u_w_5s._.js:1945
[     792ms] [ERROR] ./remotion/EmpowerEveryTeam.tsx:164:5
Expression expected
  162 |       </svg>
  163 |       </div>
> 164 |     </AbsoluteFill>
      |     ^
  165 |   );
  166 | };
  167 |

Parsing ecmascript source code failed

Import trace:
  Client Component Browser:
    ./remotion/EmpowerEveryTeam.tsx [Client Component Browser]
    ./components/ui/RemotionEmpowerTeam.tsx [Client Component Browser]
    ./components/sections/TransformSection.tsx [Client Component Browser]
    ./components/sections/TransformSection.tsx [Server Component]
    ./app/page.tsx [Server Component] @ http://localhost:3000/_next/static/chunks/node_modules_next_dist_0u_w_5s._.js:1945
[     792ms] [ERROR] ./remotion/EmpowerEveryTeam.tsx:164:6
Unterminated regexp literal
  162 |       </svg>
  163 |       </div>
> 164 |     </AbsoluteFill>
      |      ^^^^^^^^^^^^^^
  165 |   );
  166 | };
  167 |

Parsing ecmascript source code failed

Import trace:
  Client Component Browser:
    ./remotion/EmpowerEveryTeam.tsx [Client Component Browser]
    ./components/ui/RemotionEmpowerTeam.tsx [Client Component Browser]
    ./components/sections/TransformSection.tsx [Client Component Browser]
    ./components/sections/TransformSection.tsx [Server Component]
    ./app/page.tsx [Server Component] @ http://localhost:3000/_next/static/chunks/node_modules_next_dist_0u_w_5s._.js:1945
[     843ms] [ERROR] ./remotion/EmpowerEveryTeam.tsx:164:5
Expression expected
  162 |       </svg>
  163 |       </div>
> 164 |     </AbsoluteFill>
      |     ^
  165 |   );
  166 | };
  167 |

Parsing ecmascript source code failed

Import trace:
  Client Component Browser:
    ./remotion/EmpowerEveryTeam.tsx [Client Component Browser]
    ./components/ui/RemotionEmpowerTeam.tsx [Client Component Browser]
    ./components/sections/TransformSection.tsx [Client Component Browser]
    ./components/sections/TransformSection.tsx [Server Component]
    ./app/page.tsx [Server Component] @ http://localhost:3000/_next/static/chunks/node_modules_next_dist_0u_w_5s._.js:1945
[     843ms] [ERROR] ./remotion/EmpowerEveryTeam.tsx:164:6
Unterminated regexp literal
  162 |       </svg>
  163 |       </div>
> 164 |     </AbsoluteFill>
      |      ^^^^^^^^^^^^^^
  165 |   );
  166 | };
  167 |

Parsing ecmascript source code failed

Import trace:
  Client Component Browser:
    ./remotion/EmpowerEveryTeam.tsx [Client Component Browser]
    ./components/ui/RemotionEmpowerTeam.tsx [Client Component Browser]
    ./components/sections/TransformSection.tsx [Client Component Browser]
    ./components/sections/TransformSection.tsx [Server Component]
    ./app/page.tsx [Server Component] @ http://localhost:3000/_next/static/chunks/node_modules_next_dist_0u_w_5s._.js:1945
[     893ms] [ERROR] ./remotion/EmpowerEveryTeam.tsx:164:5
Expression expected
  162 |       </svg>
  163 |       </div>
> 164 |     </AbsoluteFill>
      |     ^
  165 |   );
  166 | };
  167 |

Parsing ecmascript source code failed

Import trace:
  Client Component Browser:
    ./remotion/EmpowerEveryTeam.tsx [Client Component Browser]
    ./components/ui/RemotionEmpowerTeam.tsx [Client Component Browser]
    ./components/sections/TransformSection.tsx [Client Component Browser]
    ./components/sections/TransformSection.tsx [Server Component]
    ./app/page.tsx [Server Component] @ http://localhost:3000/_next/static/chunks/node_modules_next_dist_0u_w_5s._.js:1945
[     893ms] [ERROR] ./remotion/EmpowerEveryTeam.tsx:164:6
Unterminated regexp literal
  162 |       </svg>
  163 |       </div>
> 164 |     </AbsoluteFill>
      |      ^^^^^^^^^^^^^^
  165 |   );
  166 | };
  167 |

Parsing ecmascript source code failed

Import trace:
  Client Component Browser:
    ./remotion/EmpowerEveryTeam.tsx [Client Component Browser]
    ./components/ui/RemotionEmpowerTeam.tsx [Client Component Browser]
    ./components/sections/TransformSection.tsx [Client Component Browser]
    ./components/sections/TransformSection.tsx [Server Component]
    ./app/page.tsx [Server Component] @ http://localhost:3000/_next/static/chunks/node_modules_next_dist_0u_w_5s._.js:1945
[     945ms] [ERROR] ./remotion/EmpowerEveryTeam.tsx:164:5
Expression expected
  162 |       </svg>
  163 |       </div>
> 164 |     </AbsoluteFill>
      |     ^
  165 |   );
  166 | };
  167 |

Parsing ecmascript source code failed

Import trace:
  Client Component Browser:
    ./remotion/EmpowerEveryTeam.tsx [Client Component Browser]
    ./components/ui/RemotionEmpowerTeam.tsx [Client Component Browser]
    ./components/sections/TransformSection.tsx [Client Component Browser]
    ./components/sections/TransformSection.tsx [Server Component]
    ./app/page.tsx [Server Component] @ http://localhost:3000/_next/static/chunks/node_modules_next_dist_0u_w_5s._.js:1945
[     945ms] [ERROR] ./remotion/EmpowerEveryTeam.tsx:164:6
Unterminated regexp literal
  162 |       </svg>
  163 |       </div>
> 164 |     </AbsoluteFill>
      |      ^^^^^^^^^^^^^^
  165 |   );
  166 | };
  167 |

Parsing ecmascript source code failed

Import trace:
  Client Component Browser:
    ./remotion/EmpowerEveryTeam.tsx [Client Component Browser]
    ./components/ui/RemotionEmpowerTeam.tsx [Client Component Browser]
    ./components/sections/TransformSection.tsx [Client Component Browser]
    ./components/sections/TransformSection.tsx [Server Component]
    ./app/page.tsx [Server Component] @ http://localhost:3000/_next/static/chunks/node_modules_next_dist_0u_w_5s._.js:1945
[     991ms] [ERROR] ./remotion/EmpowerEveryTeam.tsx:164:5
Expression expected
  162 |       </svg>
  163 |       </div>
> 164 |     </AbsoluteFill>
      |     ^
  165 |   );
  166 | };
  167 |

Parsing ecmascript source code failed

Import trace:
  Client Component Browser:
    ./remotion/EmpowerEveryTeam.tsx [Client Component Browser]
    ./components/ui/RemotionEmpowerTeam.tsx [Client Component Browser]
    ./components/sections/TransformSection.tsx [Client Component Browser]
    ./components/sections/TransformSection.tsx [Server Component]
    ./app/page.tsx [Server Component] @ http://localhost:3000/_next/static/chunks/node_modules_next_dist_0u_w_5s._.js:1945
[     991ms] [ERROR] ./remotion/EmpowerEveryTeam.tsx:164:6
Unterminated regexp literal
  162 |       </svg>
  163 |       </div>
> 164 |     </AbsoluteFill>
      |      ^^^^^^^^^^^^^^
  165 |   );
  166 | };
  167 |

Parsing ecmascript source code failed

Import trace:
  Client Component Browser:
    ./remotion/EmpowerEveryTeam.tsx [Client Component Browser]
    ./components/ui/RemotionEmpowerTeam.tsx [Client Component Browser]
    ./components/sections/TransformSection.tsx [Client Component Browser]
    ./components/sections/TransformSection.tsx [Server Component]
    ./app/page.tsx [Server Component] @ http://localhost:3000/_next/static/chunks/node_modules_next_dist_0u_w_5s._.js:1945
[    1043ms] [ERROR] ./remotion/EmpowerEveryTeam.tsx:164:5
Expression expected
  162 |       </svg>
  163 |       </div>
> 164 |     </AbsoluteFill>
      |     ^
  165 |   );
  166 | };
  167 |

Parsing ecmascript source code failed

Import trace:
  Client Component Browser:
    ./remotion/EmpowerEveryTeam.tsx [Client Component Browser]
    ./components/ui/RemotionEmpowerTeam.tsx [Client Component Browser]
    ./components/sections/TransformSection.tsx [Client Component Browser]
    ./components/sections/TransformSection.tsx [Server Component]
    ./app/page.tsx [Server Component] @ http://localhost:3000/_next/static/chunks/node_modules_next_dist_0u_w_5s._.js:1945
[    1043ms] [ERROR] ./remotion/EmpowerEveryTeam.tsx:164:6
Unterminated regexp literal
  162 |       </svg>
  163 |       </div>
> 164 |     </AbsoluteFill>
      |      ^^^^^^^^^^^^^^
  165 |   );
  166 | };
  167 |

Parsing ecmascript source code failed

Import trace:
  Client Component Browser:
    ./remotion/EmpowerEveryTeam.tsx [Client Component Browser]
    ./components/ui/RemotionEmpowerTeam.tsx [Client Component Browser]
    ./components/sections/TransformSection.tsx [Client Component Browser]
    ./components/sections/TransformSection.tsx [Server Component]
    ./app/page.tsx [Server Component] @ http://localhost:3000/_next/static/chunks/node_modules_next_dist_0u_w_5s._.js:1945
[    1095ms] [ERROR] ./remotion/EmpowerEveryTeam.tsx:164:5
Expression expected
  162 |       </svg>
  163 |       </div>
> 164 |     </AbsoluteFill>
      |     ^
  165 |   );
  166 | };
  167 |

Parsing ecmascript source code failed

Import trace:
  Client Component Browser:
    ./remotion/EmpowerEveryTeam.tsx [Client Component Browser]
    ./components/ui/RemotionEmpowerTeam.tsx [Client Component Browser]
    ./components/sections/TransformSection.tsx [Client Component Browser]
    ./components/sections/TransformSection.tsx [Server Component]
    ./app/page.tsx [Server Component] @ http://localhost:3000/_next/static/chunks/node_modules_next_dist_0u_w_5s._.js:1945
[    1095ms] [ERROR] ./remotion/EmpowerEveryTeam.tsx:164:6
Unterminated regexp literal
  162 |       </svg>
  163 |       </div>
> 164 |     </AbsoluteFill>
      |      ^^^^^^^^^^^^^^
  165 |   );
  166 | };
  167 |

Parsing ecmascript source code failed

Import trace:
  Client Component Browser:
    ./remotion/EmpowerEveryTeam.tsx [Client Component Browser]
    ./components/ui/RemotionEmpowerTeam.tsx [Client Component Browser]
    ./components/sections/TransformSection.tsx [Client Component Browser]
    ./components/sections/TransformSection.tsx [Server Component]
    ./app/page.tsx [Server Component] @ http://localhost:3000/_next/static/chunks/node_modules_next_dist_0u_w_5s._.js:1945
[    1145ms] [ERROR] ./remotion/EmpowerEveryTeam.tsx:164:5
Expression expected
  162 |       </svg>
  163 |       </div>
> 164 |     </AbsoluteFill>
      |     ^
  165 |   );
  166 | };
  167 |

Parsing ecmascript source code failed

Import trace:
  Client Component Browser:
    ./remotion/EmpowerEveryTeam.tsx [Client Component Browser]
    ./components/ui/RemotionEmpowerTeam.tsx [Client Component Browser]
    ./components/sections/TransformSection.tsx [Client Component Browser]
    ./components/sections/TransformSection.tsx [Server Component]
    ./app/page.tsx [Server Component] @ http://localhost:3000/_next/static/chunks/node_modules_next_dist_0u_w_5s._.js:1945
[    1145ms] [ERROR] ./remotion/EmpowerEveryTeam.tsx:164:6
Unterminated regexp literal
  162 |       </svg>
  163 |       </div>
> 164 |     </AbsoluteFill>
      |      ^^^^^^^^^^^^^^
  165 |   );
  166 | };
  167 |

Parsing ecmascript source code failed

Import trace:
  Client Component Browser:
    ./remotion/EmpowerEveryTeam.tsx [Client Component Browser]
    ./components/ui/RemotionEmpowerTeam.tsx [Client Component Browser]
    ./components/sections/TransformSection.tsx [Client Component Browser]
    ./components/sections/TransformSection.tsx [Server Component]
    ./app/page.tsx [Server Component] @ http://localhost:3000/_next/static/chunks/node_modules_next_dist_0u_w_5s._.js:1945
[    1198ms] [ERROR] ./remotion/EmpowerEveryTeam.tsx:164:5
Expression expected
  162 |       </svg>
  163 |       </div>
> 164 |     </AbsoluteFill>
      |     ^
  165 |   );
  166 | };
  167 |

Parsing ecmascript source code failed

Import trace:
  Client Component Browser:
    ./remotion/EmpowerEveryTeam.tsx [Client Component Browser]
    ./components/ui/RemotionEmpowerTeam.tsx [Client Component Browser]
    ./components/sections/TransformSection.tsx [Client Component Browser]
    ./components/sections/TransformSection.tsx [Server Component]
    ./app/page.tsx [Server Component] @ http://localhost:3000/_next/static/chunks/node_modules_next_dist_0u_w_5s._.js:1945
[    1198ms] [ERROR] ./remotion/EmpowerEveryTeam.tsx:164:6
Unterminated regexp literal
  162 |       </svg>
  163 |       </div>
> 164 |     </AbsoluteFill>
      |      ^^^^^^^^^^^^^^
  165 |   );
  166 | };
  167 |

Parsing ecmascript source code failed

Import trace:
  Client Component Browser:
    ./remotion/EmpowerEveryTeam.tsx [Client Component Browser]
    ./components/ui/RemotionEmpowerTeam.tsx [Client Component Browser]
    ./components/sections/TransformSection.tsx [Client Component Browser]
    ./components/sections/TransformSection.tsx [Server Component]
    ./app/page.tsx [Server Component] @ http://localhost:3000/_next/static/chunks/node_modules_next_dist_0u_w_5s._.js:1945
[    1248ms] [ERROR] ./remotion/EmpowerEveryTeam.tsx:164:5
Expression expected
  162 |       </svg>
  163 |       </div>
> 164 |     </AbsoluteFill>
      |     ^
  165 |   );
  166 | };
  167 |

Parsing ecmascript source code failed

Import trace:
  Client Component Browser:
    ./remotion/EmpowerEveryTeam.tsx [Client Component Browser]
    ./components/ui/RemotionEmpowerTeam.tsx [Client Component Browser]
    ./components/sections/TransformSection.tsx [Client Component Browser]
    ./components/sections/TransformSection.tsx [Server Component]
    ./app/page.tsx [Server Component] @ http://localhost:3000/_next/static/chunks/node_modules_next_dist_0u_w_5s._.js:1945
[    1248ms] [ERROR] ./remotion/EmpowerEveryTeam.tsx:164:6
Unterminated regexp literal
  162 |       </svg>
  163 |       </div>
> 164 |     </AbsoluteFill>
      |      ^^^^^^^^^^^^^^
  165 |   );
  166 | };
  167 |

Parsing ecmascript source code failed

Import trace:
  Client Component Browser:
    ./remotion/EmpowerEveryTeam.tsx [Client Component Browser]
    ./components/ui/RemotionEmpowerTeam.tsx [Client Component Browser]
    ./components/sections/TransformSection.tsx [Client Component Browser]
    ./components/sections/TransformSection.tsx [Server Component]
    ./app/page.tsx [Server Component] @ http://localhost:3000/_next/static/chunks/node_modules_next_dist_0u_w_5s._.js:1945
[    1299ms] [ERROR] ./remotion/EmpowerEveryTeam.tsx:164:5
Expression expected
  162 |       </svg>
  163 |       </div>
> 164 |     </AbsoluteFill>
      |     ^
  165 |   );
  166 | };
  167 |

Parsing ecmascript source code failed

Import trace:
  Client Component Browser:
    ./remotion/EmpowerEveryTeam.tsx [Client Component Browser]
    ./components/ui/RemotionEmpowerTeam.tsx [Client Component Browser]
    ./components/sections/TransformSection.tsx [Client Component Browser]
    ./components/sections/TransformSection.tsx [Server Component]
    ./app/page.tsx [Server Component] @ http://localhost:3000/_next/static/chunks/node_modules_next_dist_0u_w_5s._.js:1945
[    1299ms] [ERROR] ./remotion/EmpowerEveryTeam.tsx:164:6
Unterminated regexp literal
  162 |       </svg>
  163 |       </div>
> 164 |     </AbsoluteFill>
      |      ^^^^^^^^^^^^^^
  165 |   );
  166 | };
  167 |

Parsing ecmascript source code failed

Import trace:
  Client Component Browser:
    ./remotion/EmpowerEveryTeam.tsx [Client Component Browser]
    ./components/ui/RemotionEmpowerTeam.tsx [Client Component Browser]
    ./components/sections/TransformSection.tsx [Client Component Browser]
    ./components/sections/TransformSection.tsx [Server Component]
    ./app/page.tsx [Server Component] @ http://localhost:3000/_next/static/chunks/node_modules_next_dist_0u_w_5s._.js:1945
[    1353ms] [ERROR] ./remotion/EmpowerEveryTeam.tsx:164:5
Expression expected
  162 |       </svg>
  163 |       </div>
> 164 |     </AbsoluteFill>
      |     ^
  165 |   );
  166 | };
  167 |

Parsing ecmascript source code failed

Import trace:
  Client Component Browser:
    ./remotion/EmpowerEveryTeam.tsx [Client Component Browser]
    ./components/ui/RemotionEmpowerTeam.tsx [Client Component Browser]
    ./components/sections/TransformSection.tsx [Client Component Browser]
    ./components/sections/TransformSection.tsx [Server Component]
    ./app/page.tsx [Server Component] @ http://localhost:3000/_next/static/chunks/node_modules_next_dist_0u_w_5s._.js:1945
[    1353ms] [ERROR] ./remotion/EmpowerEveryTeam.tsx:164:6
Unterminated regexp literal
  162 |       </svg>
  163 |       </div>
> 164 |     </AbsoluteFill>
      |      ^^^^^^^^^^^^^^
  165 |   );
  166 | };
  167 |

Parsing ecmascript source code failed

Import trace:
  Client Component Browser:
    ./remotion/EmpowerEveryTeam.tsx [Client Component Browser]
    ./components/ui/RemotionEmpowerTeam.tsx [Client Component Browser]
    ./components/sections/TransformSection.tsx [Client Component Browser]
    ./components/sections/TransformSection.tsx [Server Component]
    ./app/page.tsx [Server Component] @ http://localhost:3000/_next/static/chunks/node_modules_next_dist_0u_w_5s._.js:1945
[    1403ms] [ERROR] ./remotion/EmpowerEveryTeam.tsx:164:5
Expression expected
  162 |       </svg>
  163 |       </div>
> 164 |     </AbsoluteFill>
      |     ^
  165 |   );
  166 | };
  167 |

Parsing ecmascript source code failed

Import trace:
  Client Component Browser:
    ./remotion/EmpowerEveryTeam.tsx [Client Component Browser]
    ./components/ui/RemotionEmpowerTeam.tsx [Client Component Browser]
    ./components/sections/TransformSection.tsx [Client Component Browser]
    ./components/sections/TransformSection.tsx [Server Component]
    ./app/page.tsx [Server Component] @ http://localhost:3000/_next/static/chunks/node_modules_next_dist_0u_w_5s._.js:1945
[    1404ms] [ERROR] ./remotion/EmpowerEveryTeam.tsx:164:6
Unterminated regexp literal
  162 |       </svg>
  163 |       </div>
> 164 |     </AbsoluteFill>
      |      ^^^^^^^^^^^^^^
  165 |   );
  166 | };
  167 |

Parsing ecmascript source code failed

Import trace:
  Client Component Browser:
    ./remotion/EmpowerEveryTeam.tsx [Client Component Browser]
    ./components/ui/RemotionEmpowerTeam.tsx [Client Component Browser]
    ./components/sections/TransformSection.tsx [Client Component Browser]
    ./components/sections/TransformSection.tsx [Server Component]
    ./app/page.tsx [Server Component] @ http://localhost:3000/_next/static/chunks/node_modules_next_dist_0u_w_5s._.js:1945
[    1453ms] [ERROR] ./remotion/EmpowerEveryTeam.tsx:164:5
Expression expected
  162 |       </svg>
  163 |       </div>
> 164 |     </AbsoluteFill>
      |     ^
  165 |   );
  166 | };
  167 |

Parsing ecmascript source code failed

Import trace:
  Client Component Browser:
    ./remotion/EmpowerEveryTeam.tsx [Client Component Browser]
    ./components/ui/RemotionEmpowerTeam.tsx [Client Component Browser]
    ./components/sections/TransformSection.tsx [Client Component Browser]
    ./components/sections/TransformSection.tsx [Server Component]
    ./app/page.tsx [Server Component] @ http://localhost:3000/_next/static/chunks/node_modules_next_dist_0u_w_5s._.js:1945
[    1453ms] [ERROR] ./remotion/EmpowerEveryTeam.tsx:164:6
Unterminated regexp literal
  162 |       </svg>
  163 |       </div>
> 164 |     </AbsoluteFill>
      |      ^^^^^^^^^^^^^^
  165 |   );
  166 | };
  167 |

Parsing ecmascript source code failed

Import trace:
  Client Component Browser:
    ./remotion/EmpowerEveryTeam.tsx [Client Component Browser]
    ./components/ui/RemotionEmpowerTeam.tsx [Client Component Browser]
    ./components/sections/TransformSection.tsx [Client Component Browser]
    ./components/sections/TransformSection.tsx [Server Component]
    ./app/page.tsx [Server Component] @ http://localhost:3000/_next/static/chunks/node_modules_next_dist_0u_w_5s._.js:1945
[    1512ms] [ERROR] ./remotion/EmpowerEveryTeam.tsx:164:5
Expression expected
  162 |       </svg>
  163 |       </div>
> 164 |     </AbsoluteFill>
      |     ^
  165 |   );
  166 | };
  167 |

Parsing ecmascript source code failed

Import trace:
  Client Component Browser:
    ./remotion/EmpowerEveryTeam.tsx [Client Component Browser]
    ./components/ui/RemotionEmpowerTeam.tsx [Client Component Browser]
    ./components/sections/TransformSection.tsx [Client Component Browser]
    ./components/sections/TransformSection.tsx [Server Component]
    ./app/page.tsx [Server Component] @ http://localhost:3000/_next/static/chunks/node_modules_next_dist_0u_w_5s._.js:1945
[    1512ms] [ERROR] ./remotion/EmpowerEveryTeam.tsx:164:6
Unterminated regexp literal
  162 |       </svg>
  163 |       </div>
> 164 |     </AbsoluteFill>
      |      ^^^^^^^^^^^^^^
  165 |   );
  166 | };
  167 |

Parsing ecmascript source code failed

Import trace:
  Client Component Browser:
    ./remotion/EmpowerEveryTeam.tsx [Client Component Browser]
    ./components/ui/RemotionEmpowerTeam.tsx [Client Component Browser]
    ./components/sections/TransformSection.tsx [Client Component Browser]
    ./components/sections/TransformSection.tsx [Server Component]
    ./app/page.tsx [Server Component] @ http://localhost:3000/_next/static/chunks/node_modules_next_dist_0u_w_5s._.js:1945
[    1562ms] [ERROR] ./remotion/EmpowerEveryTeam.tsx:164:5
Expression expected
  162 |       </svg>
  163 |       </div>
> 164 |     </AbsoluteFill>
      |     ^
  165 |   );
  166 | };
  167 |

Parsing ecmascript source code failed

Import trace:
  Client Component Browser:
    ./remotion/EmpowerEveryTeam.tsx [Client Component Browser]
    ./components/ui/RemotionEmpowerTeam.tsx [Client Component Browser]
    ./components/sections/TransformSection.tsx [Client Component Browser]
    ./components/sections/TransformSection.tsx [Server Component]
    ./app/page.tsx [Server Component] @ http://localhost:3000/_next/static/chunks/node_modules_next_dist_0u_w_5s._.js:1945
[    1562ms] [ERROR] ./remotion/EmpowerEveryTeam.tsx:164:6
Unterminated regexp literal
  162 |       </svg>
  163 |       </div>
> 164 |     </AbsoluteFill>
      |      ^^^^^^^^^^^^^^
  165 |   );
  166 | };
  167 |

Parsing ecmascript source code failed

Import trace:
  Client Component Browser:
    ./remotion/EmpowerEveryTeam.tsx [Client Component Browser]
    ./components/ui/RemotionEmpowerTeam.tsx [Client Component Browser]
    ./components/sections/TransformSection.tsx [Client Component Browser]
    ./components/sections/TransformSection.tsx [Server Component]
    ./app/page.tsx [Server Component] @ http://localhost:3000/_next/static/chunks/node_modules_next_dist_0u_w_5s._.js:1945
[    1612ms] [ERROR] ./remotion/EmpowerEveryTeam.tsx:164:5
Expression expected
  162 |       </svg>
  163 |       </div>
> 164 |     </AbsoluteFill>
      |     ^
  165 |   );
  166 | };
  167 |

Parsing ecmascript source code failed

Import trace:
  Client Component Browser:
    ./remotion/EmpowerEveryTeam.tsx [Client Component Browser]
    ./components/ui/RemotionEmpowerTeam.tsx [Client Component Browser]
    ./components/sections/TransformSection.tsx [Client Component Browser]
    ./components/sections/TransformSection.tsx [Server Component]
    ./app/page.tsx [Server Component] @ http://localhost:3000/_next/static/chunks/node_modules_next_dist_0u_w_5s._.js:1945
[    1612ms] [ERROR] ./remotion/EmpowerEveryTeam.tsx:164:6
Unterminated regexp literal
  162 |       </svg>
  163 |       </div>
> 164 |     </AbsoluteFill>
      |      ^^^^^^^^^^^^^^
  165 |   );
  166 | };
  167 |

Parsing ecmascript source code failed

Import trace:
  Client Component Browser:
    ./remotion/EmpowerEveryTeam.tsx [Client Component Browser]
    ./components/ui/RemotionEmpowerTeam.tsx [Client Component Browser]
    ./components/sections/TransformSection.tsx [Client Component Browser]
    ./components/sections/TransformSection.tsx [Server Component]
    ./app/page.tsx [Server Component] @ http://localhost:3000/_next/static/chunks/node_modules_next_dist_0u_w_5s._.js:1945
[    1664ms] [ERROR] ./remotion/EmpowerEveryTeam.tsx:164:5
Expression expected
  162 |       </svg>
  163 |       </div>
> 164 |     </AbsoluteFill>
      |     ^
  165 |   );
  166 | };
  167 |

Parsing ecmascript source code failed

Import trace:
  Client Component Browser:
    ./remotion/EmpowerEveryTeam.tsx [Client Component Browser]
    ./components/ui/RemotionEmpowerTeam.tsx [Client Component Browser]
    ./components/sections/TransformSection.tsx [Client Component Browser]
    ./components/sections/TransformSection.tsx [Server Component]
    ./app/page.tsx [Server Component] @ http://localhost:3000/_next/static/chunks/node_modules_next_dist_0u_w_5s._.js:1945
[    1664ms] [ERROR] ./remotion/EmpowerEveryTeam.tsx:164:6
Unterminated regexp literal
  162 |       </svg>
  163 |       </div>
> 164 |     </AbsoluteFill>
      |      ^^^^^^^^^^^^^^
  165 |   );
  166 | };
  167 |

Parsing ecmascript source code failed

Import trace:
  Client Component Browser:
    ./remotion/EmpowerEveryTeam.tsx [Client Component Browser]
    ./components/ui/RemotionEmpowerTeam.tsx [Client Component Browser]
    ./components/sections/TransformSection.tsx [Client Component Browser]
    ./components/sections/TransformSection.tsx [Server Component]
    ./app/page.tsx [Server Component] @ http://localhost:3000/_next/static/chunks/node_modules_next_dist_0u_w_5s._.js:1945
[    1714ms] [ERROR] ./remotion/EmpowerEveryTeam.tsx:164:5
Expression expected
  162 |       </svg>
  163 |       </div>
> 164 |     </AbsoluteFill>
      |     ^
  165 |   );
  166 | };
  167 |

Parsing ecmascript source code failed

Import trace:
  Client Component Browser:
    ./remotion/EmpowerEveryTeam.tsx [Client Component Browser]
    ./components/ui/RemotionEmpowerTeam.tsx [Client Component Browser]
    ./components/sections/TransformSection.tsx [Client Component Browser]
    ./components/sections/TransformSection.tsx [Server Component]
    ./app/page.tsx [Server Component] @ http://localhost:3000/_next/static/chunks/node_modules_next_dist_0u_w_5s._.js:1945
[    1714ms] [ERROR] ./remotion/EmpowerEveryTeam.tsx:164:6
Unterminated regexp literal
  162 |       </svg>
  163 |       </div>
> 164 |     </AbsoluteFill>
      |      ^^^^^^^^^^^^^^
  165 |   );
  166 | };
  167 |

Parsing ecmascript source code failed

Import trace:
  Client Component Browser:
    ./remotion/EmpowerEveryTeam.tsx [Client Component Browser]
    ./components/ui/RemotionEmpowerTeam.tsx [Client Component Browser]
    ./components/sections/TransformSection.tsx [Client Component Browser]
    ./components/sections/TransformSection.tsx [Server Component]
    ./app/page.tsx [Server Component] @ http://localhost:3000/_next/static/chunks/node_modules_next_dist_0u_w_5s._.js:1945
[    1765ms] [ERROR] ./remotion/EmpowerEveryTeam.tsx:164:5
Expression expected
  162 |       </svg>
  163 |       </div>
> 164 |     </AbsoluteFill>
      |     ^
  165 |   );
  166 | };
  167 |

Parsing ecmascript source code failed

Import trace:
  Client Component Browser:
    ./remotion/EmpowerEveryTeam.tsx [Client Component Browser]
    ./components/ui/RemotionEmpowerTeam.tsx [Client Component Browser]
    ./components/sections/TransformSection.tsx [Client Component Browser]
    ./components/sections/TransformSection.tsx [Server Component]
    ./app/page.tsx [Server Component] @ http://localhost:3000/_next/static/chunks/node_modules_next_dist_0u_w_5s._.js:1945
[    1765ms] [ERROR] ./remotion/EmpowerEveryTeam.tsx:164:6
Unterminated regexp literal
  162 |       </svg>
  163 |       </div>
> 164 |     </AbsoluteFill>
      |      ^^^^^^^^^^^^^^
  165 |   );
  166 | };
  167 |

Parsing ecmascript source code failed

Import trace:
  Client Component Browser:
    ./remotion/EmpowerEveryTeam.tsx [Client Component Browser]
    ./components/ui/RemotionEmpowerTeam.tsx [Client Component Browser]
    ./components/sections/TransformSection.tsx [Client Component Browser]
    ./components/sections/TransformSection.tsx [Server Component]
    ./app/page.tsx [Server Component] @ http://localhost:3000/_next/static/chunks/node_modules_next_dist_0u_w_5s._.js:1945
[    1825ms] [ERROR] ./remotion/EmpowerEveryTeam.tsx:164:5
Expression expected
  162 |       </svg>
  163 |       </div>
> 164 |     </AbsoluteFill>
      |     ^
  165 |   );
  166 | };
  167 |

Parsing ecmascript source code failed

Import trace:
  Client Component Browser:
    ./remotion/EmpowerEveryTeam.tsx [Client Component Browser]
    ./components/ui/RemotionEmpowerTeam.tsx [Client Component Browser]
    ./components/sections/TransformSection.tsx [Client Component Browser]
    ./components/sections/TransformSection.tsx [Server Component]
    ./app/page.tsx [Server Component] @ http://localhost:3000/_next/static/chunks/node_modules_next_dist_0u_w_5s._.js:1945
[    1825ms] [ERROR] ./remotion/EmpowerEveryTeam.tsx:164:6
Unterminated regexp literal
  162 |       </svg>
  163 |       </div>
> 164 |     </AbsoluteFill>
      |      ^^^^^^^^^^^^^^
  165 |   );
  166 | };
  167 |

Parsing ecmascript source code failed

Import trace:
  Client Component Browser:
    ./remotion/EmpowerEveryTeam.tsx [Client Component Browser]
    ./components/ui/RemotionEmpowerTeam.tsx [Client Component Browser]
    ./components/sections/TransformSection.tsx [Client Component Browser]
    ./components/sections/TransformSection.tsx [Server Component]
    ./app/page.tsx [Server Component] @ http://localhost:3000/_next/static/chunks/node_modules_next_dist_0u_w_5s._.js:1945
[    1886ms] [ERROR] ./remotion/EmpowerEveryTeam.tsx:164:5
Expression expected
  162 |       </svg>
  163 |       </div>
> 164 |     </AbsoluteFill>
      |     ^
  165 |   );
  166 | };
  167 |

Parsing ecmascript source code failed

Import trace:
  Client Component Browser:
    ./remotion/EmpowerEveryTeam.tsx [Client Component Browser]
    ./components/ui/RemotionEmpowerTeam.tsx [Client Component Browser]
    ./components/sections/TransformSection.tsx [Client Component Browser]
    ./components/sections/TransformSection.tsx [Server Component]
    ./app/page.tsx [Server Component] @ http://localhost:3000/_next/static/chunks/node_modules_next_dist_0u_w_5s._.js:1945
[    1886ms] [ERROR] ./remotion/EmpowerEveryTeam.tsx:164:6
Unterminated regexp literal
  162 |       </svg>
  163 |       </div>
> 164 |     </AbsoluteFill>
      |      ^^^^^^^^^^^^^^
  165 |   );
  166 | };
  167 |

Parsing ecmascript source code failed

Import trace:
  Client Component Browser:
    ./remotion/EmpowerEveryTeam.tsx [Client Component Browser]
    ./components/ui/RemotionEmpowerTeam.tsx [Client Component Browser]
    ./components/sections/TransformSection.tsx [Client Component Browser]
    ./components/sections/TransformSection.tsx [Server Component]
    ./app/page.tsx [Server Component] @ http://localhost:3000/_next/static/chunks/node_modules_next_dist_0u_w_5s._.js:1945
[    1940ms] [ERROR] ./remotion/EmpowerEveryTeam.tsx:164:5
Expression expected
  162 |       </svg>
  163 |       </div>
> 164 |     </AbsoluteFill>
      |     ^
  165 |   );
  166 | };
  167 |

Parsing ecmascript source code failed

Import trace:
  Client Component Browser:
    ./remotion/EmpowerEveryTeam.tsx [Client Component Browser]
    ./components/ui/RemotionEmpowerTeam.tsx [Client Component Browser]
    ./components/sections/TransformSection.tsx [Client Component Browser]
    ./components/sections/TransformSection.tsx [Server Component]
    ./app/page.tsx [Server Component] @ http://localhost:3000/_next/static/chunks/node_modules_next_dist_0u_w_5s._.js:1945
[    1940ms] [ERROR] ./remotion/EmpowerEveryTeam.tsx:164:6
Unterminated regexp literal
  162 |       </svg>
  163 |       </div>
> 164 |     </AbsoluteFill>
      |      ^^^^^^^^^^^^^^
  165 |   );
  166 | };
  167 |

Parsing ecmascript source code failed

Import trace:
  Client Component Browser:
    ./remotion/EmpowerEveryTeam.tsx [Client Component Browser]
    ./components/ui/RemotionEmpowerTeam.tsx [Client Component Browser]
    ./components/sections/TransformSection.tsx [Client Component Browser]
    ./components/sections/TransformSection.tsx [Server Component]
    ./app/page.tsx [Server Component] @ http://localhost:3000/_next/static/chunks/node_modules_next_dist_0u_w_5s._.js:1945
[    1992ms] [ERROR] ./remotion/EmpowerEveryTeam.tsx:164:5
Expression expected
  162 |       </svg>
  163 |       </div>
> 164 |     </AbsoluteFill>
      |     ^
  165 |   );
  166 | };
  167 |

Parsing ecmascript source code failed

Import trace:
  Client Component Browser:
    ./remotion/EmpowerEveryTeam.tsx [Client Component Browser]
    ./components/ui/RemotionEmpowerTeam.tsx [Client Component Browser]
    ./components/sections/TransformSection.tsx [Client Component Browser]
    ./components/sections/TransformSection.tsx [Server Component]
    ./app/page.tsx [Server Component] @ http://localhost:3000/_next/static/chunks/node_modules_next_dist_0u_w_5s._.js:1945
[    1992ms] [ERROR] ./remotion/EmpowerEveryTeam.tsx:164:6
Unterminated regexp literal
  162 |       </svg>
  163 |       </div>
> 164 |     </AbsoluteFill>
      |      ^^^^^^^^^^^^^^
  165 |   );
  166 | };
  167 |

Parsing ecmascript source code failed

Import trace:
  Client Component Browser:
    ./remotion/EmpowerEveryTeam.tsx [Client Component Browser]
    ./components/ui/RemotionEmpowerTeam.tsx [Client Component Browser]
    ./components/sections/TransformSection.tsx [Client Component Browser]
    ./components/sections/TransformSection.tsx [Server Component]
    ./app/page.tsx [Server Component] @ http://localhost:3000/_next/static/chunks/node_modules_next_dist_0u_w_5s._.js:1945
[    2037ms] [ERROR] ./remotion/EmpowerEveryTeam.tsx:164:5
Expression expected
  162 |       </svg>
  163 |       </div>
> 164 |     </AbsoluteFill>
      |     ^
  165 |   );
  166 | };
  167 |

Parsing ecmascript source code failed

Import trace:
  Client Component Browser:
    ./remotion/EmpowerEveryTeam.tsx [Client Component Browser]
    ./components/ui/RemotionEmpowerTeam.tsx [Client Component Browser]
    ./components/sections/TransformSection.tsx [Client Component Browser]
    ./components/sections/TransformSection.tsx [Server Component]
    ./app/page.tsx [Server Component] @ http://localhost:3000/_next/static/chunks/node_modules_next_dist_0u_w_5s._.js:1945
[    2038ms] [ERROR] ./remotion/EmpowerEveryTeam.tsx:164:6
Unterminated regexp literal
  162 |       </svg>
  163 |       </div>
> 164 |     </AbsoluteFill>
      |      ^^^^^^^^^^^^^^
  165 |   );
  166 | };
  167 |

Parsing ecmascript source code failed

Import trace:
  Client Component Browser:
    ./remotion/EmpowerEveryTeam.tsx [Client Component Browser]
    ./components/ui/RemotionEmpowerTeam.tsx [Client Component Browser]
    ./components/sections/TransformSection.tsx [Client Component Browser]
    ./components/sections/TransformSection.tsx [Server Component]
    ./app/page.tsx [Server Component] @ http://localhost:3000/_next/static/chunks/node_modules_next_dist_0u_w_5s._.js:1945
[    2088ms] [ERROR] ./remotion/EmpowerEveryTeam.tsx:164:5
Expression expected
  162 |       </svg>
  163 |       </div>
> 164 |     </AbsoluteFill>
      |     ^
  165 |   );
  166 | };
  167 |

Parsing ecmascript source code failed

Import trace:
  Client Component Browser:
    ./remotion/EmpowerEveryTeam.tsx [Client Component Browser]
    ./components/ui/RemotionEmpowerTeam.tsx [Client Component Browser]
    ./components/sections/TransformSection.tsx [Client Component Browser]
    ./components/sections/TransformSection.tsx [Server Component]
    ./app/page.tsx [Server Component] @ http://localhost:3000/_next/static/chunks/node_modules_next_dist_0u_w_5s._.js:1945
[    2088ms] [ERROR] ./remotion/EmpowerEveryTeam.tsx:164:6
Unterminated regexp literal
  162 |       </svg>
  163 |       </div>
> 164 |     </AbsoluteFill>
      |      ^^^^^^^^^^^^^^
  165 |   );
  166 | };
  167 |

Parsing ecmascript source code failed

Import trace:
  Client Component Browser:
    ./remotion/EmpowerEveryTeam.tsx [Client Component Browser]
    ./components/ui/RemotionEmpowerTeam.tsx [Client Component Browser]
    ./components/sections/TransformSection.tsx [Client Component Browser]
    ./components/sections/TransformSection.tsx [Server Component]
    ./app/page.tsx [Server Component] @ http://localhost:3000/_next/static/chunks/node_modules_next_dist_0u_w_5s._.js:1945
[    2138ms] [ERROR] ./remotion/EmpowerEveryTeam.tsx:164:5
Expression expected
  162 |       </svg>
  163 |       </div>
> 164 |     </AbsoluteFill>
      |     ^
  165 |   );
  166 | };
  167 |

Parsing ecmascript source code failed

Import trace:
  Client Component Browser:
    ./remotion/EmpowerEveryTeam.tsx [Client Component Browser]
    ./components/ui/RemotionEmpowerTeam.tsx [Client Component Browser]
    ./components/sections/TransformSection.tsx [Client Component Browser]
    ./components/sections/TransformSection.tsx [Server Component]
    ./app/page.tsx [Server Component] @ http://localhost:3000/_next/static/chunks/node_modules_next_dist_0u_w_5s._.js:1945
[    2138ms] [ERROR] ./remotion/EmpowerEveryTeam.tsx:164:6
Unterminated regexp literal
  162 |       </svg>
  163 |       </div>
> 164 |     </AbsoluteFill>
      |      ^^^^^^^^^^^^^^
  165 |   );
  166 | };
  167 |

Parsing ecmascript source code failed

Import trace:
  Client Component Browser:
    ./remotion/EmpowerEveryTeam.tsx [Client Component Browser]
    ./components/ui/RemotionEmpowerTeam.tsx [Client Component Browser]
    ./components/sections/TransformSection.tsx [Client Component Browser]
    ./components/sections/TransformSection.tsx [Server Component]
    ./app/page.tsx [Server Component] @ http://localhost:3000/_next/static/chunks/node_modules_next_dist_0u_w_5s._.js:1945
[    2190ms] [ERROR] ./remotion/EmpowerEveryTeam.tsx:164:5
Expression expected
  162 |       </svg>
  163 |       </div>
> 164 |     </AbsoluteFill>
      |     ^
  165 |   );
  166 | };
  167 |

Parsing ecmascript source code failed

Import trace:
  Client Component Browser:
    ./remotion/EmpowerEveryTeam.tsx [Client Component Browser]
    ./components/ui/RemotionEmpowerTeam.tsx [Client Component Browser]
    ./components/sections/TransformSection.tsx [Client Component Browser]
    ./components/sections/TransformSection.tsx [Server Component]
    ./app/page.tsx [Server Component] @ http://localhost:3000/_next/static/chunks/node_modules_next_dist_0u_w_5s._.js:1945
[    2190ms] [ERROR] ./remotion/EmpowerEveryTeam.tsx:164:6
Unterminated regexp literal
  162 |       </svg>
  163 |       </div>
> 164 |     </AbsoluteFill>
      |      ^^^^^^^^^^^^^^
  165 |   );
  166 | };
  167 |

Parsing ecmascript source code failed

Import trace:
  Client Component Browser:
    ./remotion/EmpowerEveryTeam.tsx [Client Component Browser]
    ./components/ui/RemotionEmpowerTeam.tsx [Client Component Browser]
    ./components/sections/TransformSection.tsx [Client Component Browser]
    ./components/sections/TransformSection.tsx [Server Component]
    ./app/page.tsx [Server Component] @ http://localhost:3000/_next/static/chunks/node_modules_next_dist_0u_w_5s._.js:1945
[    2242ms] [ERROR] ./remotion/EmpowerEveryTeam.tsx:164:5
Expression expected
  162 |       </svg>
  163 |       </div>
> 164 |     </AbsoluteFill>
      |     ^
  165 |   );
  166 | };
  167 |

Parsing ecmascript source code failed

Import trace:
  Client Component Browser:
    ./remotion/EmpowerEveryTeam.tsx [Client Component Browser]
    ./components/ui/RemotionEmpowerTeam.tsx [Client Component Browser]
    ./components/sections/TransformSection.tsx [Client Component Browser]
    ./components/sections/TransformSection.tsx [Server Component]
    ./app/page.tsx [Server Component] @ http://localhost:3000/_next/static/chunks/node_modules_next_dist_0u_w_5s._.js:1945
[    2242ms] [ERROR] ./remotion/EmpowerEveryTeam.tsx:164:6
Unterminated regexp literal
  162 |       </svg>
  163 |       </div>
> 164 |     </AbsoluteFill>
      |      ^^^^^^^^^^^^^^
  165 |   );
  166 | };
  167 |

Parsing ecmascript source code failed

Import trace:
  Client Component Browser:
    ./remotion/EmpowerEveryTeam.tsx [Client Component Browser]
    ./components/ui/RemotionEmpowerTeam.tsx [Client Component Browser]
    ./components/sections/TransformSection.tsx [Client Component Browser]
    ./components/sections/TransformSection.tsx [Server Component]
    ./app/page.tsx [Server Component] @ http://localhost:3000/_next/static/chunks/node_modules_next_dist_0u_w_5s._.js:1945
[    2293ms] [ERROR] ./remotion/EmpowerEveryTeam.tsx:164:5
Expression expected
  162 |       </svg>
  163 |       </div>
> 164 |     </AbsoluteFill>
      |     ^
  165 |   );
  166 | };
  167 |

Parsing ecmascript source code failed

Import trace:
  Client Component Browser:
    ./remotion/EmpowerEveryTeam.tsx [Client Component Browser]
    ./components/ui/RemotionEmpowerTeam.tsx [Client Component Browser]
    ./components/sections/TransformSection.tsx [Client Component Browser]
    ./components/sections/TransformSection.tsx [Server Component]
    ./app/page.tsx [Server Component] @ http://localhost:3000/_next/static/chunks/node_modules_next_dist_0u_w_5s._.js:1945
[    2293ms] [ERROR] ./remotion/EmpowerEveryTeam.tsx:164:6
Unterminated regexp literal
  162 |       </svg>
  163 |       </div>
> 164 |     </AbsoluteFill>
      |      ^^^^^^^^^^^^^^
  165 |   );
  166 | };
  167 |

Parsing ecmascript source code failed

Import trace:
  Client Component Browser:
    ./remotion/EmpowerEveryTeam.tsx [Client Component Browser]
    ./components/ui/RemotionEmpowerTeam.tsx [Client Component Browser]
    ./components/sections/TransformSection.tsx [Client Component Browser]
    ./components/sections/TransformSection.tsx [Server Component]
    ./app/page.tsx [Server Component] @ http://localhost:3000/_next/static/chunks/node_modules_next_dist_0u_w_5s._.js:1945
[    2344ms] [ERROR] ./remotion/EmpowerEveryTeam.tsx:164:5
Expression expected
  162 |       </svg>
  163 |       </div>
> 164 |     </AbsoluteFill>
      |     ^
  165 |   );
  166 | };
  167 |

Parsing ecmascript source code failed

Import trace:
  Client Component Browser:
    ./remotion/EmpowerEveryTeam.tsx [Client Component Browser]
    ./components/ui/RemotionEmpowerTeam.tsx [Client Component Browser]
    ./components/sections/TransformSection.tsx [Client Component Browser]
    ./components/sections/TransformSection.tsx [Server Component]
    ./app/page.tsx [Server Component] @ http://localhost:3000/_next/static/chunks/node_modules_next_dist_0u_w_5s._.js:1945
[    2344ms] [ERROR] ./remotion/EmpowerEveryTeam.tsx:164:6
Unterminated regexp literal
  162 |       </svg>
  163 |       </div>
> 164 |     </AbsoluteFill>
      |      ^^^^^^^^^^^^^^
  165 |   );
  166 | };
  167 |

Parsing ecmascript source code failed

Import trace:
  Client Component Browser:
    ./remotion/EmpowerEveryTeam.tsx [Client Component Browser]
    ./components/ui/RemotionEmpowerTeam.tsx [Client Component Browser]
    ./components/sections/TransformSection.tsx [Client Component Browser]
    ./components/sections/TransformSection.tsx [Server Component]
    ./app/page.tsx [Server Component] @ http://localhost:3000/_next/static/chunks/node_modules_next_dist_0u_w_5s._.js:1945
[    2394ms] [ERROR] ./remotion/EmpowerEveryTeam.tsx:164:5
Expression expected
  162 |       </svg>
  163 |       </div>
> 164 |     </AbsoluteFill>
      |     ^
  165 |   );
  166 | };
  167 |

Parsing ecmascript source code failed

Import trace:
  Client Component Browser:
    ./remotion/EmpowerEveryTeam.tsx [Client Component Browser]
    ./components/ui/RemotionEmpowerTeam.tsx [Client Component Browser]
    ./components/sections/TransformSection.tsx [Client Component Browser]
    ./components/sections/TransformSection.tsx [Server Component]
    ./app/page.tsx [Server Component] @ http://localhost:3000/_next/static/chunks/node_modules_next_dist_0u_w_5s._.js:1945
[    2394ms] [ERROR] ./remotion/EmpowerEveryTeam.tsx:164:6
Unterminated regexp literal
  162 |       </svg>
  163 |       </div>
> 164 |     </AbsoluteFill>
      |      ^^^^^^^^^^^^^^
  165 |   );
  166 | };
  167 |

Parsing ecmascript source code failed

Import trace:
  Client Component Browser:
    ./remotion/EmpowerEveryTeam.tsx [Client Component Browser]
    ./components/ui/RemotionEmpowerTeam.tsx [Client Component Browser]
    ./components/sections/TransformSection.tsx [Client Component Browser]
    ./components/sections/TransformSection.tsx [Server Component]
    ./app/page.tsx [Server Component] @ http://localhost:3000/_next/static/chunks/node_modules_next_dist_0u_w_5s._.js:1945
[    2444ms] [ERROR] ./remotion/EmpowerEveryTeam.tsx:164:5
Expression expected
  162 |       </svg>
  163 |       </div>
> 164 |     </AbsoluteFill>
      |     ^
  165 |   );
  166 | };
  167 |

Parsing ecmascript source code failed

Import trace:
  Client Component Browser:
    ./remotion/EmpowerEveryTeam.tsx [Client Component Browser]
    ./components/ui/RemotionEmpowerTeam.tsx [Client Component Browser]
    ./components/sections/TransformSection.tsx [Client Component Browser]
    ./components/sections/TransformSection.tsx [Server Component]
    ./app/page.tsx [Server Component] @ http://localhost:3000/_next/static/chunks/node_modules_next_dist_0u_w_5s._.js:1945
[    2444ms] [ERROR] ./remotion/EmpowerEveryTeam.tsx:164:6
Unterminated regexp literal
  162 |       </svg>
  163 |       </div>
> 164 |     </AbsoluteFill>
      |      ^^^^^^^^^^^^^^
  165 |   );
  166 | };
  167 |

Parsing ecmascript source code failed

Import trace:
  Client Component Browser:
    ./remotion/EmpowerEveryTeam.tsx [Client Component Browser]
    ./components/ui/RemotionEmpowerTeam.tsx [Client Component Browser]
    ./components/sections/TransformSection.tsx [Client Component Browser]
    ./components/sections/TransformSection.tsx [Server Component]
    ./app/page.tsx [Server Component] @ http://localhost:3000/_next/static/chunks/node_modules_next_dist_0u_w_5s._.js:1945
[    2494ms] [ERROR] ./remotion/EmpowerEveryTeam.tsx:164:5
Expression expected
  162 |       </svg>
  163 |       </div>
> 164 |     </AbsoluteFill>
      |     ^
  165 |   );
  166 | };
  167 |

Parsing ecmascript source code failed

Import trace:
  Client Component Browser:
    ./remotion/EmpowerEveryTeam.tsx [Client Component Browser]
    ./components/ui/RemotionEmpowerTeam.tsx [Client Component Browser]
    ./components/sections/TransformSection.tsx [Client Component Browser]
    ./components/sections/TransformSection.tsx [Server Component]
    ./app/page.tsx [Server Component] @ http://localhost:3000/_next/static/chunks/node_modules_next_dist_0u_w_5s._.js:1945
[    2494ms] [ERROR] ./remotion/EmpowerEveryTeam.tsx:164:6
Unterminated regexp literal
  162 |       </svg>
  163 |       </div>
> 164 |     </AbsoluteFill>
      |      ^^^^^^^^^^^^^^
  165 |   );
  166 | };
  167 |

Parsing ecmascript source code failed

Import trace:
  Client Component Browser:
    ./remotion/EmpowerEveryTeam.tsx [Client Component Browser]
    ./components/ui/RemotionEmpowerTeam.tsx [Client Component Browser]
    ./components/sections/TransformSection.tsx [Client Component Browser]
    ./components/sections/TransformSection.tsx [Server Component]
    ./app/page.tsx [Server Component] @ http://localhost:3000/_next/static/chunks/node_modules_next_dist_0u_w_5s._.js:1945
[    2543ms] [ERROR] ./remotion/EmpowerEveryTeam.tsx:164:5
Expression expected
  162 |       </svg>
  163 |       </div>
> 164 |     </AbsoluteFill>
      |     ^
  165 |   );
  166 | };
  167 |

Parsing ecmascript source code failed

Import trace:
  Client Component Browser:
    ./remotion/EmpowerEveryTeam.tsx [Client Component Browser]
    ./components/ui/RemotionEmpowerTeam.tsx [Client Component Browser]
    ./components/sections/TransformSection.tsx [Client Component Browser]
    ./components/sections/TransformSection.tsx [Server Component]
    ./app/page.tsx [Server Component] @ http://localhost:3000/_next/static/chunks/node_modules_next_dist_0u_w_5s._.js:1945
[    2543ms] [ERROR] ./remotion/EmpowerEveryTeam.tsx:164:6
Unterminated regexp literal
  162 |       </svg>
  163 |       </div>
> 164 |     </AbsoluteFill>
      |      ^^^^^^^^^^^^^^
  165 |   );
  166 | };
  167 |

Parsing ecmascript source code failed

Import trace:
  Client Component Browser:
    ./remotion/EmpowerEveryTeam.tsx [Client Component Browser]
    ./components/ui/RemotionEmpowerTeam.tsx [Client Component Browser]
    ./components/sections/TransformSection.tsx [Client Component Browser]
    ./components/sections/TransformSection.tsx [Server Component]
    ./app/page.tsx [Server Component] @ http://localhost:3000/_next/static/chunks/node_modules_next_dist_0u_w_5s._.js:1945
[    2593ms] [ERROR] ./remotion/EmpowerEveryTeam.tsx:164:5
Expression expected
  162 |       </svg>
  163 |       </div>
> 164 |     </AbsoluteFill>
      |     ^
  165 |   );
  166 | };
  167 |

Parsing ecmascript source code failed

Import trace:
  Client Component Browser:
    ./remotion/EmpowerEveryTeam.tsx [Client Component Browser]
    ./components/ui/RemotionEmpowerTeam.tsx [Client Component Browser]
    ./components/sections/TransformSection.tsx [Client Component Browser]
    ./components/sections/TransformSection.tsx [Server Component]
    ./app/page.tsx [Server Component] @ http://localhost:3000/_next/static/chunks/node_modules_next_dist_0u_w_5s._.js:1945
[    2593ms] [ERROR] ./remotion/EmpowerEveryTeam.tsx:164:6
Unterminated regexp literal
  162 |       </svg>
  163 |       </div>
> 164 |     </AbsoluteFill>
      |      ^^^^^^^^^^^^^^
  165 |   );
  166 | };
  167 |

Parsing ecmascript source code failed

Import trace:
  Client Component Browser:
    ./remotion/EmpowerEveryTeam.tsx [Client Component Browser]
    ./components/ui/RemotionEmpowerTeam.tsx [Client Component Browser]
    ./components/sections/TransformSection.tsx [Client Component Browser]
    ./components/sections/TransformSection.tsx [Server Component]
    ./app/page.tsx [Server Component] @ http://localhost:3000/_next/static/chunks/node_modules_next_dist_0u_w_5s._.js:1945
[    2644ms] [ERROR] ./remotion/EmpowerEveryTeam.tsx:164:5
Expression expected
  162 |       </svg>
  163 |       </div>
> 164 |     </AbsoluteFill>
      |     ^
  165 |   );
  166 | };
  167 |

Parsing ecmascript source code failed

Import trace:
  Client Component Browser:
    ./remotion/EmpowerEveryTeam.tsx [Client Component Browser]
    ./components/ui/RemotionEmpowerTeam.tsx [Client Component Browser]
    ./components/sections/TransformSection.tsx [Client Component Browser]
    ./components/sections/TransformSection.tsx [Server Component]
    ./app/page.tsx [Server Component] @ http://localhost:3000/_next/static/chunks/node_modules_next_dist_0u_w_5s._.js:1945
[    2644ms] [ERROR] ./remotion/EmpowerEveryTeam.tsx:164:6
Unterminated regexp literal
  162 |       </svg>
  163 |       </div>
> 164 |     </AbsoluteFill>
      |      ^^^^^^^^^^^^^^
  165 |   );
  166 | };
  167 |

Parsing ecmascript source code failed

Import trace:
  Client Component Browser:
    ./remotion/EmpowerEveryTeam.tsx [Client Component Browser]
    ./components/ui/RemotionEmpowerTeam.tsx [Client Component Browser]
    ./components/sections/TransformSection.tsx [Client Component Browser]
    ./components/sections/TransformSection.tsx [Server Component]
    ./app/page.tsx [Server Component] @ http://localhost:3000/_next/static/chunks/node_modules_next_dist_0u_w_5s._.js:1945
[    2694ms] [ERROR] ./remotion/EmpowerEveryTeam.tsx:164:5
Expression expected
  162 |       </svg>
  163 |       </div>
> 164 |     </AbsoluteFill>
      |     ^
  165 |   );
  166 | };
  167 |

Parsing ecmascript source code failed

Import trace:
  Client Component Browser:
    ./remotion/EmpowerEveryTeam.tsx [Client Component Browser]
    ./components/ui/RemotionEmpowerTeam.tsx [Client Component Browser]
    ./components/sections/TransformSection.tsx [Client Component Browser]
    ./components/sections/TransformSection.tsx [Server Component]
    ./app/page.tsx [Server Component] @ http://localhost:3000/_next/static/chunks/node_modules_next_dist_0u_w_5s._.js:1945
[    2694ms] [ERROR] ./remotion/EmpowerEveryTeam.tsx:164:6
Unterminated regexp literal
  162 |       </svg>
  163 |       </div>
> 164 |     </AbsoluteFill>
      |      ^^^^^^^^^^^^^^
  165 |   );
  166 | };
  167 |

Parsing ecmascript source code failed

Import trace:
  Client Component Browser:
    ./remotion/EmpowerEveryTeam.tsx [Client Component Browser]
    ./components/ui/RemotionEmpowerTeam.tsx [Client Component Browser]
    ./components/sections/TransformSection.tsx [Client Component Browser]
    ./components/sections/TransformSection.tsx [Server Component]
    ./app/page.tsx [Server Component] @ http://localhost:3000/_next/static/chunks/node_modules_next_dist_0u_w_5s._.js:1945
[    2745ms] [ERROR] ./remotion/EmpowerEveryTeam.tsx:164:5
Expression expected
  162 |       </svg>
  163 |       </div>
> 164 |     </AbsoluteFill>
      |     ^
  165 |   );
  166 | };
  167 |

Parsing ecmascript source code failed

Import trace:
  Client Component Browser:
    ./remotion/EmpowerEveryTeam.tsx [Client Component Browser]
    ./components/ui/RemotionEmpowerTeam.tsx [Client Component Browser]
    ./components/sections/TransformSection.tsx [Client Component Browser]
    ./components/sections/TransformSection.tsx [Server Component]
    ./app/page.tsx [Server Component] @ http://localhost:3000/_next/static/chunks/node_modules_next_dist_0u_w_5s._.js:1945
[    2745ms] [ERROR] ./remotion/EmpowerEveryTeam.tsx:164:6
Unterminated regexp literal
  162 |       </svg>
  163 |       </div>
> 164 |     </AbsoluteFill>
      |      ^^^^^^^^^^^^^^
  165 |   );
  166 | };
  167 |

Parsing ecmascript source code failed

Import trace:
  Client Component Browser:
    ./remotion/EmpowerEveryTeam.tsx [Client Component Browser]
    ./components/ui/RemotionEmpowerTeam.tsx [Client Component Browser]
    ./components/sections/TransformSection.tsx [Client Component Browser]
    ./components/sections/TransformSection.tsx [Server Component]
    ./app/page.tsx [Server Component] @ http://localhost:3000/_next/static/chunks/node_modules_next_dist_0u_w_5s._.js:1945
[    2796ms] [ERROR] ./remotion/EmpowerEveryTeam.tsx:164:5
Expression expected
  162 |       </svg>
  163 |       </div>
> 164 |     </AbsoluteFill>
      |     ^
  165 |   );
  166 | };
  167 |

Parsing ecmascript source code failed

Import trace:
  Client Component Browser:
    ./remotion/EmpowerEveryTeam.tsx [Client Component Browser]
    ./components/ui/RemotionEmpowerTeam.tsx [Client Component Browser]
    ./components/sections/TransformSection.tsx [Client Component Browser]
    ./components/sections/TransformSection.tsx [Server Component]
    ./app/page.tsx [Server Component] @ http://localhost:3000/_next/static/chunks/node_modules_next_dist_0u_w_5s._.js:1945
[    2796ms] [ERROR] ./remotion/EmpowerEveryTeam.tsx:164:6
Unterminated regexp literal
  162 |       </svg>
  163 |       </div>
> 164 |     </AbsoluteFill>
      |      ^^^^^^^^^^^^^^
  165 |   );
  166 | };
  167 |

Parsing ecmascript source code failed

Import trace:
  Client Component Browser:
    ./remotion/EmpowerEveryTeam.tsx [Client Component Browser]
    ./components/ui/RemotionEmpowerTeam.tsx [Client Component Browser]
    ./components/sections/TransformSection.tsx [Client Component Browser]
    ./components/sections/TransformSection.tsx [Server Component]
    ./app/page.tsx [Server Component] @ http://localhost:3000/_next/static/chunks/node_modules_next_dist_0u_w_5s._.js:1945
[    2847ms] [ERROR] ./remotion/EmpowerEveryTeam.tsx:164:5
Expression expected
  162 |       </svg>
  163 |       </div>
> 164 |     </AbsoluteFill>
      |     ^
  165 |   );
  166 | };
  167 |

Parsing ecmascript source code failed

Import trace:
  Client Component Browser:
    ./remotion/EmpowerEveryTeam.tsx [Client Component Browser]
    ./components/ui/RemotionEmpowerTeam.tsx [Client Component Browser]
    ./components/sections/TransformSection.tsx [Client Component Browser]
    ./components/sections/TransformSection.tsx [Server Component]
    ./app/page.tsx [Server Component] @ http://localhost:3000/_next/static/chunks/node_modules_next_dist_0u_w_5s._.js:1945
[    2847ms] [ERROR] ./remotion/EmpowerEveryTeam.tsx:164:6
Unterminated regexp literal
  162 |       </svg>
  163 |       </div>
> 164 |     </AbsoluteFill>
      |      ^^^^^^^^^^^^^^
  165 |   );
  166 | };
  167 |

Parsing ecmascript source code failed

Import trace:
  Client Component Browser:
    ./remotion/EmpowerEveryTeam.tsx [Client Component Browser]
    ./components/ui/RemotionEmpowerTeam.tsx [Client Component Browser]
    ./components/sections/TransformSection.tsx [Client Component Browser]
    ./components/sections/TransformSection.tsx [Server Component]
    ./app/page.tsx [Server Component] @ http://localhost:3000/_next/static/chunks/node_modules_next_dist_0u_w_5s._.js:1945
[    2897ms] [ERROR] ./remotion/EmpowerEveryTeam.tsx:164:5
Expression expected
  162 |       </svg>
  163 |       </div>
> 164 |     </AbsoluteFill>
      |     ^
  165 |   );
  166 | };
  167 |

Parsing ecmascript source code failed

Import trace:
  Client Component Browser:
    ./remotion/EmpowerEveryTeam.tsx [Client Component Browser]
    ./components/ui/RemotionEmpowerTeam.tsx [Client Component Browser]
    ./components/sections/TransformSection.tsx [Client Component Browser]
    ./components/sections/TransformSection.tsx [Server Component]
    ./app/page.tsx [Server Component] @ http://localhost:3000/_next/static/chunks/node_modules_next_dist_0u_w_5s._.js:1945
[    2897ms] [ERROR] ./remotion/EmpowerEveryTeam.tsx:164:6
Unterminated regexp literal
  162 |       </svg>
  163 |       </div>
> 164 |     </AbsoluteFill>
      |      ^^^^^^^^^^^^^^
  165 |   );
  166 | };
  167 |

Parsing ecmascript source code failed

Import trace:
  Client Component Browser:
    ./remotion/EmpowerEveryTeam.tsx [Client Component Browser]
    ./components/ui/RemotionEmpowerTeam.tsx [Client Component Browser]
    ./components/sections/TransformSection.tsx [Client Component Browser]
    ./components/sections/TransformSection.tsx [Server Component]
    ./app/page.tsx [Server Component] @ http://localhost:3000/_next/static/chunks/node_modules_next_dist_0u_w_5s._.js:1945
[    2952ms] [ERROR] ./remotion/EmpowerEveryTeam.tsx:164:5
Expression expected
  162 |       </svg>
  163 |       </div>
> 164 |     </AbsoluteFill>
      |     ^
  165 |   );
  166 | };
  167 |

Parsing ecmascript source code failed

Import trace:
  Client Component Browser:
    ./remotion/EmpowerEveryTeam.tsx [Client Component Browser]
    ./components/ui/RemotionEmpowerTeam.tsx [Client Component Browser]
    ./components/sections/TransformSection.tsx [Client Component Browser]
    ./components/sections/TransformSection.tsx [Server Component]
    ./app/page.tsx [Server Component] @ http://localhost:3000/_next/static/chunks/node_modules_next_dist_0u_w_5s._.js:1945
[    2952ms] [ERROR] ./remotion/EmpowerEveryTeam.tsx:164:6
Unterminated regexp literal
  162 |       </svg>
  163 |       </div>
> 164 |     </AbsoluteFill>
      |      ^^^^^^^^^^^^^^
  165 |   );
  166 | };
  167 |

Parsing ecmascript source code failed

Import trace:
  Client Component Browser:
    ./remotion/EmpowerEveryTeam.tsx [Client Component Browser]
    ./components/ui/RemotionEmpowerTeam.tsx [Client Component Browser]
    ./components/sections/TransformSection.tsx [Client Component Browser]
    ./components/sections/TransformSection.tsx [Server Component]
    ./app/page.tsx [Server Component] @ http://localhost:3000/_next/static/chunks/node_modules_next_dist_0u_w_5s._.js:1945
[    3003ms] [ERROR] ./remotion/EmpowerEveryTeam.tsx:164:5
Expression expected
  162 |       </svg>
  163 |       </div>
> 164 |     </AbsoluteFill>
      |     ^
  165 |   );
  166 | };
  167 |

Parsing ecmascript source code failed

Import trace:
  Client Component Browser:
    ./remotion/EmpowerEveryTeam.tsx [Client Component Browser]
    ./components/ui/RemotionEmpowerTeam.tsx [Client Component Browser]
    ./components/sections/TransformSection.tsx [Client Component Browser]
    ./components/sections/TransformSection.tsx [Server Component]
    ./app/page.tsx [Server Component] @ http://localhost:3000/_next/static/chunks/node_modules_next_dist_0u_w_5s._.js:1945
[    3003ms] [ERROR] ./remotion/EmpowerEveryTeam.tsx:164:6
Unterminated regexp literal
  162 |       </svg>
  163 |       </div>
> 164 |     </AbsoluteFill>
      |      ^^^^^^^^^^^^^^
  165 |   );
  166 | };
  167 |

Parsing ecmascript source code failed

Import trace:
  Client Component Browser:
    ./remotion/EmpowerEveryTeam.tsx [Client Component Browser]
    ./components/ui/RemotionEmpowerTeam.tsx [Client Component Browser]
    ./components/sections/TransformSection.tsx [Client Component Browser]
    ./components/sections/TransformSection.tsx [Server Component]
    ./app/page.tsx [Server Component] @ http://localhost:3000/_next/static/chunks/node_modules_next_dist_0u_w_5s._.js:1945
[    3054ms] [ERROR] ./remotion/EmpowerEveryTeam.tsx:164:5
Expression expected
  162 |       </svg>
  163 |       </div>
> 164 |     </AbsoluteFill>
      |     ^
  165 |   );
  166 | };
  167 |

Parsing ecmascript source code failed

Import trace:
  Client Component Browser:
    ./remotion/EmpowerEveryTeam.tsx [Client Component Browser]
    ./components/ui/RemotionEmpowerTeam.tsx [Client Component Browser]
    ./components/sections/TransformSection.tsx [Client Component Browser]
    ./components/sections/TransformSection.tsx [Server Component]
    ./app/page.tsx [Server Component] @ http://localhost:3000/_next/static/chunks/node_modules_next_dist_0u_w_5s._.js:1945
[    3054ms] [ERROR] ./remotion/EmpowerEveryTeam.tsx:164:6
Unterminated regexp literal
  162 |       </svg>
  163 |       </div>
> 164 |     </AbsoluteFill>
      |      ^^^^^^^^^^^^^^
  165 |   );
  166 | };
  167 |

Parsing ecmascript source code failed

Import trace:
  Client Component Browser:
    ./remotion/EmpowerEveryTeam.tsx [Client Component Browser]
    ./components/ui/RemotionEmpowerTeam.tsx [Client Component Browser]
    ./components/sections/TransformSection.tsx [Client Component Browser]
    ./components/sections/TransformSection.tsx [Server Component]
    ./app/page.tsx [Server Component] @ http://localhost:3000/_next/static/chunks/node_modules_next_dist_0u_w_5s._.js:1945
[    3106ms] [ERROR] ./remotion/EmpowerEveryTeam.tsx:164:5
Expression expected
  162 |       </svg>
  163 |       </div>
> 164 |     </AbsoluteFill>
      |     ^
  165 |   );
  166 | };
  167 |

Parsing ecmascript source code failed

Import trace:
  Client Component Browser:
    ./remotion/EmpowerEveryTeam.tsx [Client Component Browser]
    ./components/ui/RemotionEmpowerTeam.tsx [Client Component Browser]
    ./components/sections/TransformSection.tsx [Client Component Browser]
    ./components/sections/TransformSection.tsx [Server Component]
    ./app/page.tsx [Server Component] @ http://localhost:3000/_next/static/chunks/node_modules_next_dist_0u_w_5s._.js:1945
[    3106ms] [ERROR] ./remotion/EmpowerEveryTeam.tsx:164:6
Unterminated regexp literal
  162 |       </svg>
  163 |       </div>
> 164 |     </AbsoluteFill>
      |      ^^^^^^^^^^^^^^
  165 |   );
  166 | };
  167 |

Parsing ecmascript source code failed

Import trace:
  Client Component Browser:
    ./remotion/EmpowerEveryTeam.tsx [Client Component Browser]
    ./components/ui/RemotionEmpowerTeam.tsx [Client Component Browser]
    ./components/sections/TransformSection.tsx [Client Component Browser]
    ./components/sections/TransformSection.tsx [Server Component]
    ./app/page.tsx [Server Component] @ http://localhost:3000/_next/static/chunks/node_modules_next_dist_0u_w_5s._.js:1945
[    3161ms] [ERROR] ./remotion/EmpowerEveryTeam.tsx:164:5
Expression expected
  162 |       </svg>
  163 |       </div>
> 164 |     </AbsoluteFill>
      |     ^
  165 |   );
  166 | };
  167 |

Parsing ecmascript source code failed

Import trace:
  Client Component Browser:
    ./remotion/EmpowerEveryTeam.tsx [Client Component Browser]
    ./components/ui/RemotionEmpowerTeam.tsx [Client Component Browser]
    ./components/sections/TransformSection.tsx [Client Component Browser]
    ./components/sections/TransformSection.tsx [Server Component]
    ./app/page.tsx [Server Component] @ http://localhost:3000/_next/static/chunks/node_modules_next_dist_0u_w_5s._.js:1945
[    3161ms] [ERROR] ./remotion/EmpowerEveryTeam.tsx:164:6
Unterminated regexp literal
  162 |       </svg>
  163 |       </div>
> 164 |     </AbsoluteFill>
      |      ^^^^^^^^^^^^^^
  165 |   );
  166 | };
  167 |

Parsing ecmascript source code failed

Import trace:
  Client Component Browser:
    ./remotion/EmpowerEveryTeam.tsx [Client Component Browser]
    ./components/ui/RemotionEmpowerTeam.tsx [Client Component Browser]
    ./components/sections/TransformSection.tsx [Client Component Browser]
    ./components/sections/TransformSection.tsx [Server Component]
    ./app/page.tsx [Server Component] @ http://localhost:3000/_next/static/chunks/node_modules_next_dist_0u_w_5s._.js:1945
[    3213ms] [ERROR] ./remotion/EmpowerEveryTeam.tsx:164:5
Expression expected
  162 |       </svg>
  163 |       </div>
> 164 |     </AbsoluteFill>
      |     ^
  165 |   );
  166 | };
  167 |

Parsing ecmascript source code failed

Import trace:
  Client Component Browser:
    ./remotion/EmpowerEveryTeam.tsx [Client Component Browser]
    ./components/ui/RemotionEmpowerTeam.tsx [Client Component Browser]
    ./components/sections/TransformSection.tsx [Client Component Browser]
    ./components/sections/TransformSection.tsx [Server Component]
    ./app/page.tsx [Server Component] @ http://localhost:3000/_next/static/chunks/node_modules_next_dist_0u_w_5s._.js:1945
[    3213ms] [ERROR] ./remotion/EmpowerEveryTeam.tsx:164:6
Unterminated regexp literal
  162 |       </svg>
  163 |       </div>
> 164 |     </AbsoluteFill>
      |      ^^^^^^^^^^^^^^
  165 |   );
  166 | };
  167 |

Parsing ecmascript source code failed

Import trace:
  Client Component Browser:
    ./remotion/EmpowerEveryTeam.tsx [Client Component Browser]
    ./components/ui/RemotionEmpowerTeam.tsx [Client Component Browser]
    ./components/sections/TransformSection.tsx [Client Component Browser]
    ./components/sections/TransformSection.tsx [Server Component]
    ./app/page.tsx [Server Component] @ http://localhost:3000/_next/static/chunks/node_modules_next_dist_0u_w_5s._.js:1945
[    3265ms] [ERROR] ./remotion/EmpowerEveryTeam.tsx:164:5
Expression expected
  162 |       </svg>
  163 |       </div>
> 164 |     </AbsoluteFill>
      |     ^
  165 |   );
  166 | };
  167 |

Parsing ecmascript source code failed

Import trace:
  Client Component Browser:
    ./remotion/EmpowerEveryTeam.tsx [Client Component Browser]
    ./components/ui/RemotionEmpowerTeam.tsx [Client Component Browser]
    ./components/sections/TransformSection.tsx [Client Component Browser]
    ./components/sections/TransformSection.tsx [Server Component]
    ./app/page.tsx [Server Component] @ http://localhost:3000/_next/static/chunks/node_modules_next_dist_0u_w_5s._.js:1945
[    3265ms] [ERROR] ./remotion/EmpowerEveryTeam.tsx:164:6
Unterminated regexp literal
  162 |       </svg>
  163 |       </div>
> 164 |     </AbsoluteFill>
      |      ^^^^^^^^^^^^^^
  165 |   );
  166 | };
  167 |

Parsing ecmascript source code failed

Import trace:
  Client Component Browser:
    ./remotion/EmpowerEveryTeam.tsx [Client Component Browser]
    ./components/ui/RemotionEmpowerTeam.tsx [Client Component Browser]
    ./components/sections/TransformSection.tsx [Client Component Browser]
    ./components/sections/TransformSection.tsx [Server Component]
    ./app/page.tsx [Server Component] @ http://localhost:3000/_next/static/chunks/node_modules_next_dist_0u_w_5s._.js:1945
[    3316ms] [ERROR] ./remotion/EmpowerEveryTeam.tsx:164:5
Expression expected
  162 |       </svg>
  163 |       </div>
> 164 |     </AbsoluteFill>
      |     ^
  165 |   );
  166 | };
  167 |

Parsing ecmascript source code failed

Import trace:
  Client Component Browser:
    ./remotion/EmpowerEveryTeam.tsx [Client Component Browser]
    ./components/ui/RemotionEmpowerTeam.tsx [Client Component Browser]
    ./components/sections/TransformSection.tsx [Client Component Browser]
    ./components/sections/TransformSection.tsx [Server Component]
    ./app/page.tsx [Server Component] @ http://localhost:3000/_next/static/chunks/node_modules_next_dist_0u_w_5s._.js:1945
[    3316ms] [ERROR] ./remotion/EmpowerEveryTeam.tsx:164:6
Unterminated regexp literal
  162 |       </svg>
  163 |       </div>
> 164 |     </AbsoluteFill>
      |      ^^^^^^^^^^^^^^
  165 |   );
  166 | };
  167 |

Parsing ecmascript source code failed

Import trace:
  Client Component Browser:
    ./remotion/EmpowerEveryTeam.tsx [Client Component Browser]
    ./components/ui/RemotionEmpowerTeam.tsx [Client Component Browser]
    ./components/sections/TransformSection.tsx [Client Component Browser]
    ./components/sections/TransformSection.tsx [Server Component]
    ./app/page.tsx [Server Component] @ http://localhost:3000/_next/static/chunks/node_modules_next_dist_0u_w_5s._.js:1945
[    3367ms] [ERROR] ./remotion/EmpowerEveryTeam.tsx:164:5
Expression expected
  162 |       </svg>
  163 |       </div>
> 164 |     </AbsoluteFill>
      |     ^
  165 |   );
  166 | };
  167 |

Parsing ecmascript source code failed

Import trace:
  Client Component Browser:
    ./remotion/EmpowerEveryTeam.tsx [Client Component Browser]
    ./components/ui/RemotionEmpowerTeam.tsx [Client Component Browser]
    ./components/sections/TransformSection.tsx [Client Component Browser]
    ./components/sections/TransformSection.tsx [Server Component]
    ./app/page.tsx [Server Component] @ http://localhost:3000/_next/static/chunks/node_modules_next_dist_0u_w_5s._.js:1945
[    3367ms] [ERROR] ./remotion/EmpowerEveryTeam.tsx:164:6
Unterminated regexp literal
  162 |       </svg>
  163 |       </div>
> 164 |     </AbsoluteFill>
      |      ^^^^^^^^^^^^^^
  165 |   );
  166 | };
  167 |

Parsing ecmascript source code failed

Import trace:
  Client Component Browser:
    ./remotion/EmpowerEveryTeam.tsx [Client Component Browser]
    ./components/ui/RemotionEmpowerTeam.tsx [Client Component Browser]
    ./components/sections/TransformSection.tsx [Client Component Browser]
    ./components/sections/TransformSection.tsx [Server Component]
    ./app/page.tsx [Server Component] @ http://localhost:3000/_next/static/chunks/node_modules_next_dist_0u_w_5s._.js:1945
[    3418ms] [ERROR] ./remotion/EmpowerEveryTeam.tsx:164:5
Expression expected
  162 |       </svg>
  163 |       </div>
> 164 |     </AbsoluteFill>
      |     ^
  165 |   );
  166 | };
  167 |

Parsing ecmascript source code failed

Import trace:
  Client Component Browser:
    ./remotion/EmpowerEveryTeam.tsx [Client Component Browser]
    ./components/ui/RemotionEmpowerTeam.tsx [Client Component Browser]
    ./components/sections/TransformSection.tsx [Client Component Browser]
    ./components/sections/TransformSection.tsx [Server Component]
    ./app/page.tsx [Server Component] @ http://localhost:3000/_next/static/chunks/node_modules_next_dist_0u_w_5s._.js:1945
[    3418ms] [ERROR] ./remotion/EmpowerEveryTeam.tsx:164:6
Unterminated regexp literal
  162 |       </svg>
  163 |       </div>
> 164 |     </AbsoluteFill>
      |      ^^^^^^^^^^^^^^
  165 |   );
  166 | };
  167 |

Parsing ecmascript source code failed

Import trace:
  Client Component Browser:
    ./remotion/EmpowerEveryTeam.tsx [Client Component Browser]
    ./components/ui/RemotionEmpowerTeam.tsx [Client Component Browser]
    ./components/sections/TransformSection.tsx [Client Component Browser]
    ./components/sections/TransformSection.tsx [Server Component]
    ./app/page.tsx [Server Component] @ http://localhost:3000/_next/static/chunks/node_modules_next_dist_0u_w_5s._.js:1945
[    3469ms] [ERROR] ./remotion/EmpowerEveryTeam.tsx:164:5
Expression expected
  162 |       </svg>
  163 |       </div>
> 164 |     </AbsoluteFill>
      |     ^
  165 |   );
  166 | };
  167 |

Parsing ecmascript source code failed

Import trace:
  Client Component Browser:
    ./remotion/EmpowerEveryTeam.tsx [Client Component Browser]
    ./components/ui/RemotionEmpowerTeam.tsx [Client Component Browser]
    ./components/sections/TransformSection.tsx [Client Component Browser]
    ./components/sections/TransformSection.tsx [Server Component]
    ./app/page.tsx [Server Component] @ http://localhost:3000/_next/static/chunks/node_modules_next_dist_0u_w_5s._.js:1945
[    3469ms] [ERROR] ./remotion/EmpowerEveryTeam.tsx:164:6
Unterminated regexp literal
  162 |       </svg>
  163 |       </div>
> 164 |     </AbsoluteFill>
      |      ^^^^^^^^^^^^^^
  165 |   );
  166 | };
  167 |

Parsing ecmascript source code failed

Import trace:
  Client Component Browser:
    ./remotion/EmpowerEveryTeam.tsx [Client Component Browser]
    ./components/ui/RemotionEmpowerTeam.tsx [Client Component Browser]
    ./components/sections/TransformSection.tsx [Client Component Browser]
    ./components/sections/TransformSection.tsx [Server Component]
    ./app/page.tsx [Server Component] @ http://localhost:3000/_next/static/chunks/node_modules_next_dist_0u_w_5s._.js:1945
[    3520ms] [ERROR] ./remotion/EmpowerEveryTeam.tsx:164:5
Expression expected
  162 |       </svg>
  163 |       </div>
> 164 |     </AbsoluteFill>
      |     ^
  165 |   );
  166 | };
  167 |

Parsing ecmascript source code failed

Import trace:
  Client Component Browser:
    ./remotion/EmpowerEveryTeam.tsx [Client Component Browser]
    ./components/ui/RemotionEmpowerTeam.tsx [Client Component Browser]
    ./components/sections/TransformSection.tsx [Client Component Browser]
    ./components/sections/TransformSection.tsx [Server Component]
    ./app/page.tsx [Server Component] @ http://localhost:3000/_next/static/chunks/node_modules_next_dist_0u_w_5s._.js:1945
[    3520ms] [ERROR] ./remotion/EmpowerEveryTeam.tsx:164:6
Unterminated regexp literal
  162 |       </svg>
  163 |       </div>
> 164 |     </AbsoluteFill>
      |      ^^^^^^^^^^^^^^
  165 |   );
  166 | };
  167 |

Parsing ecmascript source code failed

Import trace:
  Client Component Browser:
    ./remotion/EmpowerEveryTeam.tsx [Client Component Browser]
    ./components/ui/RemotionEmpowerTeam.tsx [Client Component Browser]
    ./components/sections/TransformSection.tsx [Client Component Browser]
    ./components/sections/TransformSection.tsx [Server Component]
    ./app/page.tsx [Server Component] @ http://localhost:3000/_next/static/chunks/node_modules_next_dist_0u_w_5s._.js:1945
[    3571ms] [ERROR] ./remotion/EmpowerEveryTeam.tsx:164:5
Expression expected
  162 |       </svg>
  163 |       </div>
> 164 |     </AbsoluteFill>
      |     ^
  165 |   );
  166 | };
  167 |

Parsing ecmascript source code failed

Import trace:
  Client Component Browser:
    ./remotion/EmpowerEveryTeam.tsx [Client Component Browser]
    ./components/ui/RemotionEmpowerTeam.tsx [Client Component Browser]
    ./components/sections/TransformSection.tsx [Client Component Browser]
    ./components/sections/TransformSection.tsx [Server Component]
    ./app/page.tsx [Server Component] @ http://localhost:3000/_next/static/chunks/node_modules_next_dist_0u_w_5s._.js:1945
[    3572ms] [ERROR] ./remotion/EmpowerEveryTeam.tsx:164:6
Unterminated regexp literal
  162 |       </svg>
  163 |       </div>
> 164 |     </AbsoluteFill>
      |      ^^^^^^^^^^^^^^
  165 |   );
  166 | };
  167 |

Parsing ecmascript source code failed

Import trace:
  Client Component Browser:
    ./remotion/EmpowerEveryTeam.tsx [Client Component Browser]
    ./components/ui/RemotionEmpowerTeam.tsx [Client Component Browser]
    ./components/sections/TransformSection.tsx [Client Component Browser]
    ./components/sections/TransformSection.tsx [Server Component]
    ./app/page.tsx [Server Component] @ http://localhost:3000/_next/static/chunks/node_modules_next_dist_0u_w_5s._.js:1945
[    3621ms] [ERROR] ./remotion/EmpowerEveryTeam.tsx:164:5
Expression expected
  162 |       </svg>
  163 |       </div>
> 164 |     </AbsoluteFill>
      |     ^
  165 |   );
  166 | };
  167 |

Parsing ecmascript source code failed

Import trace:
  Client Component Browser:
    ./remotion/EmpowerEveryTeam.tsx [Client Component Browser]
    ./components/ui/RemotionEmpowerTeam.tsx [Client Component Browser]
    ./components/sections/TransformSection.tsx [Client Component Browser]
    ./components/sections/TransformSection.tsx [Server Component]
    ./app/page.tsx [Server Component] @ http://localhost:3000/_next/static/chunks/node_modules_next_dist_0u_w_5s._.js:1945
[    3621ms] [ERROR] ./remotion/EmpowerEveryTeam.tsx:164:6
Unterminated regexp literal
  162 |       </svg>
  163 |       </div>
> 164 |     </AbsoluteFill>
      |      ^^^^^^^^^^^^^^
  165 |   );
  166 | };
  167 |

Parsing ecmascript source code failed

Import trace:
  Client Component Browser:
    ./remotion/EmpowerEveryTeam.tsx [Client Component Browser]
    ./components/ui/RemotionEmpowerTeam.tsx [Client Component Browser]
    ./components/sections/TransformSection.tsx [Client Component Browser]
    ./components/sections/TransformSection.tsx [Server Component]
    ./app/page.tsx [Server Component] @ http://localhost:3000/_next/static/chunks/node_modules_next_dist_0u_w_5s._.js:1945
[    3694ms] [ERROR] ./remotion/EmpowerEveryTeam.tsx:164:5
Expression expected
  162 |       </svg>
  163 |       </div>
> 164 |     </AbsoluteFill>
      |     ^
  165 |   );
  166 | };
  167 |

Parsing ecmascript source code failed

Import trace:
  Client Component Browser:
    ./remotion/EmpowerEveryTeam.tsx [Client Component Browser]
    ./components/ui/RemotionEmpowerTeam.tsx [Client Component Browser]
    ./components/sections/TransformSection.tsx [Client Component Browser]
    ./components/sections/TransformSection.tsx [Server Component]
    ./app/page.tsx [Server Component] @ http://localhost:3000/_next/static/chunks/node_modules_next_dist_0u_w_5s._.js:1945
[    3694ms] [ERROR] ./remotion/EmpowerEveryTeam.tsx:164:6
Unterminated regexp literal
  162 |       </svg>
  163 |       </div>
> 164 |     </AbsoluteFill>
      |      ^^^^^^^^^^^^^^
  165 |   );
  166 | };
  167 |

Parsing ecmascript source code failed

Import trace:
  Client Component Browser:
    ./remotion/EmpowerEveryTeam.tsx [Client Component Browser]
    ./components/ui/RemotionEmpowerTeam.tsx [Client Component Browser]
    ./components/sections/TransformSection.tsx [Client Component Browser]
    ./components/sections/TransformSection.tsx [Server Component]
    ./app/page.tsx [Server Component] @ http://localhost:3000/_next/static/chunks/node_modules_next_dist_0u_w_5s._.js:1945
[    3754ms] [ERROR] ./remotion/EmpowerEveryTeam.tsx:164:5
Expression expected
  162 |       </svg>
  163 |       </div>
> 164 |     </AbsoluteFill>
      |     ^
  165 |   );
  166 | };
  167 |

Parsing ecmascript source code failed

Import trace:
  Client Component Browser:
    ./remotion/EmpowerEveryTeam.tsx [Client Component Browser]
    ./components/ui/RemotionEmpowerTeam.tsx [Client Component Browser]
    ./components/sections/TransformSection.tsx [Client Component Browser]
    ./components/sections/TransformSection.tsx [Server Component]
    ./app/page.tsx [Server Component] @ http://localhost:3000/_next/static/chunks/node_modules_next_dist_0u_w_5s._.js:1945
[    3754ms] [ERROR] ./remotion/EmpowerEveryTeam.tsx:164:6
Unterminated regexp literal
  162 |       </svg>
  163 |       </div>
> 164 |     </AbsoluteFill>
      |      ^^^^^^^^^^^^^^
  165 |   );
  166 | };
  167 |

Parsing ecmascript source code failed

Import trace:
  Client Component Browser:
    ./remotion/EmpowerEveryTeam.tsx [Client Component Browser]
    ./components/ui/RemotionEmpowerTeam.tsx [Client Component Browser]
    ./components/sections/TransformSection.tsx [Client Component Browser]
    ./components/sections/TransformSection.tsx [Server Component]
    ./app/page.tsx [Server Component] @ http://localhost:3000/_next/static/chunks/node_modules_next_dist_0u_w_5s._.js:1945
[    3816ms] [ERROR] ./remotion/EmpowerEveryTeam.tsx:164:5
Expression expected
  162 |       </svg>
  163 |       </div>
> 164 |     </AbsoluteFill>
      |     ^
  165 |   );
  166 | };
  167 |

Parsing ecmascript source code failed

Import trace:
  Client Component Browser:
    ./remotion/EmpowerEveryTeam.tsx [Client Component Browser]
    ./components/ui/RemotionEmpowerTeam.tsx [Client Component Browser]
    ./components/sections/TransformSection.tsx [Client Component Browser]
    ./components/sections/TransformSection.tsx [Server Component]
    ./app/page.tsx [Server Component] @ http://localhost:3000/_next/static/chunks/node_modules_next_dist_0u_w_5s._.js:1945
[    3816ms] [ERROR] ./remotion/EmpowerEveryTeam.tsx:164:6
Unterminated regexp literal
  162 |       </svg>
  163 |       </div>
> 164 |     </AbsoluteFill>
      |      ^^^^^^^^^^^^^^
  165 |   );
  166 | };
  167 |

Parsing ecmascript source code failed

Import trace:
  Client Component Browser:
    ./remotion/EmpowerEveryTeam.tsx [Client Component Browser]
    ./components/ui/RemotionEmpowerTeam.tsx [Client Component Browser]
    ./components/sections/TransformSection.tsx [Client Component Browser]
    ./components/sections/TransformSection.tsx [Server Component]
    ./app/page.tsx [Server Component] @ http://localhost:3000/_next/static/chunks/node_modules_next_dist_0u_w_5s._.js:1945
[    3866ms] [ERROR] ./remotion/EmpowerEveryTeam.tsx:164:5
Expression expected
  162 |       </svg>
  163 |       </div>
> 164 |     </AbsoluteFill>
      |     ^
  165 |   );
  166 | };
  167 |

Parsing ecmascript source code failed

Import trace:
  Client Component Browser:
    ./remotion/EmpowerEveryTeam.tsx [Client Component Browser]
    ./components/ui/RemotionEmpowerTeam.tsx [Client Component Browser]
    ./components/sections/TransformSection.tsx [Client Component Browser]
    ./components/sections/TransformSection.tsx [Server Component]
    ./app/page.tsx [Server Component] @ http://localhost:3000/_next/static/chunks/node_modules_next_dist_0u_w_5s._.js:1945
[    3866ms] [ERROR] ./remotion/EmpowerEveryTeam.tsx:164:6
Unterminated regexp literal
  162 |       </svg>
  163 |       </div>
> 164 |     </AbsoluteFill>
      |      ^^^^^^^^^^^^^^
  165 |   );
  166 | };
  167 |

Parsing ecmascript source code failed

Import trace:
  Client Component Browser:
    ./remotion/EmpowerEveryTeam.tsx [Client Component Browser]
    ./components/ui/RemotionEmpowerTeam.tsx [Client Component Browser]
    ./components/sections/TransformSection.tsx [Client Component Browser]
    ./components/sections/TransformSection.tsx [Server Component]
    ./app/page.tsx [Server Component] @ http://localhost:3000/_next/static/chunks/node_modules_next_dist_0u_w_5s._.js:1945
[    3919ms] [ERROR] ./remotion/EmpowerEveryTeam.tsx:164:5
Expression expected
  162 |       </svg>
  163 |       </div>
> 164 |     </AbsoluteFill>
      |     ^
  165 |   );
  166 | };
  167 |

Parsing ecmascript source code failed

Import trace:
  Client Component Browser:
    ./remotion/EmpowerEveryTeam.tsx [Client Component Browser]
    ./components/ui/RemotionEmpowerTeam.tsx [Client Component Browser]
    ./components/sections/TransformSection.tsx [Client Component Browser]
    ./components/sections/TransformSection.tsx [Server Component]
    ./app/page.tsx [Server Component] @ http://localhost:3000/_next/static/chunks/node_modules_next_dist_0u_w_5s._.js:1945
[    3919ms] [ERROR] ./remotion/EmpowerEveryTeam.tsx:164:6
Unterminated regexp literal
  162 |       </svg>
  163 |       </div>
> 164 |     </AbsoluteFill>
      |      ^^^^^^^^^^^^^^
  165 |   );
  166 | };
  167 |

Parsing ecmascript source code failed

Import trace:
  Client Component Browser:
    ./remotion/EmpowerEveryTeam.tsx [Client Component Browser]
    ./components/ui/RemotionEmpowerTeam.tsx [Client Component Browser]
    ./components/sections/TransformSection.tsx [Client Component Browser]
    ./components/sections/TransformSection.tsx [Server Component]
    ./app/page.tsx [Server Component] @ http://localhost:3000/_next/static/chunks/node_modules_next_dist_0u_w_5s._.js:1945
[    3965ms] [ERROR] ./remotion/EmpowerEveryTeam.tsx:164:5
Expression expected
  162 |       </svg>
  163 |       </div>
> 164 |     </AbsoluteFill>
      |     ^
  165 |   );
  166 | };
  167 |

Parsing ecmascript source code failed

Import trace:
  Client Component Browser:
    ./remotion/EmpowerEveryTeam.tsx [Client Component Browser]
    ./components/ui/RemotionEmpowerTeam.tsx [Client Component Browser]
    ./components/sections/TransformSection.tsx [Client Component Browser]
    ./components/sections/TransformSection.tsx [Server Component]
    ./app/page.tsx [Server Component] @ http://localhost:3000/_next/static/chunks/node_modules_next_dist_0u_w_5s._.js:1945
[    3965ms] [ERROR] ./remotion/EmpowerEveryTeam.tsx:164:6
Unterminated regexp literal
  162 |       </svg>
  163 |       </div>
> 164 |     </AbsoluteFill>
      |      ^^^^^^^^^^^^^^
  165 |   );
  166 | };
  167 |

Parsing ecmascript source code failed

Import trace:
  Client Component Browser:
    ./remotion/EmpowerEveryTeam.tsx [Client Component Browser]
    ./components/ui/RemotionEmpowerTeam.tsx [Client Component Browser]
    ./components/sections/TransformSection.tsx [Client Component Browser]
    ./components/sections/TransformSection.tsx [Server Component]
    ./app/page.tsx [Server Component] @ http://localhost:3000/_next/static/chunks/node_modules_next_dist_0u_w_5s._.js:1945
[    4017ms] [ERROR] ./remotion/EmpowerEveryTeam.tsx:164:5
Expression expected
  162 |       </svg>
  163 |       </div>
> 164 |     </AbsoluteFill>
      |     ^
  165 |   );
  166 | };
  167 |

Parsing ecmascript source code failed

Import trace:
  Client Component Browser:
    ./remotion/EmpowerEveryTeam.tsx [Client Component Browser]
    ./components/ui/RemotionEmpowerTeam.tsx [Client Component Browser]
    ./components/sections/TransformSection.tsx [Client Component Browser]
    ./components/sections/TransformSection.tsx [Server Component]
    ./app/page.tsx [Server Component] @ http://localhost:3000/_next/static/chunks/node_modules_next_dist_0u_w_5s._.js:1945
[    4017ms] [ERROR] ./remotion/EmpowerEveryTeam.tsx:164:6
Unterminated regexp literal
  162 |       </svg>
  163 |       </div>
> 164 |     </AbsoluteFill>
      |      ^^^^^^^^^^^^^^
  165 |   );
  166 | };
  167 |

Parsing ecmascript source code failed

Import trace:
  Client Component Browser:
    ./remotion/EmpowerEveryTeam.tsx [Client Component Browser]
    ./components/ui/RemotionEmpowerTeam.tsx [Client Component Browser]
    ./components/sections/TransformSection.tsx [Client Component Browser]
    ./components/sections/TransformSection.tsx [Server Component]
    ./app/page.tsx [Server Component] @ http://localhost:3000/_next/static/chunks/node_modules_next_dist_0u_w_5s._.js:1945
[    4068ms] [ERROR] ./remotion/EmpowerEveryTeam.tsx:164:5
Expression expected
  162 |       </svg>
  163 |       </div>
> 164 |     </AbsoluteFill>
      |     ^
  165 |   );
  166 | };
  167 |

Parsing ecmascript source code failed

Import trace:
  Client Component Browser:
    ./remotion/EmpowerEveryTeam.tsx [Client Component Browser]
    ./components/ui/RemotionEmpowerTeam.tsx [Client Component Browser]
    ./components/sections/TransformSection.tsx [Client Component Browser]
    ./components/sections/TransformSection.tsx [Server Component]
    ./app/page.tsx [Server Component] @ http://localhost:3000/_next/static/chunks/node_modules_next_dist_0u_w_5s._.js:1945
[    4068ms] [ERROR] ./remotion/EmpowerEveryTeam.tsx:164:6
Unterminated regexp literal
  162 |       </svg>
  163 |       </div>
> 164 |     </AbsoluteFill>
      |      ^^^^^^^^^^^^^^
  165 |   );
  166 | };
  167 |

Parsing ecmascript source code failed

Import trace:
  Client Component Browser:
    ./remotion/EmpowerEveryTeam.tsx [Client Component Browser]
    ./components/ui/RemotionEmpowerTeam.tsx [Client Component Browser]
    ./components/sections/TransformSection.tsx [Client Component Browser]
    ./components/sections/TransformSection.tsx [Server Component]
    ./app/page.tsx [Server Component] @ http://localhost:3000/_next/static/chunks/node_modules_next_dist_0u_w_5s._.js:1945
[    4118ms] [ERROR] ./remotion/EmpowerEveryTeam.tsx:164:5
Expression expected
  162 |       </svg>
  163 |       </div>
> 164 |     </AbsoluteFill>
      |     ^
  165 |   );
  166 | };
  167 |

Parsing ecmascript source code failed

Import trace:
  Client Component Browser:
    ./remotion/EmpowerEveryTeam.tsx [Client Component Browser]
    ./components/ui/RemotionEmpowerTeam.tsx [Client Component Browser]
    ./components/sections/TransformSection.tsx [Client Component Browser]
    ./components/sections/TransformSection.tsx [Server Component]
    ./app/page.tsx [Server Component] @ http://localhost:3000/_next/static/chunks/node_modules_next_dist_0u_w_5s._.js:1945
[    4118ms] [ERROR] ./remotion/EmpowerEveryTeam.tsx:164:6
Unterminated regexp literal
  162 |       </svg>
  163 |       </div>
> 164 |     </AbsoluteFill>
      |      ^^^^^^^^^^^^^^
  165 |   );
  166 | };
  167 |

Parsing ecmascript source code failed

Import trace:
  Client Component Browser:
    ./remotion/EmpowerEveryTeam.tsx [Client Component Browser]
    ./components/ui/RemotionEmpowerTeam.tsx [Client Component Browser]
    ./components/sections/TransformSection.tsx [Client Component Browser]
    ./components/sections/TransformSection.tsx [Server Component]
    ./app/page.tsx [Server Component] @ http://localhost:3000/_next/static/chunks/node_modules_next_dist_0u_w_5s._.js:1945
[    4171ms] [ERROR] ./remotion/EmpowerEveryTeam.tsx:164:5
Expression expected
  162 |       </svg>
  163 |       </div>
> 164 |     </AbsoluteFill>
      |     ^
  165 |   );
  166 | };
  167 |

Parsing ecmascript source code failed

Import trace:
  Client Component Browser:
    ./remotion/EmpowerEveryTeam.tsx [Client Component Browser]
    ./components/ui/RemotionEmpowerTeam.tsx [Client Component Browser]
    ./components/sections/TransformSection.tsx [Client Component Browser]
    ./components/sections/TransformSection.tsx [Server Component]
    ./app/page.tsx [Server Component] @ http://localhost:3000/_next/static/chunks/node_modules_next_dist_0u_w_5s._.js:1945
[    4171ms] [ERROR] ./remotion/EmpowerEveryTeam.tsx:164:6
Unterminated regexp literal
  162 |       </svg>
  163 |       </div>
> 164 |     </AbsoluteFill>
      |      ^^^^^^^^^^^^^^
  165 |   );
  166 | };
  167 |

Parsing ecmascript source code failed

Import trace:
  Client Component Browser:
    ./remotion/EmpowerEveryTeam.tsx [Client Component Browser]
    ./components/ui/RemotionEmpowerTeam.tsx [Client Component Browser]
    ./components/sections/TransformSection.tsx [Client Component Browser]
    ./components/sections/TransformSection.tsx [Server Component]
    ./app/page.tsx [Server Component] @ http://localhost:3000/_next/static/chunks/node_modules_next_dist_0u_w_5s._.js:1945
[    4222ms] [ERROR] ./remotion/EmpowerEveryTeam.tsx:164:5
Expression expected
  162 |       </svg>
  163 |       </div>
> 164 |     </AbsoluteFill>
      |     ^
  165 |   );
  166 | };
  167 |

Parsing ecmascript source code failed

Import trace:
  Client Component Browser:
    ./remotion/EmpowerEveryTeam.tsx [Client Component Browser]
    ./components/ui/RemotionEmpowerTeam.tsx [Client Component Browser]
    ./components/sections/TransformSection.tsx [Client Component Browser]
    ./components/sections/TransformSection.tsx [Server Component]
    ./app/page.tsx [Server Component] @ http://localhost:3000/_next/static/chunks/node_modules_next_dist_0u_w_5s._.js:1945
[    4222ms] [ERROR] ./remotion/EmpowerEveryTeam.tsx:164:6
Unterminated regexp literal
  162 |       </svg>
  163 |       </div>
> 164 |     </AbsoluteFill>
      |      ^^^^^^^^^^^^^^
  165 |   );
  166 | };
  167 |

Parsing ecmascript source code failed

Import trace:
  Client Component Browser:
    ./remotion/EmpowerEveryTeam.tsx [Client Component Browser]
    ./components/ui/RemotionEmpowerTeam.tsx [Client Component Browser]
    ./components/sections/TransformSection.tsx [Client Component Browser]
    ./components/sections/TransformSection.tsx [Server Component]
    ./app/page.tsx [Server Component] @ http://localhost:3000/_next/static/chunks/node_modules_next_dist_0u_w_5s._.js:1945
[    4271ms] [ERROR] ./remotion/EmpowerEveryTeam.tsx:164:5
Expression expected
  162 |       </svg>
  163 |       </div>
> 164 |     </AbsoluteFill>
      |     ^
  165 |   );
  166 | };
  167 |

Parsing ecmascript source code failed

Import trace:
  Client Component Browser:
    ./remotion/EmpowerEveryTeam.tsx [Client Component Browser]
    ./components/ui/RemotionEmpowerTeam.tsx [Client Component Browser]
    ./components/sections/TransformSection.tsx [Client Component Browser]
    ./components/sections/TransformSection.tsx [Server Component]
    ./app/page.tsx [Server Component] @ http://localhost:3000/_next/static/chunks/node_modules_next_dist_0u_w_5s._.js:1945
[    4271ms] [ERROR] ./remotion/EmpowerEveryTeam.tsx:164:6
Unterminated regexp literal
  162 |       </svg>
  163 |       </div>
> 164 |     </AbsoluteFill>
      |      ^^^^^^^^^^^^^^
  165 |   );
  166 | };
  167 |

Parsing ecmascript source code failed

Import trace:
  Client Component Browser:
    ./remotion/EmpowerEveryTeam.tsx [Client Component Browser]
    ./components/ui/RemotionEmpowerTeam.tsx [Client Component Browser]
    ./components/sections/TransformSection.tsx [Client Component Browser]
    ./components/sections/TransformSection.tsx [Server Component]
    ./app/page.tsx [Server Component] @ http://localhost:3000/_next/static/chunks/node_modules_next_dist_0u_w_5s._.js:1945
[    4320ms] [ERROR] ./remotion/EmpowerEveryTeam.tsx:164:5
Expression expected
  162 |       </svg>
  163 |       </div>
> 164 |     </AbsoluteFill>
      |     ^
  165 |   );
  166 | };
  167 |

Parsing ecmascript source code failed

Import trace:
  Client Component Browser:
    ./remotion/EmpowerEveryTeam.tsx [Client Component Browser]
    ./components/ui/RemotionEmpowerTeam.tsx [Client Component Browser]
    ./components/sections/TransformSection.tsx [Client Component Browser]
    ./components/sections/TransformSection.tsx [Server Component]
    ./app/page.tsx [Server Component] @ http://localhost:3000/_next/static/chunks/node_modules_next_dist_0u_w_5s._.js:1945
[    4320ms] [ERROR] ./remotion/EmpowerEveryTeam.tsx:164:6
Unterminated regexp literal
  162 |       </svg>
  163 |       </div>
> 164 |     </AbsoluteFill>
      |      ^^^^^^^^^^^^^^
  165 |   );
  166 | };
  167 |

Parsing ecmascript source code failed

Import trace:
  Client Component Browser:
    ./remotion/EmpowerEveryTeam.tsx [Client Component Browser]
    ./components/ui/RemotionEmpowerTeam.tsx [Client Component Browser]
    ./components/sections/TransformSection.tsx [Client Component Browser]
    ./components/sections/TransformSection.tsx [Server Component]
    ./app/page.tsx [Server Component] @ http://localhost:3000/_next/static/chunks/node_modules_next_dist_0u_w_5s._.js:1945
[    4372ms] [ERROR] ./remotion/EmpowerEveryTeam.tsx:164:5
Expression expected
  162 |       </svg>
  163 |       </div>
> 164 |     </AbsoluteFill>
      |     ^
  165 |   );
  166 | };
  167 |

Parsing ecmascript source code failed

Import trace:
  Client Component Browser:
    ./remotion/EmpowerEveryTeam.tsx [Client Component Browser]
    ./components/ui/RemotionEmpowerTeam.tsx [Client Component Browser]
    ./components/sections/TransformSection.tsx [Client Component Browser]
    ./components/sections/TransformSection.tsx [Server Component]
    ./app/page.tsx [Server Component] @ http://localhost:3000/_next/static/chunks/node_modules_next_dist_0u_w_5s._.js:1945
[    4372ms] [ERROR] ./remotion/EmpowerEveryTeam.tsx:164:6
Unterminated regexp literal
  162 |       </svg>
  163 |       </div>
> 164 |     </AbsoluteFill>
      |      ^^^^^^^^^^^^^^
  165 |   );
  166 | };
  167 |

Parsing ecmascript source code failed

Import trace:
  Client Component Browser:
    ./remotion/EmpowerEveryTeam.tsx [Client Component Browser]
    ./components/ui/RemotionEmpowerTeam.tsx [Client Component Browser]
    ./components/sections/TransformSection.tsx [Client Component Browser]
    ./components/sections/TransformSection.tsx [Server Component]
    ./app/page.tsx [Server Component] @ http://localhost:3000/_next/static/chunks/node_modules_next_dist_0u_w_5s._.js:1945
[    4423ms] [ERROR] ./remotion/EmpowerEveryTeam.tsx:164:5
Expression expected
  162 |       </svg>
  163 |       </div>
> 164 |     </AbsoluteFill>
      |     ^
  165 |   );
  166 | };
  167 |

Parsing ecmascript source code failed

Import trace:
  Client Component Browser:
    ./remotion/EmpowerEveryTeam.tsx [Client Component Browser]
    ./components/ui/RemotionEmpowerTeam.tsx [Client Component Browser]
    ./components/sections/TransformSection.tsx [Client Component Browser]
    ./components/sections/TransformSection.tsx [Server Component]
    ./app/page.tsx [Server Component] @ http://localhost:3000/_next/static/chunks/node_modules_next_dist_0u_w_5s._.js:1945
[    4423ms] [ERROR] ./remotion/EmpowerEveryTeam.tsx:164:6
Unterminated regexp literal
  162 |       </svg>
  163 |       </div>
> 164 |     </AbsoluteFill>
      |      ^^^^^^^^^^^^^^
  165 |   );
  166 | };
  167 |

Parsing ecmascript source code failed

Import trace:
  Client Component Browser:
    ./remotion/EmpowerEveryTeam.tsx [Client Component Browser]
    ./components/ui/RemotionEmpowerTeam.tsx [Client Component Browser]
    ./components/sections/TransformSection.tsx [Client Component Browser]
    ./components/sections/TransformSection.tsx [Server Component]
    ./app/page.tsx [Server Component] @ http://localhost:3000/_next/static/chunks/node_modules_next_dist_0u_w_5s._.js:1945
[    4480ms] [ERROR] ./remotion/EmpowerEveryTeam.tsx:164:5
Expression expected
  162 |       </svg>
  163 |       </div>
> 164 |     </AbsoluteFill>
      |     ^
  165 |   );
  166 | };
  167 |

Parsing ecmascript source code failed

Import trace:
  Client Component Browser:
    ./remotion/EmpowerEveryTeam.tsx [Client Component Browser]
    ./components/ui/RemotionEmpowerTeam.tsx [Client Component Browser]
    ./components/sections/TransformSection.tsx [Client Component Browser]
    ./components/sections/TransformSection.tsx [Server Component]
    ./app/page.tsx [Server Component] @ http://localhost:3000/_next/static/chunks/node_modules_next_dist_0u_w_5s._.js:1945
[    4480ms] [ERROR] ./remotion/EmpowerEveryTeam.tsx:164:6
Unterminated regexp literal
  162 |       </svg>
  163 |       </div>
> 164 |     </AbsoluteFill>
      |      ^^^^^^^^^^^^^^
  165 |   );
  166 | };
  167 |

Parsing ecmascript source code failed

Import trace:
  Client Component Browser:
    ./remotion/EmpowerEveryTeam.tsx [Client Component Browser]
    ./components/ui/RemotionEmpowerTeam.tsx [Client Component Browser]
    ./components/sections/TransformSection.tsx [Client Component Browser]
    ./components/sections/TransformSection.tsx [Server Component]
    ./app/page.tsx [Server Component] @ http://localhost:3000/_next/static/chunks/node_modules_next_dist_0u_w_5s._.js:1945
[    4530ms] [ERROR] ./remotion/EmpowerEveryTeam.tsx:164:5
Expression expected
  162 |       </svg>
  163 |       </div>
> 164 |     </AbsoluteFill>
      |     ^
  165 |   );
  166 | };
  167 |

Parsing ecmascript source code failed

Import trace:
  Client Component Browser:
    ./remotion/EmpowerEveryTeam.tsx [Client Component Browser]
    ./components/ui/RemotionEmpowerTeam.tsx [Client Component Browser]
    ./components/sections/TransformSection.tsx [Client Component Browser]
    ./components/sections/TransformSection.tsx [Server Component]
    ./app/page.tsx [Server Component] @ http://localhost:3000/_next/static/chunks/node_modules_next_dist_0u_w_5s._.js:1945
[    4530ms] [ERROR] ./remotion/EmpowerEveryTeam.tsx:164:6
Unterminated regexp literal
  162 |       </svg>
  163 |       </div>
> 164 |     </AbsoluteFill>
      |      ^^^^^^^^^^^^^^
  165 |   );
  166 | };
  167 |

Parsing ecmascript source code failed

Import trace:
  Client Component Browser:
    ./remotion/EmpowerEveryTeam.tsx [Client Component Browser]
    ./components/ui/RemotionEmpowerTeam.tsx [Client Component Browser]
    ./components/sections/TransformSection.tsx [Client Component Browser]
    ./components/sections/TransformSection.tsx [Server Component]
    ./app/page.tsx [Server Component] @ http://localhost:3000/_next/static/chunks/node_modules_next_dist_0u_w_5s._.js:1945
[    4594ms] [ERROR] ./remotion/EmpowerEveryTeam.tsx:164:5
Expression expected
  162 |       </svg>
  163 |       </div>
> 164 |     </AbsoluteFill>
      |     ^
  165 |   );
  166 | };
  167 |

Parsing ecmascript source code failed

Import trace:
  Client Component Browser:
    ./remotion/EmpowerEveryTeam.tsx [Client Component Browser]
    ./components/ui/RemotionEmpowerTeam.tsx [Client Component Browser]
    ./components/sections/TransformSection.tsx [Client Component Browser]
    ./components/sections/TransformSection.tsx [Server Component]
    ./app/page.tsx [Server Component] @ http://localhost:3000/_next/static/chunks/node_modules_next_dist_0u_w_5s._.js:1945
[    4594ms] [ERROR] ./remotion/EmpowerEveryTeam.tsx:164:6
Unterminated regexp literal
  162 |       </svg>
  163 |       </div>
> 164 |     </AbsoluteFill>
      |      ^^^^^^^^^^^^^^
  165 |   );
  166 | };
  167 |

Parsing ecmascript source code failed

Import trace:
  Client Component Browser:
    ./remotion/EmpowerEveryTeam.tsx [Client Component Browser]
    ./components/ui/RemotionEmpowerTeam.tsx [Client Component Browser]
    ./components/sections/TransformSection.tsx [Client Component Browser]
    ./components/sections/TransformSection.tsx [Server Component]
    ./app/page.tsx [Server Component] @ http://localhost:3000/_next/static/chunks/node_modules_next_dist_0u_w_5s._.js:1945
[    4646ms] [ERROR] ./remotion/EmpowerEveryTeam.tsx:164:5
Expression expected
  162 |       </svg>
  163 |       </div>
> 164 |     </AbsoluteFill>
      |     ^
  165 |   );
  166 | };
  167 |

Parsing ecmascript source code failed

Import trace:
  Client Component Browser:
    ./remotion/EmpowerEveryTeam.tsx [Client Component Browser]
    ./components/ui/RemotionEmpowerTeam.tsx [Client Component Browser]
    ./components/sections/TransformSection.tsx [Client Component Browser]
    ./components/sections/TransformSection.tsx [Server Component]
    ./app/page.tsx [Server Component] @ http://localhost:3000/_next/static/chunks/node_modules_next_dist_0u_w_5s._.js:1945
[    4646ms] [ERROR] ./remotion/EmpowerEveryTeam.tsx:164:6
Unterminated regexp literal
  162 |       </svg>
  163 |       </div>
> 164 |     </AbsoluteFill>
      |      ^^^^^^^^^^^^^^
  165 |   );
  166 | };
  167 |

Parsing ecmascript source code failed

Import trace:
  Client Component Browser:
    ./remotion/EmpowerEveryTeam.tsx [Client Component Browser]
    ./components/ui/RemotionEmpowerTeam.tsx [Client Component Browser]
    ./components/sections/TransformSection.tsx [Client Component Browser]
    ./components/sections/TransformSection.tsx [Server Component]
    ./app/page.tsx [Server Component] @ http://localhost:3000/_next/static/chunks/node_modules_next_dist_0u_w_5s._.js:1945
[    4696ms] [ERROR] ./remotion/EmpowerEveryTeam.tsx:164:5
Expression expected
  162 |       </svg>
  163 |       </div>
> 164 |     </AbsoluteFill>
      |     ^
  165 |   );
  166 | };
  167 |

Parsing ecmascript source code failed

Import trace:
  Client Component Browser:
    ./remotion/EmpowerEveryTeam.tsx [Client Component Browser]
    ./components/ui/RemotionEmpowerTeam.tsx [Client Component Browser]
    ./components/sections/TransformSection.tsx [Client Component Browser]
    ./components/sections/TransformSection.tsx [Server Component]
    ./app/page.tsx [Server Component] @ http://localhost:3000/_next/static/chunks/node_modules_next_dist_0u_w_5s._.js:1945
[    4696ms] [ERROR] ./remotion/EmpowerEveryTeam.tsx:164:6
Unterminated regexp literal
  162 |       </svg>
  163 |       </div>
> 164 |     </AbsoluteFill>
      |      ^^^^^^^^^^^^^^
  165 |   );
  166 | };
  167 |

Parsing ecmascript source code failed

Import trace:
  Client Component Browser:
    ./remotion/EmpowerEveryTeam.tsx [Client Component Browser]
    ./components/ui/RemotionEmpowerTeam.tsx [Client Component Browser]
    ./components/sections/TransformSection.tsx [Client Component Browser]
    ./components/sections/TransformSection.tsx [Server Component]
    ./app/page.tsx [Server Component] @ http://localhost:3000/_next/static/chunks/node_modules_next_dist_0u_w_5s._.js:1945
[    4747ms] [ERROR] ./remotion/EmpowerEveryTeam.tsx:164:5
Expression expected
  162 |       </svg>
  163 |       </div>
> 164 |     </AbsoluteFill>
      |     ^
  165 |   );
  166 | };
  167 |

Parsing ecmascript source code failed

Import trace:
  Client Component Browser:
    ./remotion/EmpowerEveryTeam.tsx [Client Component Browser]
    ./components/ui/RemotionEmpowerTeam.tsx [Client Component Browser]
    ./components/sections/TransformSection.tsx [Client Component Browser]
    ./components/sections/TransformSection.tsx [Server Component]
    ./app/page.tsx [Server Component] @ http://localhost:3000/_next/static/chunks/node_modules_next_dist_0u_w_5s._.js:1945
[    4747ms] [ERROR] ./remotion/EmpowerEveryTeam.tsx:164:6
Unterminated regexp literal
  162 |       </svg>
  163 |       </div>
> 164 |     </AbsoluteFill>
      |      ^^^^^^^^^^^^^^
  165 |   );
  166 | };
  167 |

Parsing ecmascript source code failed

Import trace:
  Client Component Browser:
    ./remotion/EmpowerEveryTeam.tsx [Client Component Browser]
    ./components/ui/RemotionEmpowerTeam.tsx [Client Component Browser]
    ./components/sections/TransformSection.tsx [Client Component Browser]
    ./components/sections/TransformSection.tsx [Server Component]
    ./app/page.tsx [Server Component] @ http://localhost:3000/_next/static/chunks/node_modules_next_dist_0u_w_5s._.js:1945
[    4800ms] [ERROR] ./remotion/EmpowerEveryTeam.tsx:164:5
Expression expected
  162 |       </svg>
  163 |       </div>
> 164 |     </AbsoluteFill>
      |     ^
  165 |   );
  166 | };
  167 |

Parsing ecmascript source code failed

Import trace:
  Client Component Browser:
    ./remotion/EmpowerEveryTeam.tsx [Client Component Browser]
    ./components/ui/RemotionEmpowerTeam.tsx [Client Component Browser]
    ./components/sections/TransformSection.tsx [Client Component Browser]
    ./components/sections/TransformSection.tsx [Server Component]
    ./app/page.tsx [Server Component] @ http://localhost:3000/_next/static/chunks/node_modules_next_dist_0u_w_5s._.js:1945
[    4800ms] [ERROR] ./remotion/EmpowerEveryTeam.tsx:164:6
Unterminated regexp literal
  162 |       </svg>
  163 |       </div>
> 164 |     </AbsoluteFill>
      |      ^^^^^^^^^^^^^^
  165 |   );
  166 | };
  167 |

Parsing ecmascript source code failed

Import trace:
  Client Component Browser:
    ./remotion/EmpowerEveryTeam.tsx [Client Component Browser]
    ./components/ui/RemotionEmpowerTeam.tsx [Client Component Browser]
    ./components/sections/TransformSection.tsx [Client Component Browser]
    ./components/sections/TransformSection.tsx [Server Component]
    ./app/page.tsx [Server Component] @ http://localhost:3000/_next/static/chunks/node_modules_next_dist_0u_w_5s._.js:1945
[    4851ms] [ERROR] ./remotion/EmpowerEveryTeam.tsx:164:5
Expression expected
  162 |       </svg>
  163 |       </div>
> 164 |     </AbsoluteFill>
      |     ^
  165 |   );
  166 | };
  167 |

Parsing ecmascript source code failed

Import trace:
  Client Component Browser:
    ./remotion/EmpowerEveryTeam.tsx [Client Component Browser]
    ./components/ui/RemotionEmpowerTeam.tsx [Client Component Browser]
    ./components/sections/TransformSection.tsx [Client Component Browser]
    ./components/sections/TransformSection.tsx [Server Component]
    ./app/page.tsx [Server Component] @ http://localhost:3000/_next/static/chunks/node_modules_next_dist_0u_w_5s._.js:1945
[    4851ms] [ERROR] ./remotion/EmpowerEveryTeam.tsx:164:6
Unterminated regexp literal
  162 |       </svg>
  163 |       </div>
> 164 |     </AbsoluteFill>
      |      ^^^^^^^^^^^^^^
  165 |   );
  166 | };
  167 |

Parsing ecmascript source code failed

Import trace:
  Client Component Browser:
    ./remotion/EmpowerEveryTeam.tsx [Client Component Browser]
    ./components/ui/RemotionEmpowerTeam.tsx [Client Component Browser]
    ./components/sections/TransformSection.tsx [Client Component Browser]
    ./components/sections/TransformSection.tsx [Server Component]
    ./app/page.tsx [Server Component] @ http://localhost:3000/_next/static/chunks/node_modules_next_dist_0u_w_5s._.js:1945
[    4902ms] [ERROR] ./remotion/EmpowerEveryTeam.tsx:164:5
Expression expected
  162 |       </svg>
  163 |       </div>
> 164 |     </AbsoluteFill>
      |     ^
  165 |   );
  166 | };
  167 |

Parsing ecmascript source code failed

Import trace:
  Client Component Browser:
    ./remotion/EmpowerEveryTeam.tsx [Client Component Browser]
    ./components/ui/RemotionEmpowerTeam.tsx [Client Component Browser]
    ./components/sections/TransformSection.tsx [Client Component Browser]
    ./components/sections/TransformSection.tsx [Server Component]
    ./app/page.tsx [Server Component] @ http://localhost:3000/_next/static/chunks/node_modules_next_dist_0u_w_5s._.js:1945
[    4902ms] [ERROR] ./remotion/EmpowerEveryTeam.tsx:164:6
Unterminated regexp literal
  162 |       </svg>
  163 |       </div>
> 164 |     </AbsoluteFill>
      |      ^^^^^^^^^^^^^^
  165 |   );
  166 | };
  167 |

Parsing ecmascript source code failed

Import trace:
  Client Component Browser:
    ./remotion/EmpowerEveryTeam.tsx [Client Component Browser]
    ./components/ui/RemotionEmpowerTeam.tsx [Client Component Browser]
    ./components/sections/TransformSection.tsx [Client Component Browser]
    ./components/sections/TransformSection.tsx [Server Component]
    ./app/page.tsx [Server Component] @ http://localhost:3000/_next/static/chunks/node_modules_next_dist_0u_w_5s._.js:1945
[    4952ms] [ERROR] ./remotion/EmpowerEveryTeam.tsx:164:5
Expression expected
  162 |       </svg>
  163 |       </div>
> 164 |     </AbsoluteFill>
      |     ^
  165 |   );
  166 | };
  167 |

Parsing ecmascript source code failed

Import trace:
  Client Component Browser:
    ./remotion/EmpowerEveryTeam.tsx [Client Component Browser]
    ./components/ui/RemotionEmpowerTeam.tsx [Client Component Browser]
    ./components/sections/TransformSection.tsx [Client Component Browser]
    ./components/sections/TransformSection.tsx [Server Component]
    ./app/page.tsx [Server Component] @ http://localhost:3000/_next/static/chunks/node_modules_next_dist_0u_w_5s._.js:1945
[    4952ms] [ERROR] ./remotion/EmpowerEveryTeam.tsx:164:6
Unterminated regexp literal
  162 |       </svg>
  163 |       </div>
> 164 |     </AbsoluteFill>
      |      ^^^^^^^^^^^^^^
  165 |   );
  166 | };
  167 |

Parsing ecmascript source code failed

Import trace:
  Client Component Browser:
    ./remotion/EmpowerEveryTeam.tsx [Client Component Browser]
    ./components/ui/RemotionEmpowerTeam.tsx [Client Component Browser]
    ./components/sections/TransformSection.tsx [Client Component Browser]
    ./components/sections/TransformSection.tsx [Server Component]
    ./app/page.tsx [Server Component] @ http://localhost:3000/_next/static/chunks/node_modules_next_dist_0u_w_5s._.js:1945
[    5002ms] [ERROR] ./remotion/EmpowerEveryTeam.tsx:164:5
Expression expected
  162 |       </svg>
  163 |       </div>
> 164 |     </AbsoluteFill>
      |     ^
  165 |   );
  166 | };
  167 |

Parsing ecmascript source code failed

Import trace:
  Client Component Browser:
    ./remotion/EmpowerEveryTeam.tsx [Client Component Browser]
    ./components/ui/RemotionEmpowerTeam.tsx [Client Component Browser]
    ./components/sections/TransformSection.tsx [Client Component Browser]
    ./components/sections/TransformSection.tsx [Server Component]
    ./app/page.tsx [Server Component] @ http://localhost:3000/_next/static/chunks/node_modules_next_dist_0u_w_5s._.js:1945
[    5002ms] [ERROR] ./remotion/EmpowerEveryTeam.tsx:164:6
Unterminated regexp literal
  162 |       </svg>
  163 |       </div>
> 164 |     </AbsoluteFill>
      |      ^^^^^^^^^^^^^^
  165 |   );
  166 | };
  167 |

Parsing ecmascript source code failed

Import trace:
  Client Component Browser:
    ./remotion/EmpowerEveryTeam.tsx [Client Component Browser]
    ./components/ui/RemotionEmpowerTeam.tsx [Client Component Browser]
    ./components/sections/TransformSection.tsx [Client Component Browser]
    ./components/sections/TransformSection.tsx [Server Component]
    ./app/page.tsx [Server Component] @ http://localhost:3000/_next/static/chunks/node_modules_next_dist_0u_w_5s._.js:1945
[    5052ms] [ERROR] ./remotion/EmpowerEveryTeam.tsx:164:5
Expression expected
  162 |       </svg>
  163 |       </div>
> 164 |     </AbsoluteFill>
      |     ^
  165 |   );
  166 | };
  167 |

Parsing ecmascript source code failed

Import trace:
  Client Component Browser:
    ./remotion/EmpowerEveryTeam.tsx [Client Component Browser]
    ./components/ui/RemotionEmpowerTeam.tsx [Client Component Browser]
    ./components/sections/TransformSection.tsx [Client Component Browser]
    ./components/sections/TransformSection.tsx [Server Component]
    ./app/page.tsx [Server Component] @ http://localhost:3000/_next/static/chunks/node_modules_next_dist_0u_w_5s._.js:1945
[    5052ms] [ERROR] ./remotion/EmpowerEveryTeam.tsx:164:6
Unterminated regexp literal
  162 |       </svg>
  163 |       </div>
> 164 |     </AbsoluteFill>
      |      ^^^^^^^^^^^^^^
  165 |   );
  166 | };
  167 |

Parsing ecmascript source code failed

Import trace:
  Client Component Browser:
    ./remotion/EmpowerEveryTeam.tsx [Client Component Browser]
    ./components/ui/RemotionEmpowerTeam.tsx [Client Component Browser]
    ./components/sections/TransformSection.tsx [Client Component Browser]
    ./components/sections/TransformSection.tsx [Server Component]
    ./app/page.tsx [Server Component] @ http://localhost:3000/_next/static/chunks/node_modules_next_dist_0u_w_5s._.js:1945
[    5103ms] [ERROR] ./remotion/EmpowerEveryTeam.tsx:164:5
Expression expected
  162 |       </svg>
  163 |       </div>
> 164 |     </AbsoluteFill>
      |     ^
  165 |   );
  166 | };
  167 |

Parsing ecmascript source code failed

Import trace:
  Client Component Browser:
    ./remotion/EmpowerEveryTeam.tsx [Client Component Browser]
    ./components/ui/RemotionEmpowerTeam.tsx [Client Component Browser]
    ./components/sections/TransformSection.tsx [Client Component Browser]
    ./components/sections/TransformSection.tsx [Server Component]
    ./app/page.tsx [Server Component] @ http://localhost:3000/_next/static/chunks/node_modules_next_dist_0u_w_5s._.js:1945
[    5103ms] [ERROR] ./remotion/EmpowerEveryTeam.tsx:164:6
Unterminated regexp literal
  162 |       </svg>
  163 |       </div>
> 164 |     </AbsoluteFill>
      |      ^^^^^^^^^^^^^^
  165 |   );
  166 | };
  167 |

Parsing ecmascript source code failed

Import trace:
  Client Component Browser:
    ./remotion/EmpowerEveryTeam.tsx [Client Component Browser]
    ./components/ui/RemotionEmpowerTeam.tsx [Client Component Browser]
    ./components/sections/TransformSection.tsx [Client Component Browser]
    ./components/sections/TransformSection.tsx [Server Component]
    ./app/page.tsx [Server Component] @ http://localhost:3000/_next/static/chunks/node_modules_next_dist_0u_w_5s._.js:1945
[    5152ms] [ERROR] ./remotion/EmpowerEveryTeam.tsx:164:5
Expression expected
  162 |       </svg>
  163 |       </div>
> 164 |     </AbsoluteFill>
      |     ^
  165 |   );
  166 | };
  167 |

Parsing ecmascript source code failed

Import trace:
  Client Component Browser:
    ./remotion/EmpowerEveryTeam.tsx [Client Component Browser]
    ./components/ui/RemotionEmpowerTeam.tsx [Client Component Browser]
    ./components/sections/TransformSection.tsx [Client Component Browser]
    ./components/sections/TransformSection.tsx [Server Component]
    ./app/page.tsx [Server Component] @ http://localhost:3000/_next/static/chunks/node_modules_next_dist_0u_w_5s._.js:1945
[    5153ms] [ERROR] ./remotion/EmpowerEveryTeam.tsx:164:6
Unterminated regexp literal
  162 |       </svg>
  163 |       </div>
> 164 |     </AbsoluteFill>
      |      ^^^^^^^^^^^^^^
  165 |   );
  166 | };
  167 |

Parsing ecmascript source code failed

Import trace:
  Client Component Browser:
    ./remotion/EmpowerEveryTeam.tsx [Client Component Browser]
    ./components/ui/RemotionEmpowerTeam.tsx [Client Component Browser]
    ./components/sections/TransformSection.tsx [Client Component Browser]
    ./components/sections/TransformSection.tsx [Server Component]
    ./app/page.tsx [Server Component] @ http://localhost:3000/_next/static/chunks/node_modules_next_dist_0u_w_5s._.js:1945
[    5203ms] [ERROR] ./remotion/EmpowerEveryTeam.tsx:164:5
Expression expected
  162 |       </svg>
  163 |       </div>
> 164 |     </AbsoluteFill>
      |     ^
  165 |   );
  166 | };
  167 |

Parsing ecmascript source code failed

Import trace:
  Client Component Browser:
    ./remotion/EmpowerEveryTeam.tsx [Client Component Browser]
    ./components/ui/RemotionEmpowerTeam.tsx [Client Component Browser]
    ./components/sections/TransformSection.tsx [Client Component Browser]
    ./components/sections/TransformSection.tsx [Server Component]
    ./app/page.tsx [Server Component] @ http://localhost:3000/_next/static/chunks/node_modules_next_dist_0u_w_5s._.js:1945
[    5203ms] [ERROR] ./remotion/EmpowerEveryTeam.tsx:164:6
Unterminated regexp literal
  162 |       </svg>
  163 |       </div>
> 164 |     </AbsoluteFill>
      |      ^^^^^^^^^^^^^^
  165 |   );
  166 | };
  167 |

Parsing ecmascript source code failed

Import trace:
  Client Component Browser:
    ./remotion/EmpowerEveryTeam.tsx [Client Component Browser]
    ./components/ui/RemotionEmpowerTeam.tsx [Client Component Browser]
    ./components/sections/TransformSection.tsx [Client Component Browser]
    ./components/sections/TransformSection.tsx [Server Component]
    ./app/page.tsx [Server Component] @ http://localhost:3000/_next/static/chunks/node_modules_next_dist_0u_w_5s._.js:1945
[    5257ms] [ERROR] ./remotion/EmpowerEveryTeam.tsx:164:5
Expression expected
  162 |       </svg>
  163 |       </div>
> 164 |     </AbsoluteFill>
      |     ^
  165 |   );
  166 | };
  167 |

Parsing ecmascript source code failed

Import trace:
  Client Component Browser:
    ./remotion/EmpowerEveryTeam.tsx [Client Component Browser]
    ./components/ui/RemotionEmpowerTeam.tsx [Client Component Browser]
    ./components/sections/TransformSection.tsx [Client Component Browser]
    ./components/sections/TransformSection.tsx [Server Component]
    ./app/page.tsx [Server Component] @ http://localhost:3000/_next/static/chunks/node_modules_next_dist_0u_w_5s._.js:1945
[    5257ms] [ERROR] ./remotion/EmpowerEveryTeam.tsx:164:6
Unterminated regexp literal
  162 |       </svg>
  163 |       </div>
> 164 |     </AbsoluteFill>
      |      ^^^^^^^^^^^^^^
  165 |   );
  166 | };
  167 |

Parsing ecmascript source code failed

Import trace:
  Client Component Browser:
    ./remotion/EmpowerEveryTeam.tsx [Client Component Browser]
    ./components/ui/RemotionEmpowerTeam.tsx [Client Component Browser]
    ./components/sections/TransformSection.tsx [Client Component Browser]
    ./components/sections/TransformSection.tsx [Server Component]
    ./app/page.tsx [Server Component] @ http://localhost:3000/_next/static/chunks/node_modules_next_dist_0u_w_5s._.js:1945
[    5307ms] [ERROR] ./remotion/EmpowerEveryTeam.tsx:164:5
Expression expected
  162 |       </svg>
  163 |       </div>
> 164 |     </AbsoluteFill>
      |     ^
  165 |   );
  166 | };
  167 |

Parsing ecmascript source code failed

Import trace:
  Client Component Browser:
    ./remotion/EmpowerEveryTeam.tsx [Client Component Browser]
    ./components/ui/RemotionEmpowerTeam.tsx [Client Component Browser]
    ./components/sections/TransformSection.tsx [Client Component Browser]
    ./components/sections/TransformSection.tsx [Server Component]
    ./app/page.tsx [Server Component] @ http://localhost:3000/_next/static/chunks/node_modules_next_dist_0u_w_5s._.js:1945
[    5307ms] [ERROR] ./remotion/EmpowerEveryTeam.tsx:164:6
Unterminated regexp literal
  162 |       </svg>
  163 |       </div>
> 164 |     </AbsoluteFill>
      |      ^^^^^^^^^^^^^^
  165 |   );
  166 | };
  167 |

Parsing ecmascript source code failed

Import trace:
  Client Component Browser:
    ./remotion/EmpowerEveryTeam.tsx [Client Component Browser]
    ./components/ui/RemotionEmpowerTeam.tsx [Client Component Browser]
    ./components/sections/TransformSection.tsx [Client Component Browser]
    ./components/sections/TransformSection.tsx [Server Component]
    ./app/page.tsx [Server Component] @ http://localhost:3000/_next/static/chunks/node_modules_next_dist_0u_w_5s._.js:1945
[    5359ms] [ERROR] ./remotion/EmpowerEveryTeam.tsx:164:5
Expression expected
  162 |       </svg>
  163 |       </div>
> 164 |     </AbsoluteFill>
      |     ^
  165 |   );
  166 | };
  167 |

Parsing ecmascript source code failed

Import trace:
  Client Component Browser:
    ./remotion/EmpowerEveryTeam.tsx [Client Component Browser]
    ./components/ui/RemotionEmpowerTeam.tsx [Client Component Browser]
    ./components/sections/TransformSection.tsx [Client Component Browser]
    ./components/sections/TransformSection.tsx [Server Component]
    ./app/page.tsx [Server Component] @ http://localhost:3000/_next/static/chunks/node_modules_next_dist_0u_w_5s._.js:1945
[    5359ms] [ERROR] ./remotion/EmpowerEveryTeam.tsx:164:6
Unterminated regexp literal
  162 |       </svg>
  163 |       </div>
> 164 |     </AbsoluteFill>
      |      ^^^^^^^^^^^^^^
  165 |   );
  166 | };
  167 |

Parsing ecmascript source code failed

Import trace:
  Client Component Browser:
    ./remotion/EmpowerEveryTeam.tsx [Client Component Browser]
    ./components/ui/RemotionEmpowerTeam.tsx [Client Component Browser]
    ./components/sections/TransformSection.tsx [Client Component Browser]
    ./components/sections/TransformSection.tsx [Server Component]
    ./app/page.tsx [Server Component] @ http://localhost:3000/_next/static/chunks/node_modules_next_dist_0u_w_5s._.js:1945
[    5408ms] [ERROR] ./remotion/EmpowerEveryTeam.tsx:164:5
Expression expected
  162 |       </svg>
  163 |       </div>
> 164 |     </AbsoluteFill>
      |     ^
  165 |   );
  166 | };
  167 |

Parsing ecmascript source code failed

Import trace:
  Client Component Browser:
    ./remotion/EmpowerEveryTeam.tsx [Client Component Browser]
    ./components/ui/RemotionEmpowerTeam.tsx [Client Component Browser]
    ./components/sections/TransformSection.tsx [Client Component Browser]
    ./components/sections/TransformSection.tsx [Server Component]
    ./app/page.tsx [Server Component] @ http://localhost:3000/_next/static/chunks/node_modules_next_dist_0u_w_5s._.js:1945
[    5408ms] [ERROR] ./remotion/EmpowerEveryTeam.tsx:164:6
Unterminated regexp literal
  162 |       </svg>
  163 |       </div>
> 164 |     </AbsoluteFill>
      |      ^^^^^^^^^^^^^^
  165 |   );
  166 | };
  167 |

Parsing ecmascript source code failed

Import trace:
  Client Component Browser:
    ./remotion/EmpowerEveryTeam.tsx [Client Component Browser]
    ./components/ui/RemotionEmpowerTeam.tsx [Client Component Browser]
    ./components/sections/TransformSection.tsx [Client Component Browser]
    ./components/sections/TransformSection.tsx [Server Component]
    ./app/page.tsx [Server Component] @ http://localhost:3000/_next/static/chunks/node_modules_next_dist_0u_w_5s._.js:1945
[    5458ms] [ERROR] ./remotion/EmpowerEveryTeam.tsx:164:5
Expression expected
  162 |       </svg>
  163 |       </div>
> 164 |     </AbsoluteFill>
      |     ^
  165 |   );
  166 | };
  167 |

Parsing ecmascript source code failed

Import trace:
  Client Component Browser:
    ./remotion/EmpowerEveryTeam.tsx [Client Component Browser]
    ./components/ui/RemotionEmpowerTeam.tsx [Client Component Browser]
    ./components/sections/TransformSection.tsx [Client Component Browser]
    ./components/sections/TransformSection.tsx [Server Component]
    ./app/page.tsx [Server Component] @ http://localhost:3000/_next/static/chunks/node_modules_next_dist_0u_w_5s._.js:1945
[    5458ms] [ERROR] ./remotion/EmpowerEveryTeam.tsx:164:6
Unterminated regexp literal
  162 |       </svg>
  163 |       </div>
> 164 |     </AbsoluteFill>
      |      ^^^^^^^^^^^^^^
  165 |   );
  166 | };
  167 |

Parsing ecmascript source code failed

Import trace:
  Client Component Browser:
    ./remotion/EmpowerEveryTeam.tsx [Client Component Browser]
    ./components/ui/RemotionEmpowerTeam.tsx [Client Component Browser]
    ./components/sections/TransformSection.tsx [Client Component Browser]
    ./components/sections/TransformSection.tsx [Server Component]
    ./app/page.tsx [Server Component] @ http://localhost:3000/_next/static/chunks/node_modules_next_dist_0u_w_5s._.js:1945
[    5508ms] [ERROR] ./remotion/EmpowerEveryTeam.tsx:164:5
Expression expected
  162 |       </svg>
  163 |       </div>
> 164 |     </AbsoluteFill>
      |     ^
  165 |   );
  166 | };
  167 |

Parsing ecmascript source code failed

Import trace:
  Client Component Browser:
    ./remotion/EmpowerEveryTeam.tsx [Client Component Browser]
    ./components/ui/RemotionEmpowerTeam.tsx [Client Component Browser]
    ./components/sections/TransformSection.tsx [Client Component Browser]
    ./components/sections/TransformSection.tsx [Server Component]
    ./app/page.tsx [Server Component] @ http://localhost:3000/_next/static/chunks/node_modules_next_dist_0u_w_5s._.js:1945
[    5508ms] [ERROR] ./remotion/EmpowerEveryTeam.tsx:164:6
Unterminated regexp literal
  162 |       </svg>
  163 |       </div>
> 164 |     </AbsoluteFill>
      |      ^^^^^^^^^^^^^^
  165 |   );
  166 | };
  167 |

Parsing ecmascript source code failed

Import trace:
  Client Component Browser:
    ./remotion/EmpowerEveryTeam.tsx [Client Component Browser]
    ./components/ui/RemotionEmpowerTeam.tsx [Client Component Browser]
    ./components/sections/TransformSection.tsx [Client Component Browser]
    ./components/sections/TransformSection.tsx [Server Component]
    ./app/page.tsx [Server Component] @ http://localhost:3000/_next/static/chunks/node_modules_next_dist_0u_w_5s._.js:1945
[    5548ms] [ERROR] ./remotion/EmpowerEveryTeam.tsx:164:5
Expression expected
  162 |       </svg>
  163 |       </div>
> 164 |     </AbsoluteFill>
      |     ^
  165 |   );
  166 | };
  167 |

Parsing ecmascript source code failed

Import trace:
  Client Component Browser:
    ./remotion/EmpowerEveryTeam.tsx [Client Component Browser]
    ./components/ui/RemotionEmpowerTeam.tsx [Client Component Browser]
    ./components/sections/TransformSection.tsx [Client Component Browser]
    ./components/sections/TransformSection.tsx [Server Component]
    ./app/page.tsx [Server Component] @ http://localhost:3000/_next/static/chunks/node_modules_next_dist_0u_w_5s._.js:1945
[    5548ms] [ERROR] ./remotion/EmpowerEveryTeam.tsx:164:6
Unterminated regexp literal
  162 |       </svg>
  163 |       </div>
> 164 |     </AbsoluteFill>
      |      ^^^^^^^^^^^^^^
  165 |   );
  166 | };
  167 |

Parsing ecmascript source code failed

Import trace:
  Client Component Browser:
    ./remotion/EmpowerEveryTeam.tsx [Client Component Browser]
    ./components/ui/RemotionEmpowerTeam.tsx [Client Component Browser]
    ./components/sections/TransformSection.tsx [Client Component Browser]
    ./components/sections/TransformSection.tsx [Server Component]
    ./app/page.tsx [Server Component] @ http://localhost:3000/_next/static/chunks/node_modules_next_dist_0u_w_5s._.js:1945
[    5598ms] [ERROR] ./remotion/EmpowerEveryTeam.tsx:164:5
Expression expected
  162 |       </svg>
  163 |       </div>
> 164 |     </AbsoluteFill>
      |     ^
  165 |   );
  166 | };
  167 |

Parsing ecmascript source code failed

Import trace:
  Client Component Browser:
    ./remotion/EmpowerEveryTeam.tsx [Client Component Browser]
    ./components/ui/RemotionEmpowerTeam.tsx [Client Component Browser]
    ./components/sections/TransformSection.tsx [Client Component Browser]
    ./components/sections/TransformSection.tsx [Server Component]
    ./app/page.tsx [Server Component] @ http://localhost:3000/_next/static/chunks/node_modules_next_dist_0u_w_5s._.js:1945
[    5599ms] [ERROR] ./remotion/EmpowerEveryTeam.tsx:164:6
Unterminated regexp literal
  162 |       </svg>
  163 |       </div>
> 164 |     </AbsoluteFill>
      |      ^^^^^^^^^^^^^^
  165 |   );
  166 | };
  167 |

Parsing ecmascript source code failed

Import trace:
  Client Component Browser:
    ./remotion/EmpowerEveryTeam.tsx [Client Component Browser]
    ./components/ui/RemotionEmpowerTeam.tsx [Client Component Browser]
    ./components/sections/TransformSection.tsx [Client Component Browser]
    ./components/sections/TransformSection.tsx [Server Component]
    ./app/page.tsx [Server Component] @ http://localhost:3000/_next/static/chunks/node_modules_next_dist_0u_w_5s._.js:1945
[    5648ms] [ERROR] ./remotion/EmpowerEveryTeam.tsx:164:5
Expression expected
  162 |       </svg>
  163 |       </div>
> 164 |     </AbsoluteFill>
      |     ^
  165 |   );
  166 | };
  167 |

Parsing ecmascript source code failed

Import trace:
  Client Component Browser:
    ./remotion/EmpowerEveryTeam.tsx [Client Component Browser]
    ./components/ui/RemotionEmpowerTeam.tsx [Client Component Browser]
    ./components/sections/TransformSection.tsx [Client Component Browser]
    ./components/sections/TransformSection.tsx [Server Component]
    ./app/page.tsx [Server Component] @ http://localhost:3000/_next/static/chunks/node_modules_next_dist_0u_w_5s._.js:1945
[    5648ms] [ERROR] ./remotion/EmpowerEveryTeam.tsx:164:6
Unterminated regexp literal
  162 |       </svg>
  163 |       </div>
> 164 |     </AbsoluteFill>
      |      ^^^^^^^^^^^^^^
  165 |   );
  166 | };
  167 |

Parsing ecmascript source code failed

Import trace:
  Client Component Browser:
    ./remotion/EmpowerEveryTeam.tsx [Client Component Browser]
    ./components/ui/RemotionEmpowerTeam.tsx [Client Component Browser]
    ./components/sections/TransformSection.tsx [Client Component Browser]
    ./components/sections/TransformSection.tsx [Server Component]
    ./app/page.tsx [Server Component] @ http://localhost:3000/_next/static/chunks/node_modules_next_dist_0u_w_5s._.js:1945
[    5699ms] [ERROR] ./remotion/EmpowerEveryTeam.tsx:164:5
Expression expected
  162 |       </svg>
  163 |       </div>
> 164 |     </AbsoluteFill>
      |     ^
  165 |   );
  166 | };
  167 |

Parsing ecmascript source code failed

Import trace:
  Client Component Browser:
    ./remotion/EmpowerEveryTeam.tsx [Client Component Browser]
    ./components/ui/RemotionEmpowerTeam.tsx [Client Component Browser]
    ./components/sections/TransformSection.tsx [Client Component Browser]
    ./components/sections/TransformSection.tsx [Server Component]
    ./app/page.tsx [Server Component] @ http://localhost:3000/_next/static/chunks/node_modules_next_dist_0u_w_5s._.js:1945
[    5699ms] [ERROR] ./remotion/EmpowerEveryTeam.tsx:164:6
Unterminated regexp literal
  162 |       </svg>
  163 |       </div>
> 164 |     </AbsoluteFill>
      |      ^^^^^^^^^^^^^^
  165 |   );
  166 | };
  167 |

Parsing ecmascript source code failed

Import trace:
  Client Component Browser:
    ./remotion/EmpowerEveryTeam.tsx [Client Component Browser]
    ./components/ui/RemotionEmpowerTeam.tsx [Client Component Browser]
    ./components/sections/TransformSection.tsx [Client Component Browser]
    ./components/sections/TransformSection.tsx [Server Component]
    ./app/page.tsx [Server Component] @ http://localhost:3000/_next/static/chunks/node_modules_next_dist_0u_w_5s._.js:1945
[    5749ms] [ERROR] ./remotion/EmpowerEveryTeam.tsx:164:5
Expression expected
  162 |       </svg>
  163 |       </div>
> 164 |     </AbsoluteFill>
      |     ^
  165 |   );
  166 | };
  167 |

Parsing ecmascript source code failed

Import trace:
  Client Component Browser:
    ./remotion/EmpowerEveryTeam.tsx [Client Component Browser]
    ./components/ui/RemotionEmpowerTeam.tsx [Client Component Browser]
    ./components/sections/TransformSection.tsx [Client Component Browser]
    ./components/sections/TransformSection.tsx [Server Component]
    ./app/page.tsx [Server Component] @ http://localhost:3000/_next/static/chunks/node_modules_next_dist_0u_w_5s._.js:1945
[    5749ms] [ERROR] ./remotion/EmpowerEveryTeam.tsx:164:6
Unterminated regexp literal
  162 |       </svg>
  163 |       </div>
> 164 |     </AbsoluteFill>
      |      ^^^^^^^^^^^^^^
  165 |   );
  166 | };
  167 |

Parsing ecmascript source code failed

Import trace:
  Client Component Browser:
    ./remotion/EmpowerEveryTeam.tsx [Client Component Browser]
    ./components/ui/RemotionEmpowerTeam.tsx [Client Component Browser]
    ./components/sections/TransformSection.tsx [Client Component Browser]
    ./components/sections/TransformSection.tsx [Server Component]
    ./app/page.tsx [Server Component] @ http://localhost:3000/_next/static/chunks/node_modules_next_dist_0u_w_5s._.js:1945
[    5798ms] [ERROR] ./remotion/EmpowerEveryTeam.tsx:164:5
Expression expected
  162 |       </svg>
  163 |       </div>
> 164 |     </AbsoluteFill>
      |     ^
  165 |   );
  166 | };
  167 |

Parsing ecmascript source code failed

Import trace:
  Client Component Browser:
    ./remotion/EmpowerEveryTeam.tsx [Client Component Browser]
    ./components/ui/RemotionEmpowerTeam.tsx [Client Component Browser]
    ./components/sections/TransformSection.tsx [Client Component Browser]
    ./components/sections/TransformSection.tsx [Server Component]
    ./app/page.tsx [Server Component] @ http://localhost:3000/_next/static/chunks/node_modules_next_dist_0u_w_5s._.js:1945
[    5798ms] [ERROR] ./remotion/EmpowerEveryTeam.tsx:164:6
Unterminated regexp literal
  162 |       </svg>
  163 |       </div>
> 164 |     </AbsoluteFill>
      |      ^^^^^^^^^^^^^^
  165 |   );
  166 | };
  167 |

Parsing ecmascript source code failed

Import trace:
  Client Component Browser:
    ./remotion/EmpowerEveryTeam.tsx [Client Component Browser]
    ./components/ui/RemotionEmpowerTeam.tsx [Client Component Browser]
    ./components/sections/TransformSection.tsx [Client Component Browser]
    ./components/sections/TransformSection.tsx [Server Component]
    ./app/page.tsx [Server Component] @ http://localhost:3000/_next/static/chunks/node_modules_next_dist_0u_w_5s._.js:1945
[    5849ms] [ERROR] ./remotion/EmpowerEveryTeam.tsx:164:5
Expression expected
  162 |       </svg>
  163 |       </div>
> 164 |     </AbsoluteFill>
      |     ^
  165 |   );
  166 | };
  167 |

Parsing ecmascript source code failed

Import trace:
  Client Component Browser:
    ./remotion/EmpowerEveryTeam.tsx [Client Component Browser]
    ./components/ui/RemotionEmpowerTeam.tsx [Client Component Browser]
    ./components/sections/TransformSection.tsx [Client Component Browser]
    ./components/sections/TransformSection.tsx [Server Component]
    ./app/page.tsx [Server Component] @ http://localhost:3000/_next/static/chunks/node_modules_next_dist_0u_w_5s._.js:1945
[    5849ms] [ERROR] ./remotion/EmpowerEveryTeam.tsx:164:6
Unterminated regexp literal
  162 |       </svg>
  163 |       </div>
> 164 |     </AbsoluteFill>
      |      ^^^^^^^^^^^^^^
  165 |   );
  166 | };
  167 |

Parsing ecmascript source code failed

Import trace:
  Client Component Browser:
    ./remotion/EmpowerEveryTeam.tsx [Client Component Browser]
    ./components/ui/RemotionEmpowerTeam.tsx [Client Component Browser]
    ./components/sections/TransformSection.tsx [Client Component Browser]
    ./components/sections/TransformSection.tsx [Server Component]
    ./app/page.tsx [Server Component] @ http://localhost:3000/_next/static/chunks/node_modules_next_dist_0u_w_5s._.js:1945
[    5904ms] [ERROR] ./remotion/EmpowerEveryTeam.tsx:164:5
Expression expected
  162 |       </svg>
  163 |       </div>
> 164 |     </AbsoluteFill>
      |     ^
  165 |   );
  166 | };
  167 |

Parsing ecmascript source code failed

Import trace:
  Client Component Browser:
    ./remotion/EmpowerEveryTeam.tsx [Client Component Browser]
    ./components/ui/RemotionEmpowerTeam.tsx [Client Component Browser]
    ./components/sections/TransformSection.tsx [Client Component Browser]
    ./components/sections/TransformSection.tsx [Server Component]
    ./app/page.tsx [Server Component] @ http://localhost:3000/_next/static/chunks/node_modules_next_dist_0u_w_5s._.js:1945
[    5904ms] [ERROR] ./remotion/EmpowerEveryTeam.tsx:164:6
Unterminated regexp literal
  162 |       </svg>
  163 |       </div>
> 164 |     </AbsoluteFill>
      |      ^^^^^^^^^^^^^^
  165 |   );
  166 | };
  167 |

Parsing ecmascript source code failed

Import trace:
  Client Component Browser:
    ./remotion/EmpowerEveryTeam.tsx [Client Component Browser]
    ./components/ui/RemotionEmpowerTeam.tsx [Client Component Browser]
    ./components/sections/TransformSection.tsx [Client Component Browser]
    ./components/sections/TransformSection.tsx [Server Component]
    ./app/page.tsx [Server Component] @ http://localhost:3000/_next/static/chunks/node_modules_next_dist_0u_w_5s._.js:1945
[    5955ms] [ERROR] ./remotion/EmpowerEveryTeam.tsx:164:5
Expression expected
  162 |       </svg>
  163 |       </div>
> 164 |     </AbsoluteFill>
      |     ^
  165 |   );
  166 | };
  167 |

Parsing ecmascript source code failed

Import trace:
  Client Component Browser:
    ./remotion/EmpowerEveryTeam.tsx [Client Component Browser]
    ./components/ui/RemotionEmpowerTeam.tsx [Client Component Browser]
    ./components/sections/TransformSection.tsx [Client Component Browser]
    ./components/sections/TransformSection.tsx [Server Component]
    ./app/page.tsx [Server Component] @ http://localhost:3000/_next/static/chunks/node_modules_next_dist_0u_w_5s._.js:1945
[    5955ms] [ERROR] ./remotion/EmpowerEveryTeam.tsx:164:6
Unterminated regexp literal
  162 |       </svg>
  163 |       </div>
> 164 |     </AbsoluteFill>
      |      ^^^^^^^^^^^^^^
  165 |   );
  166 | };
  167 |

Parsing ecmascript source code failed

Import trace:
  Client Component Browser:
    ./remotion/EmpowerEveryTeam.tsx [Client Component Browser]
    ./components/ui/RemotionEmpowerTeam.tsx [Client Component Browser]
    ./components/sections/TransformSection.tsx [Client Component Browser]
    ./components/sections/TransformSection.tsx [Server Component]
    ./app/page.tsx [Server Component] @ http://localhost:3000/_next/static/chunks/node_modules_next_dist_0u_w_5s._.js:1945
[    6005ms] [ERROR] ./remotion/EmpowerEveryTeam.tsx:164:5
Expression expected
  162 |       </svg>
  163 |       </div>
> 164 |     </AbsoluteFill>
      |     ^
  165 |   );
  166 | };
  167 |

Parsing ecmascript source code failed

Import trace:
  Client Component Browser:
    ./remotion/EmpowerEveryTeam.tsx [Client Component Browser]
    ./components/ui/RemotionEmpowerTeam.tsx [Client Component Browser]
    ./components/sections/TransformSection.tsx [Client Component Browser]
    ./components/sections/TransformSection.tsx [Server Component]
    ./app/page.tsx [Server Component] @ http://localhost:3000/_next/static/chunks/node_modules_next_dist_0u_w_5s._.js:1945
[    6005ms] [ERROR] ./remotion/EmpowerEveryTeam.tsx:164:6
Unterminated regexp literal
  162 |       </svg>
  163 |       </div>
> 164 |     </AbsoluteFill>
      |      ^^^^^^^^^^^^^^
  165 |   );
  166 | };
  167 |

Parsing ecmascript source code failed

Import trace:
  Client Component Browser:
    ./remotion/EmpowerEveryTeam.tsx [Client Component Browser]
    ./components/ui/RemotionEmpowerTeam.tsx [Client Component Browser]
    ./components/sections/TransformSection.tsx [Client Component Browser]
    ./components/sections/TransformSection.tsx [Server Component]
    ./app/page.tsx [Server Component] @ http://localhost:3000/_next/static/chunks/node_modules_next_dist_0u_w_5s._.js:1945
[    6056ms] [ERROR] ./remotion/EmpowerEveryTeam.tsx:164:5
Expression expected
  162 |       </svg>
  163 |       </div>
> 164 |     </AbsoluteFill>
      |     ^
  165 |   );
  166 | };
  167 |

Parsing ecmascript source code failed

Import trace:
  Client Component Browser:
    ./remotion/EmpowerEveryTeam.tsx [Client Component Browser]
    ./components/ui/RemotionEmpowerTeam.tsx [Client Component Browser]
    ./components/sections/TransformSection.tsx [Client Component Browser]
    ./components/sections/TransformSection.tsx [Server Component]
    ./app/page.tsx [Server Component] @ http://localhost:3000/_next/static/chunks/node_modules_next_dist_0u_w_5s._.js:1945
[    6056ms] [ERROR] ./remotion/EmpowerEveryTeam.tsx:164:6
Unterminated regexp literal
  162 |       </svg>
  163 |       </div>
> 164 |     </AbsoluteFill>
      |      ^^^^^^^^^^^^^^
  165 |   );
  166 | };
  167 |

Parsing ecmascript source code failed

Import trace:
  Client Component Browser:
    ./remotion/EmpowerEveryTeam.tsx [Client Component Browser]
    ./components/ui/RemotionEmpowerTeam.tsx [Client Component Browser]
    ./components/sections/TransformSection.tsx [Client Component Browser]
    ./components/sections/TransformSection.tsx [Server Component]
    ./app/page.tsx [Server Component] @ http://localhost:3000/_next/static/chunks/node_modules_next_dist_0u_w_5s._.js:1945
[    6109ms] [ERROR] ./remotion/EmpowerEveryTeam.tsx:164:5
Expression expected
  162 |       </svg>
  163 |       </div>
> 164 |     </AbsoluteFill>
      |     ^
  165 |   );
  166 | };
  167 |

Parsing ecmascript source code failed

Import trace:
  Client Component Browser:
    ./remotion/EmpowerEveryTeam.tsx [Client Component Browser]
    ./components/ui/RemotionEmpowerTeam.tsx [Client Component Browser]
    ./components/sections/TransformSection.tsx [Client Component Browser]
    ./components/sections/TransformSection.tsx [Server Component]
    ./app/page.tsx [Server Component] @ http://localhost:3000/_next/static/chunks/node_modules_next_dist_0u_w_5s._.js:1945
[    6109ms] [ERROR] ./remotion/EmpowerEveryTeam.tsx:164:6
Unterminated regexp literal
  162 |       </svg>
  163 |       </div>
> 164 |     </AbsoluteFill>
      |      ^^^^^^^^^^^^^^
  165 |   );
  166 | };
  167 |

Parsing ecmascript source code failed

Import trace:
  Client Component Browser:
    ./remotion/EmpowerEveryTeam.tsx [Client Component Browser]
    ./components/ui/RemotionEmpowerTeam.tsx [Client Component Browser]
    ./components/sections/TransformSection.tsx [Client Component Browser]
    ./components/sections/TransformSection.tsx [Server Component]
    ./app/page.tsx [Server Component] @ http://localhost:3000/_next/static/chunks/node_modules_next_dist_0u_w_5s._.js:1945
[    6159ms] [ERROR] ./remotion/EmpowerEveryTeam.tsx:164:5
Expression expected
  162 |       </svg>
  163 |       </div>
> 164 |     </AbsoluteFill>
      |     ^
  165 |   );
  166 | };
  167 |

Parsing ecmascript source code failed

Import trace:
  Client Component Browser:
    ./remotion/EmpowerEveryTeam.tsx [Client Component Browser]
    ./components/ui/RemotionEmpowerTeam.tsx [Client Component Browser]
    ./components/sections/TransformSection.tsx [Client Component Browser]
    ./components/sections/TransformSection.tsx [Server Component]
    ./app/page.tsx [Server Component] @ http://localhost:3000/_next/static/chunks/node_modules_next_dist_0u_w_5s._.js:1945
[    6160ms] [ERROR] ./remotion/EmpowerEveryTeam.tsx:164:6
Unterminated regexp literal
  162 |       </svg>
  163 |       </div>
> 164 |     </AbsoluteFill>
      |      ^^^^^^^^^^^^^^
  165 |   );
  166 | };
  167 |

Parsing ecmascript source code failed

Import trace:
  Client Component Browser:
    ./remotion/EmpowerEveryTeam.tsx [Client Component Browser]
    ./components/ui/RemotionEmpowerTeam.tsx [Client Component Browser]
    ./components/sections/TransformSection.tsx [Client Component Browser]
    ./components/sections/TransformSection.tsx [Server Component]
    ./app/page.tsx [Server Component] @ http://localhost:3000/_next/static/chunks/node_modules_next_dist_0u_w_5s._.js:1945
[    6228ms] [ERROR] ./remotion/EmpowerEveryTeam.tsx:164:5
Expression expected
  162 |       </svg>
  163 |       </div>
> 164 |     </AbsoluteFill>
      |     ^
  165 |   );
  166 | };
  167 |

Parsing ecmascript source code failed

Import trace:
  Client Component Browser:
    ./remotion/EmpowerEveryTeam.tsx [Client Component Browser]
    ./components/ui/RemotionEmpowerTeam.tsx [Client Component Browser]
    ./components/sections/TransformSection.tsx [Client Component Browser]
    ./components/sections/TransformSection.tsx [Server Component]
    ./app/page.tsx [Server Component] @ http://localhost:3000/_next/static/chunks/node_modules_next_dist_0u_w_5s._.js:1945
[    6228ms] [ERROR] ./remotion/EmpowerEveryTeam.tsx:164:6
Unterminated regexp literal
  162 |       </svg>
  163 |       </div>
> 164 |     </AbsoluteFill>
      |      ^^^^^^^^^^^^^^
  165 |   );
  166 | };
  167 |

Parsing ecmascript source code failed

Import trace:
  Client Component Browser:
    ./remotion/EmpowerEveryTeam.tsx [Client Component Browser]
    ./components/ui/RemotionEmpowerTeam.tsx [Client Component Browser]
    ./components/sections/TransformSection.tsx [Client Component Browser]
    ./components/sections/TransformSection.tsx [Server Component]
    ./app/page.tsx [Server Component] @ http://localhost:3000/_next/static/chunks/node_modules_next_dist_0u_w_5s._.js:1945
[    6278ms] [LOG] [Fast Refresh] rebuilding @ http://localhost:3000/_next/static/chunks/node_modules_next_dist_0u_w_5s._.js:1226
[    6360ms] [ERROR] ./remotion/EmpowerEveryTeam.tsx:164:5
Expression expected
  162 |       </svg>
  163 |       </div>
> 164 |     </AbsoluteFill>
      |     ^
  165 |   );
  166 | };
  167 |

Parsing ecmascript source code failed

Import trace:
  Client Component Browser:
    ./remotion/EmpowerEveryTeam.tsx [Client Component Browser]
    ./components/ui/RemotionEmpowerTeam.tsx [Client Component Browser]
    ./components/sections/TransformSection.tsx [Client Component Browser]
    ./components/sections/TransformSection.tsx [Server Component]
    ./app/page.tsx [Server Component] @ http://localhost:3000/_next/static/chunks/node_modules_next_dist_0u_w_5s._.js:1945
[    6360ms] [ERROR] ./remotion/EmpowerEveryTeam.tsx:164:6
Unterminated regexp literal
  162 |       </svg>
  163 |       </div>
> 164 |     </AbsoluteFill>
      |      ^^^^^^^^^^^^^^
  165 |   );
  166 | };
  167 |

Parsing ecmascript source code failed

Import trace:
  Client Component Browser:
    ./remotion/EmpowerEveryTeam.tsx [Client Component Browser]
    ./components/ui/RemotionEmpowerTeam.tsx [Client Component Browser]
    ./components/sections/TransformSection.tsx [Client Component Browser]
    ./components/sections/TransformSection.tsx [Server Component]
    ./app/page.tsx [Server Component] @ http://localhost:3000/_next/static/chunks/node_modules_next_dist_0u_w_5s._.js:1945
[    6407ms] [ERROR] ./remotion/EmpowerEveryTeam.tsx:164:5
Expression expected
  162 |       </svg>
  163 |       </div>
> 164 |     </AbsoluteFill>
      |     ^
  165 |   );
  166 | };
  167 |

Parsing ecmascript source code failed

Import trace:
  Client Component Browser:
    ./remotion/EmpowerEveryTeam.tsx [Client Component Browser]
    ./components/ui/RemotionEmpowerTeam.tsx [Client Component Browser]
    ./components/sections/TransformSection.tsx [Client Component Browser]
    ./components/sections/TransformSection.tsx [Server Component]
    ./app/page.tsx [Server Component] @ http://localhost:3000/_next/static/chunks/node_modules_next_dist_0u_w_5s._.js:1945
[    6407ms] [ERROR] ./remotion/EmpowerEveryTeam.tsx:164:6
Unterminated regexp literal
  162 |       </svg>
  163 |       </div>
> 164 |     </AbsoluteFill>
      |      ^^^^^^^^^^^^^^
  165 |   );
  166 | };
  167 |

Parsing ecmascript source code failed

Import trace:
  Client Component Browser:
    ./remotion/EmpowerEveryTeam.tsx [Client Component Browser]
    ./components/ui/RemotionEmpowerTeam.tsx [Client Component Browser]
    ./components/sections/TransformSection.tsx [Client Component Browser]
    ./components/sections/TransformSection.tsx [Server Component]
    ./app/page.tsx [Server Component] @ http://localhost:3000/_next/static/chunks/node_modules_next_dist_0u_w_5s._.js:1945
[    6457ms] [ERROR] ./remotion/EmpowerEveryTeam.tsx:164:5
Expression expected
  162 |       </svg>
  163 |       </div>
> 164 |     </AbsoluteFill>
      |     ^
  165 |   );
  166 | };
  167 |

Parsing ecmascript source code failed

Import trace:
  Client Component Browser:
    ./remotion/EmpowerEveryTeam.tsx [Client Component Browser]
    ./components/ui/RemotionEmpowerTeam.tsx [Client Component Browser]
    ./components/sections/TransformSection.tsx [Client Component Browser]
    ./components/sections/TransformSection.tsx [Server Component]
    ./app/page.tsx [Server Component] @ http://localhost:3000/_next/static/chunks/node_modules_next_dist_0u_w_5s._.js:1945
[    6457ms] [ERROR] ./remotion/EmpowerEveryTeam.tsx:164:6
Unterminated regexp literal
  162 |       </svg>
  163 |       </div>
> 164 |     </AbsoluteFill>
      |      ^^^^^^^^^^^^^^
  165 |   );
  166 | };
  167 |

Parsing ecmascript source code failed

Import trace:
  Client Component Browser:
    ./remotion/EmpowerEveryTeam.tsx [Client Component Browser]
    ./components/ui/RemotionEmpowerTeam.tsx [Client Component Browser]
    ./components/sections/TransformSection.tsx [Client Component Browser]
    ./components/sections/TransformSection.tsx [Server Component]
    ./app/page.tsx [Server Component] @ http://localhost:3000/_next/static/chunks/node_modules_next_dist_0u_w_5s._.js:1945
[    6516ms] [ERROR] ./remotion/EmpowerEveryTeam.tsx:164:5
Expression expected
  162 |       </svg>
  163 |       </div>
> 164 |     </AbsoluteFill>
      |     ^
  165 |   );
  166 | };
  167 |

Parsing ecmascript source code failed

Import trace:
  Client Component Browser:
    ./remotion/EmpowerEveryTeam.tsx [Client Component Browser]
    ./components/ui/RemotionEmpowerTeam.tsx [Client Component Browser]
    ./components/sections/TransformSection.tsx [Client Component Browser]
    ./components/sections/TransformSection.tsx [Server Component]
    ./app/page.tsx [Server Component] @ http://localhost:3000/_next/static/chunks/node_modules_next_dist_0u_w_5s._.js:1945
[    6516ms] [ERROR] ./remotion/EmpowerEveryTeam.tsx:164:6
Unterminated regexp literal
  162 |       </svg>
  163 |       </div>
> 164 |     </AbsoluteFill>
      |      ^^^^^^^^^^^^^^
  165 |   );
  166 | };
  167 |

Parsing ecmascript source code failed

Import trace:
  Client Component Browser:
    ./remotion/EmpowerEveryTeam.tsx [Client Component Browser]
    ./components/ui/RemotionEmpowerTeam.tsx [Client Component Browser]
    ./components/sections/TransformSection.tsx [Client Component Browser]
    ./components/sections/TransformSection.tsx [Server Component]
    ./app/page.tsx [Server Component] @ http://localhost:3000/_next/static/chunks/node_modules_next_dist_0u_w_5s._.js:1945
[    6569ms] [ERROR] ./remotion/EmpowerEveryTeam.tsx:164:5
Expression expected
  162 |       </svg>
  163 |       </div>
> 164 |     </AbsoluteFill>
      |     ^
  165 |   );
  166 | };
  167 |

Parsing ecmascript source code failed

Import trace:
  Client Component Browser:
    ./remotion/EmpowerEveryTeam.tsx [Client Component Browser]
    ./components/ui/RemotionEmpowerTeam.tsx [Client Component Browser]
    ./components/sections/TransformSection.tsx [Client Component Browser]
    ./components/sections/TransformSection.tsx [Server Component]
    ./app/page.tsx [Server Component] @ http://localhost:3000/_next/static/chunks/node_modules_next_dist_0u_w_5s._.js:1945
[    6569ms] [ERROR] ./remotion/EmpowerEveryTeam.tsx:164:6
Unterminated regexp literal
  162 |       </svg>
  163 |       </div>
> 164 |     </AbsoluteFill>
      |      ^^^^^^^^^^^^^^
  165 |   );
  166 | };
  167 |

Parsing ecmascript source code failed

Import trace:
  Client Component Browser:
    ./remotion/EmpowerEveryTeam.tsx [Client Component Browser]
    ./components/ui/RemotionEmpowerTeam.tsx [Client Component Browser]
    ./components/sections/TransformSection.tsx [Client Component Browser]
    ./components/sections/TransformSection.tsx [Server Component]
    ./app/page.tsx [Server Component] @ http://localhost:3000/_next/static/chunks/node_modules_next_dist_0u_w_5s._.js:1945
[    6619ms] [ERROR] ./remotion/EmpowerEveryTeam.tsx:164:5
Expression expected
  162 |       </svg>
  163 |       </div>
> 164 |     </AbsoluteFill>
      |     ^
  165 |   );
  166 | };
  167 |

Parsing ecmascript source code failed

Import trace:
  Client Component Browser:
    ./remotion/EmpowerEveryTeam.tsx [Client Component Browser]
    ./components/ui/RemotionEmpowerTeam.tsx [Client Component Browser]
    ./components/sections/TransformSection.tsx [Client Component Browser]
    ./components/sections/TransformSection.tsx [Server Component]
    ./app/page.tsx [Server Component] @ http://localhost:3000/_next/static/chunks/node_modules_next_dist_0u_w_5s._.js:1945
[    6619ms] [ERROR] ./remotion/EmpowerEveryTeam.tsx:164:6
Unterminated regexp literal
  162 |       </svg>
  163 |       </div>
> 164 |     </AbsoluteFill>
      |      ^^^^^^^^^^^^^^
  165 |   );
  166 | };
  167 |

Parsing ecmascript source code failed

Import trace:
  Client Component Browser:
    ./remotion/EmpowerEveryTeam.tsx [Client Component Browser]
    ./components/ui/RemotionEmpowerTeam.tsx [Client Component Browser]
    ./components/sections/TransformSection.tsx [Client Component Browser]
    ./components/sections/TransformSection.tsx [Server Component]
    ./app/page.tsx [Server Component] @ http://localhost:3000/_next/static/chunks/node_modules_next_dist_0u_w_5s._.js:1945
[    6673ms] [ERROR] ./remotion/EmpowerEveryTeam.tsx:164:5
Expression expected
  162 |       </svg>
  163 |       </div>
> 164 |     </AbsoluteFill>
      |     ^
  165 |   );
  166 | };
  167 |

Parsing ecmascript source code failed

Import trace:
  Client Component Browser:
    ./remotion/EmpowerEveryTeam.tsx [Client Component Browser]
    ./components/ui/RemotionEmpowerTeam.tsx [Client Component Browser]
    ./components/sections/TransformSection.tsx [Client Component Browser]
    ./components/sections/TransformSection.tsx [Server Component]
    ./app/page.tsx [Server Component] @ http://localhost:3000/_next/static/chunks/node_modules_next_dist_0u_w_5s._.js:1945
[    6673ms] [ERROR] ./remotion/EmpowerEveryTeam.tsx:164:6
Unterminated regexp literal
  162 |       </svg>
  163 |       </div>
> 164 |     </AbsoluteFill>
      |      ^^^^^^^^^^^^^^
  165 |   );
  166 | };
  167 |

Parsing ecmascript source code failed

Import trace:
  Client Component Browser:
    ./remotion/EmpowerEveryTeam.tsx [Client Component Browser]
    ./components/ui/RemotionEmpowerTeam.tsx [Client Component Browser]
    ./components/sections/TransformSection.tsx [Client Component Browser]
    ./components/sections/TransformSection.tsx [Server Component]
    ./app/page.tsx [Server Component] @ http://localhost:3000/_next/static/chunks/node_modules_next_dist_0u_w_5s._.js:1945
[    6724ms] [ERROR] ./remotion/EmpowerEveryTeam.tsx:164:5
Expression expected
  162 |       </svg>
  163 |       </div>
> 164 |     </AbsoluteFill>
      |     ^
  165 |   );
  166 | };
  167 |

Parsing ecmascript source code failed

Import trace:
  Client Component Browser:
    ./remotion/EmpowerEveryTeam.tsx [Client Component Browser]
    ./components/ui/RemotionEmpowerTeam.tsx [Client Component Browser]
    ./components/sections/TransformSection.tsx [Client Component Browser]
    ./components/sections/TransformSection.tsx [Server Component]
    ./app/page.tsx [Server Component] @ http://localhost:3000/_next/static/chunks/node_modules_next_dist_0u_w_5s._.js:1945
[    6724ms] [ERROR] ./remotion/EmpowerEveryTeam.tsx:164:6
Unterminated regexp literal
  162 |       </svg>
  163 |       </div>
> 164 |     </AbsoluteFill>
      |      ^^^^^^^^^^^^^^
  165 |   );
  166 | };
  167 |

Parsing ecmascript source code failed

Import trace:
  Client Component Browser:
    ./remotion/EmpowerEveryTeam.tsx [Client Component Browser]
    ./components/ui/RemotionEmpowerTeam.tsx [Client Component Browser]
    ./components/sections/TransformSection.tsx [Client Component Browser]
    ./components/sections/TransformSection.tsx [Server Component]
    ./app/page.tsx [Server Component] @ http://localhost:3000/_next/static/chunks/node_modules_next_dist_0u_w_5s._.js:1945
[    6774ms] [ERROR] ./remotion/EmpowerEveryTeam.tsx:164:5
Expression expected
  162 |       </svg>
  163 |       </div>
> 164 |     </AbsoluteFill>
      |     ^
  165 |   );
  166 | };
  167 |

Parsing ecmascript source code failed

Import trace:
  Client Component Browser:
    ./remotion/EmpowerEveryTeam.tsx [Client Component Browser]
    ./components/ui/RemotionEmpowerTeam.tsx [Client Component Browser]
    ./components/sections/TransformSection.tsx [Client Component Browser]
    ./components/sections/TransformSection.tsx [Server Component]
    ./app/page.tsx [Server Component] @ http://localhost:3000/_next/static/chunks/node_modules_next_dist_0u_w_5s._.js:1945
[    6774ms] [ERROR] ./remotion/EmpowerEveryTeam.tsx:164:6
Unterminated regexp literal
  162 |       </svg>
  163 |       </div>
> 164 |     </AbsoluteFill>
      |      ^^^^^^^^^^^^^^
  165 |   );
  166 | };
  167 |

Parsing ecmascript source code failed

Import trace:
  Client Component Browser:
    ./remotion/EmpowerEveryTeam.tsx [Client Component Browser]
    ./components/ui/RemotionEmpowerTeam.tsx [Client Component Browser]
    ./components/sections/TransformSection.tsx [Client Component Browser]
    ./components/sections/TransformSection.tsx [Server Component]
    ./app/page.tsx [Server Component] @ http://localhost:3000/_next/static/chunks/node_modules_next_dist_0u_w_5s._.js:1945
[    6824ms] [ERROR] ./remotion/EmpowerEveryTeam.tsx:164:5
Expression expected
  162 |       </svg>
  163 |       </div>
> 164 |     </AbsoluteFill>
      |     ^
  165 |   );
  166 | };
  167 |

Parsing ecmascript source code failed

Import trace:
  Client Component Browser:
    ./remotion/EmpowerEveryTeam.tsx [Client Component Browser]
    ./components/ui/RemotionEmpowerTeam.tsx [Client Component Browser]
    ./components/sections/TransformSection.tsx [Client Component Browser]
    ./components/sections/TransformSection.tsx [Server Component]
    ./app/page.tsx [Server Component] @ http://localhost:3000/_next/static/chunks/node_modules_next_dist_0u_w_5s._.js:1945
[    6824ms] [ERROR] ./remotion/EmpowerEveryTeam.tsx:164:6
Unterminated regexp literal
  162 |       </svg>
  163 |       </div>
> 164 |     </AbsoluteFill>
      |      ^^^^^^^^^^^^^^
  165 |   );
  166 | };
  167 |

Parsing ecmascript source code failed

Import trace:
  Client Component Browser:
    ./remotion/EmpowerEveryTeam.tsx [Client Component Browser]
    ./components/ui/RemotionEmpowerTeam.tsx [Client Component Browser]
    ./components/sections/TransformSection.tsx [Client Component Browser]
    ./components/sections/TransformSection.tsx [Server Component]
    ./app/page.tsx [Server Component] @ http://localhost:3000/_next/static/chunks/node_modules_next_dist_0u_w_5s._.js:1945
[    6874ms] [ERROR] ./remotion/EmpowerEveryTeam.tsx:164:5
Expression expected
  162 |       </svg>
  163 |       </div>
> 164 |     </AbsoluteFill>
      |     ^
  165 |   );
  166 | };
  167 |

Parsing ecmascript source code failed

Import trace:
  Client Component Browser:
    ./remotion/EmpowerEveryTeam.tsx [Client Component Browser]
    ./components/ui/RemotionEmpowerTeam.tsx [Client Component Browser]
    ./components/sections/TransformSection.tsx [Client Component Browser]
    ./components/sections/TransformSection.tsx [Server Component]
    ./app/page.tsx [Server Component] @ http://localhost:3000/_next/static/chunks/node_modules_next_dist_0u_w_5s._.js:1945
[    6874ms] [ERROR] ./remotion/EmpowerEveryTeam.tsx:164:6
Unterminated regexp literal
  162 |       </svg>
  163 |       </div>
> 164 |     </AbsoluteFill>
      |      ^^^^^^^^^^^^^^
  165 |   );
  166 | };
  167 |

Parsing ecmascript source code failed

Import trace:
  Client Component Browser:
    ./remotion/EmpowerEveryTeam.tsx [Client Component Browser]
    ./components/ui/RemotionEmpowerTeam.tsx [Client Component Browser]
    ./components/sections/TransformSection.tsx [Client Component Browser]
    ./components/sections/TransformSection.tsx [Server Component]
    ./app/page.tsx [Server Component] @ http://localhost:3000/_next/static/chunks/node_modules_next_dist_0u_w_5s._.js:1945
[    6925ms] [ERROR] ./remotion/EmpowerEveryTeam.tsx:164:5
Expression expected
  162 |       </svg>
  163 |       </div>
> 164 |     </AbsoluteFill>
      |     ^
  165 |   );
  166 | };
  167 |

Parsing ecmascript source code failed

Import trace:
  Client Component Browser:
    ./remotion/EmpowerEveryTeam.tsx [Client Component Browser]
    ./components/ui/RemotionEmpowerTeam.tsx [Client Component Browser]
    ./components/sections/TransformSection.tsx [Client Component Browser]
    ./components/sections/TransformSection.tsx [Server Component]
    ./app/page.tsx [Server Component] @ http://localhost:3000/_next/static/chunks/node_modules_next_dist_0u_w_5s._.js:1945
[    6925ms] [ERROR] ./remotion/EmpowerEveryTeam.tsx:164:6
Unterminated regexp literal
  162 |       </svg>
  163 |       </div>
> 164 |     </AbsoluteFill>
      |      ^^^^^^^^^^^^^^
  165 |   );
  166 | };
  167 |

Parsing ecmascript source code failed

Import trace:
  Client Component Browser:
    ./remotion/EmpowerEveryTeam.tsx [Client Component Browser]
    ./components/ui/RemotionEmpowerTeam.tsx [Client Component Browser]
    ./components/sections/TransformSection.tsx [Client Component Browser]
    ./components/sections/TransformSection.tsx [Server Component]
    ./app/page.tsx [Server Component] @ http://localhost:3000/_next/static/chunks/node_modules_next_dist_0u_w_5s._.js:1945
[    6976ms] [ERROR] ./remotion/EmpowerEveryTeam.tsx:164:5
Expression expected
  162 |       </svg>
  163 |       </div>
> 164 |     </AbsoluteFill>
      |     ^
  165 |   );
  166 | };
  167 |

Parsing ecmascript source code failed

Import trace:
  Client Component Browser:
    ./remotion/EmpowerEveryTeam.tsx [Client Component Browser]
    ./components/ui/RemotionEmpowerTeam.tsx [Client Component Browser]
    ./components/sections/TransformSection.tsx [Client Component Browser]
    ./components/sections/TransformSection.tsx [Server Component]
    ./app/page.tsx [Server Component] @ http://localhost:3000/_next/static/chunks/node_modules_next_dist_0u_w_5s._.js:1945
[    6976ms] [ERROR] ./remotion/EmpowerEveryTeam.tsx:164:6
Unterminated regexp literal
  162 |       </svg>
  163 |       </div>
> 164 |     </AbsoluteFill>
      |      ^^^^^^^^^^^^^^
  165 |   );
  166 | };
  167 |

Parsing ecmascript source code failed

Import trace:
  Client Component Browser:
    ./remotion/EmpowerEveryTeam.tsx [Client Component Browser]
    ./components/ui/RemotionEmpowerTeam.tsx [Client Component Browser]
    ./components/sections/TransformSection.tsx [Client Component Browser]
    ./components/sections/TransformSection.tsx [Server Component]
    ./app/page.tsx [Server Component] @ http://localhost:3000/_next/static/chunks/node_modules_next_dist_0u_w_5s._.js:1945
[    7027ms] [ERROR] ./remotion/EmpowerEveryTeam.tsx:164:5
Expression expected
  162 |       </svg>
  163 |       </div>
> 164 |     </AbsoluteFill>
      |     ^
  165 |   );
  166 | };
  167 |

Parsing ecmascript source code failed

Import trace:
  Client Component Browser:
    ./remotion/EmpowerEveryTeam.tsx [Client Component Browser]
    ./components/ui/RemotionEmpowerTeam.tsx [Client Component Browser]
    ./components/sections/TransformSection.tsx [Client Component Browser]
    ./components/sections/TransformSection.tsx [Server Component]
    ./app/page.tsx [Server Component] @ http://localhost:3000/_next/static/chunks/node_modules_next_dist_0u_w_5s._.js:1945
[    7027ms] [ERROR] ./remotion/EmpowerEveryTeam.tsx:164:6
Unterminated regexp literal
  162 |       </svg>
  163 |       </div>
> 164 |     </AbsoluteFill>
      |      ^^^^^^^^^^^^^^
  165 |   );
  166 | };
  167 |

Parsing ecmascript source code failed

Import trace:
  Client Component Browser:
    ./remotion/EmpowerEveryTeam.tsx [Client Component Browser]
    ./components/ui/RemotionEmpowerTeam.tsx [Client Component Browser]
    ./components/sections/TransformSection.tsx [Client Component Browser]
    ./components/sections/TransformSection.tsx [Server Component]
    ./app/page.tsx [Server Component] @ http://localhost:3000/_next/static/chunks/node_modules_next_dist_0u_w_5s._.js:1945
[    7098ms] [ERROR] ./remotion/EmpowerEveryTeam.tsx:164:5
Expression expected
  162 |       </svg>
  163 |       </div>
> 164 |     </AbsoluteFill>
      |     ^
  165 |   );
  166 | };
  167 |

Parsing ecmascript source code failed

Import trace:
  Client Component Browser:
    ./remotion/EmpowerEveryTeam.tsx [Client Component Browser]
    ./components/ui/RemotionEmpowerTeam.tsx [Client Component Browser]
    ./components/sections/TransformSection.tsx [Client Component Browser]
    ./components/sections/TransformSection.tsx [Server Component]
    ./app/page.tsx [Server Component] @ http://localhost:3000/_next/static/chunks/node_modules_next_dist_0u_w_5s._.js:1945
[    7098ms] [ERROR] ./remotion/EmpowerEveryTeam.tsx:164:6
Unterminated regexp literal
  162 |       </svg>
  163 |       </div>
> 164 |     </AbsoluteFill>
      |      ^^^^^^^^^^^^^^
  165 |   );
  166 | };
  167 |

Parsing ecmascript source code failed

Import trace:
  Client Component Browser:
    ./remotion/EmpowerEveryTeam.tsx [Client Component Browser]
    ./components/ui/RemotionEmpowerTeam.tsx [Client Component Browser]
    ./components/sections/TransformSection.tsx [Client Component Browser]
    ./components/sections/TransformSection.tsx [Server Component]
    ./app/page.tsx [Server Component] @ http://localhost:3000/_next/static/chunks/node_modules_next_dist_0u_w_5s._.js:1945
[    7158ms] [ERROR] ./remotion/EmpowerEveryTeam.tsx:164:5
Expression expected
  162 |       </svg>
  163 |       </div>
> 164 |     </AbsoluteFill>
      |     ^
  165 |   );
  166 | };
  167 |

Parsing ecmascript source code failed

Import trace:
  Client Component Browser:
    ./remotion/EmpowerEveryTeam.tsx [Client Component Browser]
    ./components/ui/RemotionEmpowerTeam.tsx [Client Component Browser]
    ./components/sections/TransformSection.tsx [Client Component Browser]
    ./components/sections/TransformSection.tsx [Server Component]
    ./app/page.tsx [Server Component] @ http://localhost:3000/_next/static/chunks/node_modules_next_dist_0u_w_5s._.js:1945
[    7158ms] [ERROR] ./remotion/EmpowerEveryTeam.tsx:164:6
Unterminated regexp literal
  162 |       </svg>
  163 |       </div>
> 164 |     </AbsoluteFill>
      |      ^^^^^^^^^^^^^^
  165 |   );
  166 | };
  167 |

Parsing ecmascript source code failed

Import trace:
  Client Component Browser:
    ./remotion/EmpowerEveryTeam.tsx [Client Component Browser]
    ./components/ui/RemotionEmpowerTeam.tsx [Client Component Browser]
    ./components/sections/TransformSection.tsx [Client Component Browser]
    ./components/sections/TransformSection.tsx [Server Component]
    ./app/page.tsx [Server Component] @ http://localhost:3000/_next/static/chunks/node_modules_next_dist_0u_w_5s._.js:1945
[    7208ms] [ERROR] ./remotion/EmpowerEveryTeam.tsx:164:5
Expression expected
  162 |       </svg>
  163 |       </div>
> 164 |     </AbsoluteFill>
      |     ^
  165 |   );
  166 | };
  167 |

Parsing ecmascript source code failed

Import trace:
  Client Component Browser:
    ./remotion/EmpowerEveryTeam.tsx [Client Component Browser]
    ./components/ui/RemotionEmpowerTeam.tsx [Client Component Browser]
    ./components/sections/TransformSection.tsx [Client Component Browser]
    ./components/sections/TransformSection.tsx [Server Component]
    ./app/page.tsx [Server Component] @ http://localhost:3000/_next/static/chunks/node_modules_next_dist_0u_w_5s._.js:1945
[    7208ms] [ERROR] ./remotion/EmpowerEveryTeam.tsx:164:6
Unterminated regexp literal
  162 |       </svg>
  163 |       </div>
> 164 |     </AbsoluteFill>
      |      ^^^^^^^^^^^^^^
  165 |   );
  166 | };
  167 |

Parsing ecmascript source code failed

Import trace:
  Client Component Browser:
    ./remotion/EmpowerEveryTeam.tsx [Client Component Browser]
    ./components/ui/RemotionEmpowerTeam.tsx [Client Component Browser]
    ./components/sections/TransformSection.tsx [Client Component Browser]
    ./components/sections/TransformSection.tsx [Server Component]
    ./app/page.tsx [Server Component] @ http://localhost:3000/_next/static/chunks/node_modules_next_dist_0u_w_5s._.js:1945
[    7257ms] [ERROR] ./remotion/EmpowerEveryTeam.tsx:164:5
Expression expected
  162 |       </svg>
  163 |       </div>
> 164 |     </AbsoluteFill>
      |     ^
  165 |   );
  166 | };
  167 |

Parsing ecmascript source code failed

Import trace:
  Client Component Browser:
    ./remotion/EmpowerEveryTeam.tsx [Client Component Browser]
    ./components/ui/RemotionEmpowerTeam.tsx [Client Component Browser]
    ./components/sections/TransformSection.tsx [Client Component Browser]
    ./components/sections/TransformSection.tsx [Server Component]
    ./app/page.tsx [Server Component] @ http://localhost:3000/_next/static/chunks/node_modules_next_dist_0u_w_5s._.js:1945
[    7257ms] [ERROR] ./remotion/EmpowerEveryTeam.tsx:164:6
Unterminated regexp literal
  162 |       </svg>
  163 |       </div>
> 164 |     </AbsoluteFill>
      |      ^^^^^^^^^^^^^^
  165 |   );
  166 | };
  167 |

Parsing ecmascript source code failed

Import trace:
  Client Component Browser:
    ./remotion/EmpowerEveryTeam.tsx [Client Component Browser]
    ./components/ui/RemotionEmpowerTeam.tsx [Client Component Browser]
    ./components/sections/TransformSection.tsx [Client Component Browser]
    ./components/sections/TransformSection.tsx [Server Component]
    ./app/page.tsx [Server Component] @ http://localhost:3000/_next/static/chunks/node_modules_next_dist_0u_w_5s._.js:1945
[    7319ms] [ERROR] ./remotion/EmpowerEveryTeam.tsx:164:5
Expression expected
  162 |       </svg>
  163 |       </div>
> 164 |     </AbsoluteFill>
      |     ^
  165 |   );
  166 | };
  167 |

Parsing ecmascript source code failed

Import trace:
  Client Component Browser:
    ./remotion/EmpowerEveryTeam.tsx [Client Component Browser]
    ./components/ui/RemotionEmpowerTeam.tsx [Client Component Browser]
    ./components/sections/TransformSection.tsx [Client Component Browser]
    ./components/sections/TransformSection.tsx [Server Component]
    ./app/page.tsx [Server Component] @ http://localhost:3000/_next/static/chunks/node_modules_next_dist_0u_w_5s._.js:1945
[    7319ms] [ERROR] ./remotion/EmpowerEveryTeam.tsx:164:6
Unterminated regexp literal
  162 |       </svg>
  163 |       </div>
> 164 |     </AbsoluteFill>
      |      ^^^^^^^^^^^^^^
  165 |   );
  166 | };
  167 |

Parsing ecmascript source code failed

Import trace:
  Client Component Browser:
    ./remotion/EmpowerEveryTeam.tsx [Client Component Browser]
    ./components/ui/RemotionEmpowerTeam.tsx [Client Component Browser]
    ./components/sections/TransformSection.tsx [Client Component Browser]
    ./components/sections/TransformSection.tsx [Server Component]
    ./app/page.tsx [Server Component] @ http://localhost:3000/_next/static/chunks/node_modules_next_dist_0u_w_5s._.js:1945
[    7371ms] [ERROR] ./remotion/EmpowerEveryTeam.tsx:164:5
Expression expected
  162 |       </svg>
  163 |       </div>
> 164 |     </AbsoluteFill>
      |     ^
  165 |   );
  166 | };
  167 |

Parsing ecmascript source code failed

Import trace:
  Client Component Browser:
    ./remotion/EmpowerEveryTeam.tsx [Client Component Browser]
    ./components/ui/RemotionEmpowerTeam.tsx [Client Component Browser]
    ./components/sections/TransformSection.tsx [Client Component Browser]
    ./components/sections/TransformSection.tsx [Server Component]
    ./app/page.tsx [Server Component] @ http://localhost:3000/_next/static/chunks/node_modules_next_dist_0u_w_5s._.js:1945
[    7371ms] [ERROR] ./remotion/EmpowerEveryTeam.tsx:164:6
Unterminated regexp literal
  162 |       </svg>
  163 |       </div>
> 164 |     </AbsoluteFill>
      |      ^^^^^^^^^^^^^^
  165 |   );
  166 | };
  167 |

Parsing ecmascript source code failed

Import trace:
  Client Component Browser:
    ./remotion/EmpowerEveryTeam.tsx [Client Component Browser]
    ./components/ui/RemotionEmpowerTeam.tsx [Client Component Browser]
    ./components/sections/TransformSection.tsx [Client Component Browser]
    ./components/sections/TransformSection.tsx [Server Component]
    ./app/page.tsx [Server Component] @ http://localhost:3000/_next/static/chunks/node_modules_next_dist_0u_w_5s._.js:1945
[    7423ms] [ERROR] ./remotion/EmpowerEveryTeam.tsx:164:5
Expression expected
  162 |       </svg>
  163 |       </div>
> 164 |     </AbsoluteFill>
      |     ^
  165 |   );
  166 | };
  167 |

Parsing ecmascript source code failed

Import trace:
  Client Component Browser:
    ./remotion/EmpowerEveryTeam.tsx [Client Component Browser]
    ./components/ui/RemotionEmpowerTeam.tsx [Client Component Browser]
    ./components/sections/TransformSection.tsx [Client Component Browser]
    ./components/sections/TransformSection.tsx [Server Component]
    ./app/page.tsx [Server Component] @ http://localhost:3000/_next/static/chunks/node_modules_next_dist_0u_w_5s._.js:1945
[    7423ms] [ERROR] ./remotion/EmpowerEveryTeam.tsx:164:6
Unterminated regexp literal
  162 |       </svg>
  163 |       </div>
> 164 |     </AbsoluteFill>
      |      ^^^^^^^^^^^^^^
  165 |   );
  166 | };
  167 |

Parsing ecmascript source code failed

Import trace:
  Client Component Browser:
    ./remotion/EmpowerEveryTeam.tsx [Client Component Browser]
    ./components/ui/RemotionEmpowerTeam.tsx [Client Component Browser]
    ./components/sections/TransformSection.tsx [Client Component Browser]
    ./components/sections/TransformSection.tsx [Server Component]
    ./app/page.tsx [Server Component] @ http://localhost:3000/_next/static/chunks/node_modules_next_dist_0u_w_5s._.js:1945
[    7477ms] [ERROR] ./remotion/EmpowerEveryTeam.tsx:164:5
Expression expected
  162 |       </svg>
  163 |       </div>
> 164 |     </AbsoluteFill>
      |     ^
  165 |   );
  166 | };
  167 |

Parsing ecmascript source code failed

Import trace:
  Client Component Browser:
    ./remotion/EmpowerEveryTeam.tsx [Client Component Browser]
    ./components/ui/RemotionEmpowerTeam.tsx [Client Component Browser]
    ./components/sections/TransformSection.tsx [Client Component Browser]
    ./components/sections/TransformSection.tsx [Server Component]
    ./app/page.tsx [Server Component] @ http://localhost:3000/_next/static/chunks/node_modules_next_dist_0u_w_5s._.js:1945
[    7477ms] [ERROR] ./remotion/EmpowerEveryTeam.tsx:164:6
Unterminated regexp literal
  162 |       </svg>
  163 |       </div>
> 164 |     </AbsoluteFill>
      |      ^^^^^^^^^^^^^^
  165 |   );
  166 | };
  167 |

Parsing ecmascript source code failed

Import trace:
  Client Component Browser:
    ./remotion/EmpowerEveryTeam.tsx [Client Component Browser]
    ./components/ui/RemotionEmpowerTeam.tsx [Client Component Browser]
    ./components/sections/TransformSection.tsx [Client Component Browser]
    ./components/sections/TransformSection.tsx [Server Component]
    ./app/page.tsx [Server Component] @ http://localhost:3000/_next/static/chunks/node_modules_next_dist_0u_w_5s._.js:1945
[    7528ms] [ERROR] ./remotion/EmpowerEveryTeam.tsx:164:5
Expression expected
  162 |       </svg>
  163 |       </div>
> 164 |     </AbsoluteFill>
      |     ^
  165 |   );
  166 | };
  167 |

Parsing ecmascript source code failed

Import trace:
  Client Component Browser:
    ./remotion/EmpowerEveryTeam.tsx [Client Component Browser]
    ./components/ui/RemotionEmpowerTeam.tsx [Client Component Browser]
    ./components/sections/TransformSection.tsx [Client Component Browser]
    ./components/sections/TransformSection.tsx [Server Component]
    ./app/page.tsx [Server Component] @ http://localhost:3000/_next/static/chunks/node_modules_next_dist_0u_w_5s._.js:1945
[    7528ms] [ERROR] ./remotion/EmpowerEveryTeam.tsx:164:6
Unterminated regexp literal
  162 |       </svg>
  163 |       </div>
> 164 |     </AbsoluteFill>
      |      ^^^^^^^^^^^^^^
  165 |   );
  166 | };
  167 |

Parsing ecmascript source code failed

Import trace:
  Client Component Browser:
    ./remotion/EmpowerEveryTeam.tsx [Client Component Browser]
    ./components/ui/RemotionEmpowerTeam.tsx [Client Component Browser]
    ./components/sections/TransformSection.tsx [Client Component Browser]
    ./components/sections/TransformSection.tsx [Server Component]
    ./app/page.tsx [Server Component] @ http://localhost:3000/_next/static/chunks/node_modules_next_dist_0u_w_5s._.js:1945
[    7587ms] [ERROR] ./remotion/EmpowerEveryTeam.tsx:164:5
Expression expected
  162 |       </svg>
  163 |       </div>
> 164 |     </AbsoluteFill>
      |     ^
  165 |   );
  166 | };
  167 |

Parsing ecmascript source code failed

Import trace:
  Client Component Browser:
    ./remotion/EmpowerEveryTeam.tsx [Client Component Browser]
    ./components/ui/RemotionEmpowerTeam.tsx [Client Component Browser]
    ./components/sections/TransformSection.tsx [Client Component Browser]
    ./components/sections/TransformSection.tsx [Server Component]
    ./app/page.tsx [Server Component] @ http://localhost:3000/_next/static/chunks/node_modules_next_dist_0u_w_5s._.js:1945
[    7587ms] [ERROR] ./remotion/EmpowerEveryTeam.tsx:164:6
Unterminated regexp literal
  162 |       </svg>
  163 |       </div>
> 164 |     </AbsoluteFill>
      |      ^^^^^^^^^^^^^^
  165 |   );
  166 | };
  167 |

Parsing ecmascript source code failed

Import trace:
  Client Component Browser:
    ./remotion/EmpowerEveryTeam.tsx [Client Component Browser]
    ./components/ui/RemotionEmpowerTeam.tsx [Client Component Browser]
    ./components/sections/TransformSection.tsx [Client Component Browser]
    ./components/sections/TransformSection.tsx [Server Component]
    ./app/page.tsx [Server Component] @ http://localhost:3000/_next/static/chunks/node_modules_next_dist_0u_w_5s._.js:1945
[    7639ms] [ERROR] ./remotion/EmpowerEveryTeam.tsx:164:5
Expression expected
  162 |       </svg>
  163 |       </div>
> 164 |     </AbsoluteFill>
      |     ^
  165 |   );
  166 | };
  167 |

Parsing ecmascript source code failed

Import trace:
  Client Component Browser:
    ./remotion/EmpowerEveryTeam.tsx [Client Component Browser]
    ./components/ui/RemotionEmpowerTeam.tsx [Client Component Browser]
    ./components/sections/TransformSection.tsx [Client Component Browser]
    ./components/sections/TransformSection.tsx [Server Component]
    ./app/page.tsx [Server Component] @ http://localhost:3000/_next/static/chunks/node_modules_next_dist_0u_w_5s._.js:1945
[    7639ms] [ERROR] ./remotion/EmpowerEveryTeam.tsx:164:6
Unterminated regexp literal
  162 |       </svg>
  163 |       </div>
> 164 |     </AbsoluteFill>
      |      ^^^^^^^^^^^^^^
  165 |   );
  166 | };
  167 |

Parsing ecmascript source code failed

Import trace:
  Client Component Browser:
    ./remotion/EmpowerEveryTeam.tsx [Client Component Browser]
    ./components/ui/RemotionEmpowerTeam.tsx [Client Component Browser]
    ./components/sections/TransformSection.tsx [Client Component Browser]
    ./components/sections/TransformSection.tsx [Server Component]
    ./app/page.tsx [Server Component] @ http://localhost:3000/_next/static/chunks/node_modules_next_dist_0u_w_5s._.js:1945
[    7690ms] [ERROR] ./remotion/EmpowerEveryTeam.tsx:164:5
Expression expected
  162 |       </svg>
  163 |       </div>
> 164 |     </AbsoluteFill>
      |     ^
  165 |   );
  166 | };
  167 |

Parsing ecmascript source code failed

Import trace:
  Client Component Browser:
    ./remotion/EmpowerEveryTeam.tsx [Client Component Browser]
    ./components/ui/RemotionEmpowerTeam.tsx [Client Component Browser]
    ./components/sections/TransformSection.tsx [Client Component Browser]
    ./components/sections/TransformSection.tsx [Server Component]
    ./app/page.tsx [Server Component] @ http://localhost:3000/_next/static/chunks/node_modules_next_dist_0u_w_5s._.js:1945
[    7690ms] [ERROR] ./remotion/EmpowerEveryTeam.tsx:164:6
Unterminated regexp literal
  162 |       </svg>
  163 |       </div>
> 164 |     </AbsoluteFill>
      |      ^^^^^^^^^^^^^^
  165 |   );
  166 | };
  167 |

Parsing ecmascript source code failed

Import trace:
  Client Component Browser:
    ./remotion/EmpowerEveryTeam.tsx [Client Component Browser]
    ./components/ui/RemotionEmpowerTeam.tsx [Client Component Browser]
    ./components/sections/TransformSection.tsx [Client Component Browser]
    ./components/sections/TransformSection.tsx [Server Component]
    ./app/page.tsx [Server Component] @ http://localhost:3000/_next/static/chunks/node_modules_next_dist_0u_w_5s._.js:1945
[    7739ms] [ERROR] ./remotion/EmpowerEveryTeam.tsx:164:5
Expression expected
  162 |       </svg>
  163 |       </div>
> 164 |     </AbsoluteFill>
      |     ^
  165 |   );
  166 | };
  167 |

Parsing ecmascript source code failed

Import trace:
  Client Component Browser:
    ./remotion/EmpowerEveryTeam.tsx [Client Component Browser]
    ./components/ui/RemotionEmpowerTeam.tsx [Client Component Browser]
    ./components/sections/TransformSection.tsx [Client Component Browser]
    ./components/sections/TransformSection.tsx [Server Component]
    ./app/page.tsx [Server Component] @ http://localhost:3000/_next/static/chunks/node_modules_next_dist_0u_w_5s._.js:1945
[    7739ms] [ERROR] ./remotion/EmpowerEveryTeam.tsx:164:6
Unterminated regexp literal
  162 |       </svg>
  163 |       </div>
> 164 |     </AbsoluteFill>
      |      ^^^^^^^^^^^^^^
  165 |   );
  166 | };
  167 |

Parsing ecmascript source code failed

Import trace:
  Client Component Browser:
    ./remotion/EmpowerEveryTeam.tsx [Client Component Browser]
    ./components/ui/RemotionEmpowerTeam.tsx [Client Component Browser]
    ./components/sections/TransformSection.tsx [Client Component Browser]
    ./components/sections/TransformSection.tsx [Server Component]
    ./app/page.tsx [Server Component] @ http://localhost:3000/_next/static/chunks/node_modules_next_dist_0u_w_5s._.js:1945
[    7790ms] [ERROR] ./remotion/EmpowerEveryTeam.tsx:164:5
Expression expected
  162 |       </svg>
  163 |       </div>
> 164 |     </AbsoluteFill>
      |     ^
  165 |   );
  166 | };
  167 |

Parsing ecmascript source code failed

Import trace:
  Client Component Browser:
    ./remotion/EmpowerEveryTeam.tsx [Client Component Browser]
    ./components/ui/RemotionEmpowerTeam.tsx [Client Component Browser]
    ./components/sections/TransformSection.tsx [Client Component Browser]
    ./components/sections/TransformSection.tsx [Server Component]
    ./app/page.tsx [Server Component] @ http://localhost:3000/_next/static/chunks/node_modules_next_dist_0u_w_5s._.js:1945
[    7790ms] [ERROR] ./remotion/EmpowerEveryTeam.tsx:164:6
Unterminated regexp literal
  162 |       </svg>
  163 |       </div>
> 164 |     </AbsoluteFill>
      |      ^^^^^^^^^^^^^^
  165 |   );
  166 | };
  167 |

Parsing ecmascript source code failed

Import trace:
  Client Component Browser:
    ./remotion/EmpowerEveryTeam.tsx [Client Component Browser]
    ./components/ui/RemotionEmpowerTeam.tsx [Client Component Browser]
    ./components/sections/TransformSection.tsx [Client Component Browser]
    ./components/sections/TransformSection.tsx [Server Component]
    ./app/page.tsx [Server Component] @ http://localhost:3000/_next/static/chunks/node_modules_next_dist_0u_w_5s._.js:1945
[    7840ms] [ERROR] ./remotion/EmpowerEveryTeam.tsx:164:5
Expression expected
  162 |       </svg>
  163 |       </div>
> 164 |     </AbsoluteFill>
      |     ^
  165 |   );
  166 | };
  167 |

Parsing ecmascript source code failed

Import trace:
  Client Component Browser:
    ./remotion/EmpowerEveryTeam.tsx [Client Component Browser]
    ./components/ui/RemotionEmpowerTeam.tsx [Client Component Browser]
    ./components/sections/TransformSection.tsx [Client Component Browser]
    ./components/sections/TransformSection.tsx [Server Component]
    ./app/page.tsx [Server Component] @ http://localhost:3000/_next/static/chunks/node_modules_next_dist_0u_w_5s._.js:1945
[    7840ms] [ERROR] ./remotion/EmpowerEveryTeam.tsx:164:6
Unterminated regexp literal
  162 |       </svg>
  163 |       </div>
> 164 |     </AbsoluteFill>
      |      ^^^^^^^^^^^^^^
  165 |   );
  166 | };
  167 |

Parsing ecmascript source code failed

Import trace:
  Client Component Browser:
    ./remotion/EmpowerEveryTeam.tsx [Client Component Browser]
    ./components/ui/RemotionEmpowerTeam.tsx [Client Component Browser]
    ./components/sections/TransformSection.tsx [Client Component Browser]
    ./components/sections/TransformSection.tsx [Server Component]
    ./app/page.tsx [Server Component] @ http://localhost:3000/_next/static/chunks/node_modules_next_dist_0u_w_5s._.js:1945
[    7897ms] [ERROR] ./remotion/EmpowerEveryTeam.tsx:164:5
Expression expected
  162 |       </svg>
  163 |       </div>
> 164 |     </AbsoluteFill>
      |     ^
  165 |   );
  166 | };
  167 |

Parsing ecmascript source code failed

Import trace:
  Client Component Browser:
    ./remotion/EmpowerEveryTeam.tsx [Client Component Browser]
    ./components/ui/RemotionEmpowerTeam.tsx [Client Component Browser]
    ./components/sections/TransformSection.tsx [Client Component Browser]
    ./components/sections/TransformSection.tsx [Server Component]
    ./app/page.tsx [Server Component] @ http://localhost:3000/_next/static/chunks/node_modules_next_dist_0u_w_5s._.js:1945
[    7897ms] [ERROR] ./remotion/EmpowerEveryTeam.tsx:164:6
Unterminated regexp literal
  162 |       </svg>
  163 |       </div>
> 164 |     </AbsoluteFill>
      |      ^^^^^^^^^^^^^^
  165 |   );
  166 | };
  167 |

Parsing ecmascript source code failed

Import trace:
  Client Component Browser:
    ./remotion/EmpowerEveryTeam.tsx [Client Component Browser]
    ./components/ui/RemotionEmpowerTeam.tsx [Client Component Browser]
    ./components/sections/TransformSection.tsx [Client Component Browser]
    ./components/sections/TransformSection.tsx [Server Component]
    ./app/page.tsx [Server Component] @ http://localhost:3000/_next/static/chunks/node_modules_next_dist_0u_w_5s._.js:1945
[    7949ms] [ERROR] ./remotion/EmpowerEveryTeam.tsx:164:5
Expression expected
  162 |       </svg>
  163 |       </div>
> 164 |     </AbsoluteFill>
      |     ^
  165 |   );
  166 | };
  167 |

Parsing ecmascript source code failed

Import trace:
  Client Component Browser:
    ./remotion/EmpowerEveryTeam.tsx [Client Component Browser]
    ./components/ui/RemotionEmpowerTeam.tsx [Client Component Browser]
    ./components/sections/TransformSection.tsx [Client Component Browser]
    ./components/sections/TransformSection.tsx [Server Component]
    ./app/page.tsx [Server Component] @ http://localhost:3000/_next/static/chunks/node_modules_next_dist_0u_w_5s._.js:1945
[    7949ms] [ERROR] ./remotion/EmpowerEveryTeam.tsx:164:6
Unterminated regexp literal
  162 |       </svg>
  163 |       </div>
> 164 |     </AbsoluteFill>
      |      ^^^^^^^^^^^^^^
  165 |   );
  166 | };
  167 |

Parsing ecmascript source code failed

Import trace:
  Client Component Browser:
    ./remotion/EmpowerEveryTeam.tsx [Client Component Browser]
    ./components/ui/RemotionEmpowerTeam.tsx [Client Component Browser]
    ./components/sections/TransformSection.tsx [Client Component Browser]
    ./components/sections/TransformSection.tsx [Server Component]
    ./app/page.tsx [Server Component] @ http://localhost:3000/_next/static/chunks/node_modules_next_dist_0u_w_5s._.js:1945
[    8000ms] [ERROR] ./remotion/EmpowerEveryTeam.tsx:164:5
Expression expected
  162 |       </svg>
  163 |       </div>
> 164 |     </AbsoluteFill>
      |     ^
  165 |   );
  166 | };
  167 |

Parsing ecmascript source code failed

Import trace:
  Client Component Browser:
    ./remotion/EmpowerEveryTeam.tsx [Client Component Browser]
    ./components/ui/RemotionEmpowerTeam.tsx [Client Component Browser]
    ./components/sections/TransformSection.tsx [Client Component Browser]
    ./components/sections/TransformSection.tsx [Server Component]
    ./app/page.tsx [Server Component] @ http://localhost:3000/_next/static/chunks/node_modules_next_dist_0u_w_5s._.js:1945
[    8000ms] [ERROR] ./remotion/EmpowerEveryTeam.tsx:164:6
Unterminated regexp literal
  162 |       </svg>
  163 |       </div>
> 164 |     </AbsoluteFill>
      |      ^^^^^^^^^^^^^^
  165 |   );
  166 | };
  167 |

Parsing ecmascript source code failed

Import trace:
  Client Component Browser:
    ./remotion/EmpowerEveryTeam.tsx [Client Component Browser]
    ./components/ui/RemotionEmpowerTeam.tsx [Client Component Browser]
    ./components/sections/TransformSection.tsx [Client Component Browser]
    ./components/sections/TransformSection.tsx [Server Component]
    ./app/page.tsx [Server Component] @ http://localhost:3000/_next/static/chunks/node_modules_next_dist_0u_w_5s._.js:1945
[    8051ms] [ERROR] ./remotion/EmpowerEveryTeam.tsx:164:5
Expression expected
  162 |       </svg>
  163 |       </div>
> 164 |     </AbsoluteFill>
      |     ^
  165 |   );
  166 | };
  167 |

Parsing ecmascript source code failed

Import trace:
  Client Component Browser:
    ./remotion/EmpowerEveryTeam.tsx [Client Component Browser]
    ./components/ui/RemotionEmpowerTeam.tsx [Client Component Browser]
    ./components/sections/TransformSection.tsx [Client Component Browser]
    ./components/sections/TransformSection.tsx [Server Component]
    ./app/page.tsx [Server Component] @ http://localhost:3000/_next/static/chunks/node_modules_next_dist_0u_w_5s._.js:1945
[    8051ms] [ERROR] ./remotion/EmpowerEveryTeam.tsx:164:6
Unterminated regexp literal
  162 |       </svg>
  163 |       </div>
> 164 |     </AbsoluteFill>
      |      ^^^^^^^^^^^^^^
  165 |   );
  166 | };
  167 |

Parsing ecmascript source code failed

Import trace:
  Client Component Browser:
    ./remotion/EmpowerEveryTeam.tsx [Client Component Browser]
    ./components/ui/RemotionEmpowerTeam.tsx [Client Component Browser]
    ./components/sections/TransformSection.tsx [Client Component Browser]
    ./components/sections/TransformSection.tsx [Server Component]
    ./app/page.tsx [Server Component] @ http://localhost:3000/_next/static/chunks/node_modules_next_dist_0u_w_5s._.js:1945
[    8103ms] [ERROR] ./remotion/EmpowerEveryTeam.tsx:164:5
Expression expected
  162 |       </svg>
  163 |       </div>
> 164 |     </AbsoluteFill>
      |     ^
  165 |   );
  166 | };
  167 |

Parsing ecmascript source code failed

Import trace:
  Client Component Browser:
    ./remotion/EmpowerEveryTeam.tsx [Client Component Browser]
    ./components/ui/RemotionEmpowerTeam.tsx [Client Component Browser]
    ./components/sections/TransformSection.tsx [Client Component Browser]
    ./components/sections/TransformSection.tsx [Server Component]
    ./app/page.tsx [Server Component] @ http://localhost:3000/_next/static/chunks/node_modules_next_dist_0u_w_5s._.js:1945
[    8103ms] [ERROR] ./remotion/EmpowerEveryTeam.tsx:164:6
Unterminated regexp literal
  162 |       </svg>
  163 |       </div>
> 164 |     </AbsoluteFill>
      |      ^^^^^^^^^^^^^^
  165 |   );
  166 | };
  167 |

Parsing ecmascript source code failed

Import trace:
  Client Component Browser:
    ./remotion/EmpowerEveryTeam.tsx [Client Component Browser]
    ./components/ui/RemotionEmpowerTeam.tsx [Client Component Browser]
    ./components/sections/TransformSection.tsx [Client Component Browser]
    ./components/sections/TransformSection.tsx [Server Component]
    ./app/page.tsx [Server Component] @ http://localhost:3000/_next/static/chunks/node_modules_next_dist_0u_w_5s._.js:1945
[    8147ms] [ERROR] ./remotion/EmpowerEveryTeam.tsx:164:5
Expression expected
  162 |       </svg>
  163 |       </div>
> 164 |     </AbsoluteFill>
      |     ^
  165 |   );
  166 | };
  167 |

Parsing ecmascript source code failed

Import trace:
  Client Component Browser:
    ./remotion/EmpowerEveryTeam.tsx [Client Component Browser]
    ./components/ui/RemotionEmpowerTeam.tsx [Client Component Browser]
    ./components/sections/TransformSection.tsx [Client Component Browser]
    ./components/sections/TransformSection.tsx [Server Component]
    ./app/page.tsx [Server Component] @ http://localhost:3000/_next/static/chunks/node_modules_next_dist_0u_w_5s._.js:1945
[    8147ms] [ERROR] ./remotion/EmpowerEveryTeam.tsx:164:6
Unterminated regexp literal
  162 |       </svg>
  163 |       </div>
> 164 |     </AbsoluteFill>
      |      ^^^^^^^^^^^^^^
  165 |   );
  166 | };
  167 |

Parsing ecmascript source code failed

Import trace:
  Client Component Browser:
    ./remotion/EmpowerEveryTeam.tsx [Client Component Browser]
    ./components/ui/RemotionEmpowerTeam.tsx [Client Component Browser]
    ./components/sections/TransformSection.tsx [Client Component Browser]
    ./components/sections/TransformSection.tsx [Server Component]
    ./app/page.tsx [Server Component] @ http://localhost:3000/_next/static/chunks/node_modules_next_dist_0u_w_5s._.js:1945
[    8199ms] [ERROR] ./remotion/EmpowerEveryTeam.tsx:164:5
Expression expected
  162 |       </svg>
  163 |       </div>
> 164 |     </AbsoluteFill>
      |     ^
  165 |   );
  166 | };
  167 |

Parsing ecmascript source code failed

Import trace:
  Client Component Browser:
    ./remotion/EmpowerEveryTeam.tsx [Client Component Browser]
    ./components/ui/RemotionEmpowerTeam.tsx [Client Component Browser]
    ./components/sections/TransformSection.tsx [Client Component Browser]
    ./components/sections/TransformSection.tsx [Server Component]
    ./app/page.tsx [Server Component] @ http://localhost:3000/_next/static/chunks/node_modules_next_dist_0u_w_5s._.js:1945
[    8199ms] [ERROR] ./remotion/EmpowerEveryTeam.tsx:164:6
Unterminated regexp literal
  162 |       </svg>
  163 |       </div>
> 164 |     </AbsoluteFill>
      |      ^^^^^^^^^^^^^^
  165 |   );
  166 | };
  167 |

Parsing ecmascript source code failed

Import trace:
  Client Component Browser:
    ./remotion/EmpowerEveryTeam.tsx [Client Component Browser]
    ./components/ui/RemotionEmpowerTeam.tsx [Client Component Browser]
    ./components/sections/TransformSection.tsx [Client Component Browser]
    ./components/sections/TransformSection.tsx [Server Component]
    ./app/page.tsx [Server Component] @ http://localhost:3000/_next/static/chunks/node_modules_next_dist_0u_w_5s._.js:1945
[    8253ms] [ERROR] ./remotion/EmpowerEveryTeam.tsx:164:5
Expression expected
  162 |       </svg>
  163 |       </div>
> 164 |     </AbsoluteFill>
      |     ^
  165 |   );
  166 | };
  167 |

Parsing ecmascript source code failed

Import trace:
  Client Component Browser:
    ./remotion/EmpowerEveryTeam.tsx [Client Component Browser]
    ./components/ui/RemotionEmpowerTeam.tsx [Client Component Browser]
    ./components/sections/TransformSection.tsx [Client Component Browser]
    ./components/sections/TransformSection.tsx [Server Component]
    ./app/page.tsx [Server Component] @ http://localhost:3000/_next/static/chunks/node_modules_next_dist_0u_w_5s._.js:1945
[    8253ms] [ERROR] ./remotion/EmpowerEveryTeam.tsx:164:6
Unterminated regexp literal
  162 |       </svg>
  163 |       </div>
> 164 |     </AbsoluteFill>
      |      ^^^^^^^^^^^^^^
  165 |   );
  166 | };
  167 |

Parsing ecmascript source code failed

Import trace:
  Client Component Browser:
    ./remotion/EmpowerEveryTeam.tsx [Client Component Browser]
    ./components/ui/RemotionEmpowerTeam.tsx [Client Component Browser]
    ./components/sections/TransformSection.tsx [Client Component Browser]
    ./components/sections/TransformSection.tsx [Server Component]
    ./app/page.tsx [Server Component] @ http://localhost:3000/_next/static/chunks/node_modules_next_dist_0u_w_5s._.js:1945
[    8324ms] [ERROR] ./remotion/EmpowerEveryTeam.tsx:164:5
Expression expected
  162 |       </svg>
  163 |       </div>
> 164 |     </AbsoluteFill>
      |     ^
  165 |   );
  166 | };
  167 |

Parsing ecmascript source code failed

Import trace:
  Client Component Browser:
    ./remotion/EmpowerEveryTeam.tsx [Client Component Browser]
    ./components/ui/RemotionEmpowerTeam.tsx [Client Component Browser]
    ./components/sections/TransformSection.tsx [Client Component Browser]
    ./components/sections/TransformSection.tsx [Server Component]
    ./app/page.tsx [Server Component] @ http://localhost:3000/_next/static/chunks/node_modules_next_dist_0u_w_5s._.js:1945
[    8324ms] [ERROR] ./remotion/EmpowerEveryTeam.tsx:164:6
Unterminated regexp literal
  162 |       </svg>
  163 |       </div>
> 164 |     </AbsoluteFill>
      |      ^^^^^^^^^^^^^^
  165 |   );
  166 | };
  167 |

Parsing ecmascript source code failed

Import trace:
  Client Component Browser:
    ./remotion/EmpowerEveryTeam.tsx [Client Component Browser]
    ./components/ui/RemotionEmpowerTeam.tsx [Client Component Browser]
    ./components/sections/TransformSection.tsx [Client Component Browser]
    ./components/sections/TransformSection.tsx [Server Component]
    ./app/page.tsx [Server Component] @ http://localhost:3000/_next/static/chunks/node_modules_next_dist_0u_w_5s._.js:1945
[    8374ms] [ERROR] ./remotion/EmpowerEveryTeam.tsx:164:5
Expression expected
  162 |       </svg>
  163 |       </div>
> 164 |     </AbsoluteFill>
      |     ^
  165 |   );
  166 | };
  167 |

Parsing ecmascript source code failed

Import trace:
  Client Component Browser:
    ./remotion/EmpowerEveryTeam.tsx [Client Component Browser]
    ./components/ui/RemotionEmpowerTeam.tsx [Client Component Browser]
    ./components/sections/TransformSection.tsx [Client Component Browser]
    ./components/sections/TransformSection.tsx [Server Component]
    ./app/page.tsx [Server Component] @ http://localhost:3000/_next/static/chunks/node_modules_next_dist_0u_w_5s._.js:1945
[    8374ms] [ERROR] ./remotion/EmpowerEveryTeam.tsx:164:6
Unterminated regexp literal
  162 |       </svg>
  163 |       </div>
> 164 |     </AbsoluteFill>
      |      ^^^^^^^^^^^^^^
  165 |   );
  166 | };
  167 |

Parsing ecmascript source code failed

Import trace:
  Client Component Browser:
    ./remotion/EmpowerEveryTeam.tsx [Client Component Browser]
    ./components/ui/RemotionEmpowerTeam.tsx [Client Component Browser]
    ./components/sections/TransformSection.tsx [Client Component Browser]
    ./components/sections/TransformSection.tsx [Server Component]
    ./app/page.tsx [Server Component] @ http://localhost:3000/_next/static/chunks/node_modules_next_dist_0u_w_5s._.js:1945
[    8425ms] [ERROR] ./remotion/EmpowerEveryTeam.tsx:164:5
Expression expected
  162 |       </svg>
  163 |       </div>
> 164 |     </AbsoluteFill>
      |     ^
  165 |   );
  166 | };
  167 |

Parsing ecmascript source code failed

Import trace:
  Client Component Browser:
    ./remotion/EmpowerEveryTeam.tsx [Client Component Browser]
    ./components/ui/RemotionEmpowerTeam.tsx [Client Component Browser]
    ./components/sections/TransformSection.tsx [Client Component Browser]
    ./components/sections/TransformSection.tsx [Server Component]
    ./app/page.tsx [Server Component] @ http://localhost:3000/_next/static/chunks/node_modules_next_dist_0u_w_5s._.js:1945
[    8425ms] [ERROR] ./remotion/EmpowerEveryTeam.tsx:164:6
Unterminated regexp literal
  162 |       </svg>
  163 |       </div>
> 164 |     </AbsoluteFill>
      |      ^^^^^^^^^^^^^^
  165 |   );
  166 | };
  167 |

Parsing ecmascript source code failed

Import trace:
  Client Component Browser:
    ./remotion/EmpowerEveryTeam.tsx [Client Component Browser]
    ./components/ui/RemotionEmpowerTeam.tsx [Client Component Browser]
    ./components/sections/TransformSection.tsx [Client Component Browser]
    ./components/sections/TransformSection.tsx [Server Component]
    ./app/page.tsx [Server Component] @ http://localhost:3000/_next/static/chunks/node_modules_next_dist_0u_w_5s._.js:1945
[    8475ms] [ERROR] ./remotion/EmpowerEveryTeam.tsx:164:5
Expression expected
  162 |       </svg>
  163 |       </div>
> 164 |     </AbsoluteFill>
      |     ^
  165 |   );
  166 | };
  167 |

Parsing ecmascript source code failed

Import trace:
  Client Component Browser:
    ./remotion/EmpowerEveryTeam.tsx [Client Component Browser]
    ./components/ui/RemotionEmpowerTeam.tsx [Client Component Browser]
    ./components/sections/TransformSection.tsx [Client Component Browser]
    ./components/sections/TransformSection.tsx [Server Component]
    ./app/page.tsx [Server Component] @ http://localhost:3000/_next/static/chunks/node_modules_next_dist_0u_w_5s._.js:1945
[    8475ms] [ERROR] ./remotion/EmpowerEveryTeam.tsx:164:6
Unterminated regexp literal
  162 |       </svg>
  163 |       </div>
> 164 |     </AbsoluteFill>
      |      ^^^^^^^^^^^^^^
  165 |   );
  166 | };
  167 |

Parsing ecmascript source code failed

Import trace:
  Client Component Browser:
    ./remotion/EmpowerEveryTeam.tsx [Client Component Browser]
    ./components/ui/RemotionEmpowerTeam.tsx [Client Component Browser]
    ./components/sections/TransformSection.tsx [Client Component Browser]
    ./components/sections/TransformSection.tsx [Server Component]
    ./app/page.tsx [Server Component] @ http://localhost:3000/_next/static/chunks/node_modules_next_dist_0u_w_5s._.js:1945
[    8526ms] [ERROR] ./remotion/EmpowerEveryTeam.tsx:164:5
Expression expected
  162 |       </svg>
  163 |       </div>
> 164 |     </AbsoluteFill>
      |     ^
  165 |   );
  166 | };
  167 |

Parsing ecmascript source code failed

Import trace:
  Client Component Browser:
    ./remotion/EmpowerEveryTeam.tsx [Client Component Browser]
    ./components/ui/RemotionEmpowerTeam.tsx [Client Component Browser]
    ./components/sections/TransformSection.tsx [Client Component Browser]
    ./components/sections/TransformSection.tsx [Server Component]
    ./app/page.tsx [Server Component] @ http://localhost:3000/_next/static/chunks/node_modules_next_dist_0u_w_5s._.js:1945
[    8526ms] [ERROR] ./remotion/EmpowerEveryTeam.tsx:164:6
Unterminated regexp literal
  162 |       </svg>
  163 |       </div>
> 164 |     </AbsoluteFill>
      |      ^^^^^^^^^^^^^^
  165 |   );
  166 | };
  167 |

Parsing ecmascript source code failed

Import trace:
  Client Component Browser:
    ./remotion/EmpowerEveryTeam.tsx [Client Component Browser]
    ./components/ui/RemotionEmpowerTeam.tsx [Client Component Browser]
    ./components/sections/TransformSection.tsx [Client Component Browser]
    ./components/sections/TransformSection.tsx [Server Component]
    ./app/page.tsx [Server Component] @ http://localhost:3000/_next/static/chunks/node_modules_next_dist_0u_w_5s._.js:1945
[    8576ms] [ERROR] ./remotion/EmpowerEveryTeam.tsx:164:5
Expression expected
  162 |       </svg>
  163 |       </div>
> 164 |     </AbsoluteFill>
      |     ^
  165 |   );
  166 | };
  167 |

Parsing ecmascript source code failed

Import trace:
  Client Component Browser:
    ./remotion/EmpowerEveryTeam.tsx [Client Component Browser]
    ./components/ui/RemotionEmpowerTeam.tsx [Client Component Browser]
    ./components/sections/TransformSection.tsx [Client Component Browser]
    ./components/sections/TransformSection.tsx [Server Component]
    ./app/page.tsx [Server Component] @ http://localhost:3000/_next/static/chunks/node_modules_next_dist_0u_w_5s._.js:1945
[    8576ms] [ERROR] ./remotion/EmpowerEveryTeam.tsx:164:6
Unterminated regexp literal
  162 |       </svg>
  163 |       </div>
> 164 |     </AbsoluteFill>
      |      ^^^^^^^^^^^^^^
  165 |   );
  166 | };
  167 |

Parsing ecmascript source code failed

Import trace:
  Client Component Browser:
    ./remotion/EmpowerEveryTeam.tsx [Client Component Browser]
    ./components/ui/RemotionEmpowerTeam.tsx [Client Component Browser]
    ./components/sections/TransformSection.tsx [Client Component Browser]
    ./components/sections/TransformSection.tsx [Server Component]
    ./app/page.tsx [Server Component] @ http://localhost:3000/_next/static/chunks/node_modules_next_dist_0u_w_5s._.js:1945
[    8626ms] [ERROR] ./remotion/EmpowerEveryTeam.tsx:164:5
Expression expected
  162 |       </svg>
  163 |       </div>
> 164 |     </AbsoluteFill>
      |     ^
  165 |   );
  166 | };
  167 |

Parsing ecmascript source code failed

Import trace:
  Client Component Browser:
    ./remotion/EmpowerEveryTeam.tsx [Client Component Browser]
    ./components/ui/RemotionEmpowerTeam.tsx [Client Component Browser]
    ./components/sections/TransformSection.tsx [Client Component Browser]
    ./components/sections/TransformSection.tsx [Server Component]
    ./app/page.tsx [Server Component] @ http://localhost:3000/_next/static/chunks/node_modules_next_dist_0u_w_5s._.js:1945
[    8626ms] [ERROR] ./remotion/EmpowerEveryTeam.tsx:164:6
Unterminated regexp literal
  162 |       </svg>
  163 |       </div>
> 164 |     </AbsoluteFill>
      |      ^^^^^^^^^^^^^^
  165 |   );
  166 | };
  167 |

Parsing ecmascript source code failed

Import trace:
  Client Component Browser:
    ./remotion/EmpowerEveryTeam.tsx [Client Component Browser]
    ./components/ui/RemotionEmpowerTeam.tsx [Client Component Browser]
    ./components/sections/TransformSection.tsx [Client Component Browser]
    ./components/sections/TransformSection.tsx [Server Component]
    ./app/page.tsx [Server Component] @ http://localhost:3000/_next/static/chunks/node_modules_next_dist_0u_w_5s._.js:1945
[    8685ms] [ERROR] ./remotion/EmpowerEveryTeam.tsx:164:5
Expression expected
  162 |       </svg>
  163 |       </div>
> 164 |     </AbsoluteFill>
      |     ^
  165 |   );
  166 | };
  167 |

Parsing ecmascript source code failed

Import trace:
  Client Component Browser:
    ./remotion/EmpowerEveryTeam.tsx [Client Component Browser]
    ./components/ui/RemotionEmpowerTeam.tsx [Client Component Browser]
    ./components/sections/TransformSection.tsx [Client Component Browser]
    ./components/sections/TransformSection.tsx [Server Component]
    ./app/page.tsx [Server Component] @ http://localhost:3000/_next/static/chunks/node_modules_next_dist_0u_w_5s._.js:1945
[    8685ms] [ERROR] ./remotion/EmpowerEveryTeam.tsx:164:6
Unterminated regexp literal
  162 |       </svg>
  163 |       </div>
> 164 |     </AbsoluteFill>
      |      ^^^^^^^^^^^^^^
  165 |   );
  166 | };
  167 |

Parsing ecmascript source code failed

Import trace:
  Client Component Browser:
    ./remotion/EmpowerEveryTeam.tsx [Client Component Browser]
    ./components/ui/RemotionEmpowerTeam.tsx [Client Component Browser]
    ./components/sections/TransformSection.tsx [Client Component Browser]
    ./components/sections/TransformSection.tsx [Server Component]
    ./app/page.tsx [Server Component] @ http://localhost:3000/_next/static/chunks/node_modules_next_dist_0u_w_5s._.js:1945
[    8735ms] [ERROR] ./remotion/EmpowerEveryTeam.tsx:164:5
Expression expected
  162 |       </svg>
  163 |       </div>
> 164 |     </AbsoluteFill>
      |     ^
  165 |   );
  166 | };
  167 |

Parsing ecmascript source code failed

Import trace:
  Client Component Browser:
    ./remotion/EmpowerEveryTeam.tsx [Client Component Browser]
    ./components/ui/RemotionEmpowerTeam.tsx [Client Component Browser]
    ./components/sections/TransformSection.tsx [Client Component Browser]
    ./components/sections/TransformSection.tsx [Server Component]
    ./app/page.tsx [Server Component] @ http://localhost:3000/_next/static/chunks/node_modules_next_dist_0u_w_5s._.js:1945
[    8735ms] [ERROR] ./remotion/EmpowerEveryTeam.tsx:164:6
Unterminated regexp literal
  162 |       </svg>
  163 |       </div>
> 164 |     </AbsoluteFill>
      |      ^^^^^^^^^^^^^^
  165 |   );
  166 | };
  167 |

Parsing ecmascript source code failed

Import trace:
  Client Component Browser:
    ./remotion/EmpowerEveryTeam.tsx [Client Component Browser]
    ./components/ui/RemotionEmpowerTeam.tsx [Client Component Browser]
    ./components/sections/TransformSection.tsx [Client Component Browser]
    ./components/sections/TransformSection.tsx [Server Component]
    ./app/page.tsx [Server Component] @ http://localhost:3000/_next/static/chunks/node_modules_next_dist_0u_w_5s._.js:1945
[    8785ms] [ERROR] ./remotion/EmpowerEveryTeam.tsx:164:5
Expression expected
  162 |       </svg>
  163 |       </div>
> 164 |     </AbsoluteFill>
      |     ^
  165 |   );
  166 | };
  167 |

Parsing ecmascript source code failed

Import trace:
  Client Component Browser:
    ./remotion/EmpowerEveryTeam.tsx [Client Component Browser]
    ./components/ui/RemotionEmpowerTeam.tsx [Client Component Browser]
    ./components/sections/TransformSection.tsx [Client Component Browser]
    ./components/sections/TransformSection.tsx [Server Component]
    ./app/page.tsx [Server Component] @ http://localhost:3000/_next/static/chunks/node_modules_next_dist_0u_w_5s._.js:1945
[    8785ms] [ERROR] ./remotion/EmpowerEveryTeam.tsx:164:6
Unterminated regexp literal
  162 |       </svg>
  163 |       </div>
> 164 |     </AbsoluteFill>
      |      ^^^^^^^^^^^^^^
  165 |   );
  166 | };
  167 |

Parsing ecmascript source code failed

Import trace:
  Client Component Browser:
    ./remotion/EmpowerEveryTeam.tsx [Client Component Browser]
    ./components/ui/RemotionEmpowerTeam.tsx [Client Component Browser]
    ./components/sections/TransformSection.tsx [Client Component Browser]
    ./components/sections/TransformSection.tsx [Server Component]
    ./app/page.tsx [Server Component] @ http://localhost:3000/_next/static/chunks/node_modules_next_dist_0u_w_5s._.js:1945
[    8838ms] [ERROR] ./remotion/EmpowerEveryTeam.tsx:164:5
Expression expected
  162 |       </svg>
  163 |       </div>
> 164 |     </AbsoluteFill>
      |     ^
  165 |   );
  166 | };
  167 |

Parsing ecmascript source code failed

Import trace:
  Client Component Browser:
    ./remotion/EmpowerEveryTeam.tsx [Client Component Browser]
    ./components/ui/RemotionEmpowerTeam.tsx [Client Component Browser]
    ./components/sections/TransformSection.tsx [Client Component Browser]
    ./components/sections/TransformSection.tsx [Server Component]
    ./app/page.tsx [Server Component] @ http://localhost:3000/_next/static/chunks/node_modules_next_dist_0u_w_5s._.js:1945
[    8838ms] [ERROR] ./remotion/EmpowerEveryTeam.tsx:164:6
Unterminated regexp literal
  162 |       </svg>
  163 |       </div>
> 164 |     </AbsoluteFill>
      |      ^^^^^^^^^^^^^^
  165 |   );
  166 | };
  167 |

Parsing ecmascript source code failed

Import trace:
  Client Component Browser:
    ./remotion/EmpowerEveryTeam.tsx [Client Component Browser]
    ./components/ui/RemotionEmpowerTeam.tsx [Client Component Browser]
    ./components/sections/TransformSection.tsx [Client Component Browser]
    ./components/sections/TransformSection.tsx [Server Component]
    ./app/page.tsx [Server Component] @ http://localhost:3000/_next/static/chunks/node_modules_next_dist_0u_w_5s._.js:1945
[    8889ms] [ERROR] ./remotion/EmpowerEveryTeam.tsx:164:5
Expression expected
  162 |       </svg>
  163 |       </div>
> 164 |     </AbsoluteFill>
      |     ^
  165 |   );
  166 | };
  167 |

Parsing ecmascript source code failed

Import trace:
  Client Component Browser:
    ./remotion/EmpowerEveryTeam.tsx [Client Component Browser]
    ./components/ui/RemotionEmpowerTeam.tsx [Client Component Browser]
    ./components/sections/TransformSection.tsx [Client Component Browser]
    ./components/sections/TransformSection.tsx [Server Component]
    ./app/page.tsx [Server Component] @ http://localhost:3000/_next/static/chunks/node_modules_next_dist_0u_w_5s._.js:1945
[    8890ms] [ERROR] ./remotion/EmpowerEveryTeam.tsx:164:6
Unterminated regexp literal
  162 |       </svg>
  163 |       </div>
> 164 |     </AbsoluteFill>
      |      ^^^^^^^^^^^^^^
  165 |   );
  166 | };
  167 |

Parsing ecmascript source code failed

Import trace:
  Client Component Browser:
    ./remotion/EmpowerEveryTeam.tsx [Client Component Browser]
    ./components/ui/RemotionEmpowerTeam.tsx [Client Component Browser]
    ./components/sections/TransformSection.tsx [Client Component Browser]
    ./components/sections/TransformSection.tsx [Server Component]
    ./app/page.tsx [Server Component] @ http://localhost:3000/_next/static/chunks/node_modules_next_dist_0u_w_5s._.js:1945
[    8941ms] [ERROR] ./remotion/EmpowerEveryTeam.tsx:164:5
Expression expected
  162 |       </svg>
  163 |       </div>
> 164 |     </AbsoluteFill>
      |     ^
  165 |   );
  166 | };
  167 |

Parsing ecmascript source code failed

Import trace:
  Client Component Browser:
    ./remotion/EmpowerEveryTeam.tsx [Client Component Browser]
    ./components/ui/RemotionEmpowerTeam.tsx [Client Component Browser]
    ./components/sections/TransformSection.tsx [Client Component Browser]
    ./components/sections/TransformSection.tsx [Server Component]
    ./app/page.tsx [Server Component] @ http://localhost:3000/_next/static/chunks/node_modules_next_dist_0u_w_5s._.js:1945
[    8941ms] [ERROR] ./remotion/EmpowerEveryTeam.tsx:164:6
Unterminated regexp literal
  162 |       </svg>
  163 |       </div>
> 164 |     </AbsoluteFill>
      |      ^^^^^^^^^^^^^^
  165 |   );
  166 | };
  167 |

Parsing ecmascript source code failed

Import trace:
  Client Component Browser:
    ./remotion/EmpowerEveryTeam.tsx [Client Component Browser]
    ./components/ui/RemotionEmpowerTeam.tsx [Client Component Browser]
    ./components/sections/TransformSection.tsx [Client Component Browser]
    ./components/sections/TransformSection.tsx [Server Component]
    ./app/page.tsx [Server Component] @ http://localhost:3000/_next/static/chunks/node_modules_next_dist_0u_w_5s._.js:1945
[    8991ms] [ERROR] ./remotion/EmpowerEveryTeam.tsx:164:5
Expression expected
  162 |       </svg>
  163 |       </div>
> 164 |     </AbsoluteFill>
      |     ^
  165 |   );
  166 | };
  167 |

Parsing ecmascript source code failed

Import trace:
  Client Component Browser:
    ./remotion/EmpowerEveryTeam.tsx [Client Component Browser]
    ./components/ui/RemotionEmpowerTeam.tsx [Client Component Browser]
    ./components/sections/TransformSection.tsx [Client Component Browser]
    ./components/sections/TransformSection.tsx [Server Component]
    ./app/page.tsx [Server Component] @ http://localhost:3000/_next/static/chunks/node_modules_next_dist_0u_w_5s._.js:1945
[    8991ms] [ERROR] ./remotion/EmpowerEveryTeam.tsx:164:6
Unterminated regexp literal
  162 |       </svg>
  163 |       </div>
> 164 |     </AbsoluteFill>
      |      ^^^^^^^^^^^^^^
  165 |   );
  166 | };
  167 |

Parsing ecmascript source code failed

Import trace:
  Client Component Browser:
    ./remotion/EmpowerEveryTeam.tsx [Client Component Browser]
    ./components/ui/RemotionEmpowerTeam.tsx [Client Component Browser]
    ./components/sections/TransformSection.tsx [Client Component Browser]
    ./components/sections/TransformSection.tsx [Server Component]
    ./app/page.tsx [Server Component] @ http://localhost:3000/_next/static/chunks/node_modules_next_dist_0u_w_5s._.js:1945
[    9042ms] [ERROR] ./remotion/EmpowerEveryTeam.tsx:164:5
Expression expected
  162 |       </svg>
  163 |       </div>
> 164 |     </AbsoluteFill>
      |     ^
  165 |   );
  166 | };
  167 |

Parsing ecmascript source code failed

Import trace:
  Client Component Browser:
    ./remotion/EmpowerEveryTeam.tsx [Client Component Browser]
    ./components/ui/RemotionEmpowerTeam.tsx [Client Component Browser]
    ./components/sections/TransformSection.tsx [Client Component Browser]
    ./components/sections/TransformSection.tsx [Server Component]
    ./app/page.tsx [Server Component] @ http://localhost:3000/_next/static/chunks/node_modules_next_dist_0u_w_5s._.js:1945
[    9042ms] [ERROR] ./remotion/EmpowerEveryTeam.tsx:164:6
Unterminated regexp literal
  162 |       </svg>
  163 |       </div>
> 164 |     </AbsoluteFill>
      |      ^^^^^^^^^^^^^^
  165 |   );
  166 | };
  167 |

Parsing ecmascript source code failed

Import trace:
  Client Component Browser:
    ./remotion/EmpowerEveryTeam.tsx [Client Component Browser]
    ./components/ui/RemotionEmpowerTeam.tsx [Client Component Browser]
    ./components/sections/TransformSection.tsx [Client Component Browser]
    ./components/sections/TransformSection.tsx [Server Component]
    ./app/page.tsx [Server Component] @ http://localhost:3000/_next/static/chunks/node_modules_next_dist_0u_w_5s._.js:1945
[    9093ms] [ERROR] ./remotion/EmpowerEveryTeam.tsx:164:5
Expression expected
  162 |       </svg>
  163 |       </div>
> 164 |     </AbsoluteFill>
      |     ^
  165 |   );
  166 | };
  167 |

Parsing ecmascript source code failed

Import trace:
  Client Component Browser:
    ./remotion/EmpowerEveryTeam.tsx [Client Component Browser]
    ./components/ui/RemotionEmpowerTeam.tsx [Client Component Browser]
    ./components/sections/TransformSection.tsx [Client Component Browser]
    ./components/sections/TransformSection.tsx [Server Component]
    ./app/page.tsx [Server Component] @ http://localhost:3000/_next/static/chunks/node_modules_next_dist_0u_w_5s._.js:1945
[    9093ms] [ERROR] ./remotion/EmpowerEveryTeam.tsx:164:6
Unterminated regexp literal
  162 |       </svg>
  163 |       </div>
> 164 |     </AbsoluteFill>
      |      ^^^^^^^^^^^^^^
  165 |   );
  166 | };
  167 |

Parsing ecmascript source code failed

Import trace:
  Client Component Browser:
    ./remotion/EmpowerEveryTeam.tsx [Client Component Browser]
    ./components/ui/RemotionEmpowerTeam.tsx [Client Component Browser]
    ./components/sections/TransformSection.tsx [Client Component Browser]
    ./components/sections/TransformSection.tsx [Server Component]
    ./app/page.tsx [Server Component] @ http://localhost:3000/_next/static/chunks/node_modules_next_dist_0u_w_5s._.js:1945
[    9141ms] [ERROR] ./remotion/EmpowerEveryTeam.tsx:164:5
Expression expected
  162 |       </svg>
  163 |       </div>
> 164 |     </AbsoluteFill>
      |     ^
  165 |   );
  166 | };
  167 |

Parsing ecmascript source code failed

Import trace:
  Client Component Browser:
    ./remotion/EmpowerEveryTeam.tsx [Client Component Browser]
    ./components/ui/RemotionEmpowerTeam.tsx [Client Component Browser]
    ./components/sections/TransformSection.tsx [Client Component Browser]
    ./components/sections/TransformSection.tsx [Server Component]
    ./app/page.tsx [Server Component] @ http://localhost:3000/_next/static/chunks/node_modules_next_dist_0u_w_5s._.js:1945
[    9141ms] [ERROR] ./remotion/EmpowerEveryTeam.tsx:164:6
Unterminated regexp literal
  162 |       </svg>
  163 |       </div>
> 164 |     </AbsoluteFill>
      |      ^^^^^^^^^^^^^^
  165 |   );
  166 | };
  167 |

Parsing ecmascript source code failed

Import trace:
  Client Component Browser:
    ./remotion/EmpowerEveryTeam.tsx [Client Component Browser]
    ./components/ui/RemotionEmpowerTeam.tsx [Client Component Browser]
    ./components/sections/TransformSection.tsx [Client Component Browser]
    ./components/sections/TransformSection.tsx [Server Component]
    ./app/page.tsx [Server Component] @ http://localhost:3000/_next/static/chunks/node_modules_next_dist_0u_w_5s._.js:1945
[    9196ms] [ERROR] ./remotion/EmpowerEveryTeam.tsx:164:5
Expression expected
  162 |       </svg>
  163 |       </div>
> 164 |     </AbsoluteFill>
      |     ^
  165 |   );
  166 | };
  167 |

Parsing ecmascript source code failed

Import trace:
  Client Component Browser:
    ./remotion/EmpowerEveryTeam.tsx [Client Component Browser]
    ./components/ui/RemotionEmpowerTeam.tsx [Client Component Browser]
    ./components/sections/TransformSection.tsx [Client Component Browser]
    ./components/sections/TransformSection.tsx [Server Component]
    ./app/page.tsx [Server Component] @ http://localhost:3000/_next/static/chunks/node_modules_next_dist_0u_w_5s._.js:1945
[    9197ms] [ERROR] ./remotion/EmpowerEveryTeam.tsx:164:6
Unterminated regexp literal
  162 |       </svg>
  163 |       </div>
> 164 |     </AbsoluteFill>
      |      ^^^^^^^^^^^^^^
  165 |   );
  166 | };
  167 |

Parsing ecmascript source code failed

Import trace:
  Client Component Browser:
    ./remotion/EmpowerEveryTeam.tsx [Client Component Browser]
    ./components/ui/RemotionEmpowerTeam.tsx [Client Component Browser]
    ./components/sections/TransformSection.tsx [Client Component Browser]
    ./components/sections/TransformSection.tsx [Server Component]
    ./app/page.tsx [Server Component] @ http://localhost:3000/_next/static/chunks/node_modules_next_dist_0u_w_5s._.js:1945
[    9246ms] [ERROR] ./remotion/EmpowerEveryTeam.tsx:164:5
Expression expected
  162 |       </svg>
  163 |       </div>
> 164 |     </AbsoluteFill>
      |     ^
  165 |   );
  166 | };
  167 |

Parsing ecmascript source code failed

Import trace:
  Client Component Browser:
    ./remotion/EmpowerEveryTeam.tsx [Client Component Browser]
    ./components/ui/RemotionEmpowerTeam.tsx [Client Component Browser]
    ./components/sections/TransformSection.tsx [Client Component Browser]
    ./components/sections/TransformSection.tsx [Server Component]
    ./app/page.tsx [Server Component] @ http://localhost:3000/_next/static/chunks/node_modules_next_dist_0u_w_5s._.js:1945
[    9246ms] [ERROR] ./remotion/EmpowerEveryTeam.tsx:164:6
Unterminated regexp literal
  162 |       </svg>
  163 |       </div>
> 164 |     </AbsoluteFill>
      |      ^^^^^^^^^^^^^^
  165 |   );
  166 | };
  167 |

Parsing ecmascript source code failed

Import trace:
  Client Component Browser:
    ./remotion/EmpowerEveryTeam.tsx [Client Component Browser]
    ./components/ui/RemotionEmpowerTeam.tsx [Client Component Browser]
    ./components/sections/TransformSection.tsx [Client Component Browser]
    ./components/sections/TransformSection.tsx [Server Component]
    ./app/page.tsx [Server Component] @ http://localhost:3000/_next/static/chunks/node_modules_next_dist_0u_w_5s._.js:1945
[    9296ms] [ERROR] ./remotion/EmpowerEveryTeam.tsx:164:5
Expression expected
  162 |       </svg>
  163 |       </div>
> 164 |     </AbsoluteFill>
      |     ^
  165 |   );
  166 | };
  167 |

Parsing ecmascript source code failed

Import trace:
  Client Component Browser:
    ./remotion/EmpowerEveryTeam.tsx [Client Component Browser]
    ./components/ui/RemotionEmpowerTeam.tsx [Client Component Browser]
    ./components/sections/TransformSection.tsx [Client Component Browser]
    ./components/sections/TransformSection.tsx [Server Component]
    ./app/page.tsx [Server Component] @ http://localhost:3000/_next/static/chunks/node_modules_next_dist_0u_w_5s._.js:1945
[    9297ms] [ERROR] ./remotion/EmpowerEveryTeam.tsx:164:6
Unterminated regexp literal
  162 |       </svg>
  163 |       </div>
> 164 |     </AbsoluteFill>
      |      ^^^^^^^^^^^^^^
  165 |   );
  166 | };
  167 |

Parsing ecmascript source code failed

Import trace:
  Client Component Browser:
    ./remotion/EmpowerEveryTeam.tsx [Client Component Browser]
    ./components/ui/RemotionEmpowerTeam.tsx [Client Component Browser]
    ./components/sections/TransformSection.tsx [Client Component Browser]
    ./components/sections/TransformSection.tsx [Server Component]
    ./app/page.tsx [Server Component] @ http://localhost:3000/_next/static/chunks/node_modules_next_dist_0u_w_5s._.js:1945
[    9347ms] [ERROR] ./remotion/EmpowerEveryTeam.tsx:164:5
Expression expected
  162 |       </svg>
  163 |       </div>
> 164 |     </AbsoluteFill>
      |     ^
  165 |   );
  166 | };
  167 |

Parsing ecmascript source code failed

Import trace:
  Client Component Browser:
    ./remotion/EmpowerEveryTeam.tsx [Client Component Browser]
    ./components/ui/RemotionEmpowerTeam.tsx [Client Component Browser]
    ./components/sections/TransformSection.tsx [Client Component Browser]
    ./components/sections/TransformSection.tsx [Server Component]
    ./app/page.tsx [Server Component] @ http://localhost:3000/_next/static/chunks/node_modules_next_dist_0u_w_5s._.js:1945
[    9347ms] [ERROR] ./remotion/EmpowerEveryTeam.tsx:164:6
Unterminated regexp literal
  162 |       </svg>
  163 |       </div>
> 164 |     </AbsoluteFill>
      |      ^^^^^^^^^^^^^^
  165 |   );
  166 | };
  167 |

Parsing ecmascript source code failed

Import trace:
  Client Component Browser:
    ./remotion/EmpowerEveryTeam.tsx [Client Component Browser]
    ./components/ui/RemotionEmpowerTeam.tsx [Client Component Browser]
    ./components/sections/TransformSection.tsx [Client Component Browser]
    ./components/sections/TransformSection.tsx [Server Component]
    ./app/page.tsx [Server Component] @ http://localhost:3000/_next/static/chunks/node_modules_next_dist_0u_w_5s._.js:1945
[    9400ms] [ERROR] ./remotion/EmpowerEveryTeam.tsx:164:5
Expression expected
  162 |       </svg>
  163 |       </div>
> 164 |     </AbsoluteFill>
      |     ^
  165 |   );
  166 | };
  167 |

Parsing ecmascript source code failed

Import trace:
  Client Component Browser:
    ./remotion/EmpowerEveryTeam.tsx [Client Component Browser]
    ./components/ui/RemotionEmpowerTeam.tsx [Client Component Browser]
    ./components/sections/TransformSection.tsx [Client Component Browser]
    ./components/sections/TransformSection.tsx [Server Component]
    ./app/page.tsx [Server Component] @ http://localhost:3000/_next/static/chunks/node_modules_next_dist_0u_w_5s._.js:1945
[    9400ms] [ERROR] ./remotion/EmpowerEveryTeam.tsx:164:6
Unterminated regexp literal
  162 |       </svg>
  163 |       </div>
> 164 |     </AbsoluteFill>
      |      ^^^^^^^^^^^^^^
  165 |   );
  166 | };
  167 |

Parsing ecmascript source code failed

Import trace:
  Client Component Browser:
    ./remotion/EmpowerEveryTeam.tsx [Client Component Browser]
    ./components/ui/RemotionEmpowerTeam.tsx [Client Component Browser]
    ./components/sections/TransformSection.tsx [Client Component Browser]
    ./components/sections/TransformSection.tsx [Server Component]
    ./app/page.tsx [Server Component] @ http://localhost:3000/_next/static/chunks/node_modules_next_dist_0u_w_5s._.js:1945
[    9450ms] [ERROR] ./remotion/EmpowerEveryTeam.tsx:164:5
Expression expected
  162 |       </svg>
  163 |       </div>
> 164 |     </AbsoluteFill>
      |     ^
  165 |   );
  166 | };
  167 |

Parsing ecmascript source code failed

Import trace:
  Client Component Browser:
    ./remotion/EmpowerEveryTeam.tsx [Client Component Browser]
    ./components/ui/RemotionEmpowerTeam.tsx [Client Component Browser]
    ./components/sections/TransformSection.tsx [Client Component Browser]
    ./components/sections/TransformSection.tsx [Server Component]
    ./app/page.tsx [Server Component] @ http://localhost:3000/_next/static/chunks/node_modules_next_dist_0u_w_5s._.js:1945
[    9450ms] [ERROR] ./remotion/EmpowerEveryTeam.tsx:164:6
Unterminated regexp literal
  162 |       </svg>
  163 |       </div>
> 164 |     </AbsoluteFill>
      |      ^^^^^^^^^^^^^^
  165 |   );
  166 | };
  167 |

Parsing ecmascript source code failed

Import trace:
  Client Component Browser:
    ./remotion/EmpowerEveryTeam.tsx [Client Component Browser]
    ./components/ui/RemotionEmpowerTeam.tsx [Client Component Browser]
    ./components/sections/TransformSection.tsx [Client Component Browser]
    ./components/sections/TransformSection.tsx [Server Component]
    ./app/page.tsx [Server Component] @ http://localhost:3000/_next/static/chunks/node_modules_next_dist_0u_w_5s._.js:1945
[    9494ms] [ERROR] ./remotion/EmpowerEveryTeam.tsx:164:5
Expression expected
  162 |       </svg>
  163 |       </div>
> 164 |     </AbsoluteFill>
      |     ^
  165 |   );
  166 | };
  167 |

Parsing ecmascript source code failed

Import trace:
  Client Component Browser:
    ./remotion/EmpowerEveryTeam.tsx [Client Component Browser]
    ./components/ui/RemotionEmpowerTeam.tsx [Client Component Browser]
    ./components/sections/TransformSection.tsx [Client Component Browser]
    ./components/sections/TransformSection.tsx [Server Component]
    ./app/page.tsx [Server Component] @ http://localhost:3000/_next/static/chunks/node_modules_next_dist_0u_w_5s._.js:1945
[    9494ms] [ERROR] ./remotion/EmpowerEveryTeam.tsx:164:6
Unterminated regexp literal
  162 |       </svg>
  163 |       </div>
> 164 |     </AbsoluteFill>
      |      ^^^^^^^^^^^^^^
  165 |   );
  166 | };
  167 |

Parsing ecmascript source code failed

Import trace:
  Client Component Browser:
    ./remotion/EmpowerEveryTeam.tsx [Client Component Browser]
    ./components/ui/RemotionEmpowerTeam.tsx [Client Component Browser]
    ./components/sections/TransformSection.tsx [Client Component Browser]
    ./components/sections/TransformSection.tsx [Server Component]
    ./app/page.tsx [Server Component] @ http://localhost:3000/_next/static/chunks/node_modules_next_dist_0u_w_5s._.js:1945
[    9544ms] [ERROR] ./remotion/EmpowerEveryTeam.tsx:164:5
Expression expected
  162 |       </svg>
  163 |       </div>
> 164 |     </AbsoluteFill>
      |     ^
  165 |   );
  166 | };
  167 |

Parsing ecmascript source code failed

Import trace:
  Client Component Browser:
    ./remotion/EmpowerEveryTeam.tsx [Client Component Browser]
    ./components/ui/RemotionEmpowerTeam.tsx [Client Component Browser]
    ./components/sections/TransformSection.tsx [Client Component Browser]
    ./components/sections/TransformSection.tsx [Server Component]
    ./app/page.tsx [Server Component] @ http://localhost:3000/_next/static/chunks/node_modules_next_dist_0u_w_5s._.js:1945
[    9544ms] [ERROR] ./remotion/EmpowerEveryTeam.tsx:164:6
Unterminated regexp literal
  162 |       </svg>
  163 |       </div>
> 164 |     </AbsoluteFill>
      |      ^^^^^^^^^^^^^^
  165 |   );
  166 | };
  167 |

Parsing ecmascript source code failed

Import trace:
  Client Component Browser:
    ./remotion/EmpowerEveryTeam.tsx [Client Component Browser]
    ./components/ui/RemotionEmpowerTeam.tsx [Client Component Browser]
    ./components/sections/TransformSection.tsx [Client Component Browser]
    ./components/sections/TransformSection.tsx [Server Component]
    ./app/page.tsx [Server Component] @ http://localhost:3000/_next/static/chunks/node_modules_next_dist_0u_w_5s._.js:1945
[    9594ms] [ERROR] ./remotion/EmpowerEveryTeam.tsx:164:5
Expression expected
  162 |       </svg>
  163 |       </div>
> 164 |     </AbsoluteFill>
      |     ^
  165 |   );
  166 | };
  167 |

Parsing ecmascript source code failed

Import trace:
  Client Component Browser:
    ./remotion/EmpowerEveryTeam.tsx [Client Component Browser]
    ./components/ui/RemotionEmpowerTeam.tsx [Client Component Browser]
    ./components/sections/TransformSection.tsx [Client Component Browser]
    ./components/sections/TransformSection.tsx [Server Component]
    ./app/page.tsx [Server Component] @ http://localhost:3000/_next/static/chunks/node_modules_next_dist_0u_w_5s._.js:1945
[    9594ms] [ERROR] ./remotion/EmpowerEveryTeam.tsx:164:6
Unterminated regexp literal
  162 |       </svg>
  163 |       </div>
> 164 |     </AbsoluteFill>
      |      ^^^^^^^^^^^^^^
  165 |   );
  166 | };
  167 |

Parsing ecmascript source code failed

Import trace:
  Client Component Browser:
    ./remotion/EmpowerEveryTeam.tsx [Client Component Browser]
    ./components/ui/RemotionEmpowerTeam.tsx [Client Component Browser]
    ./components/sections/TransformSection.tsx [Client Component Browser]
    ./components/sections/TransformSection.tsx [Server Component]
    ./app/page.tsx [Server Component] @ http://localhost:3000/_next/static/chunks/node_modules_next_dist_0u_w_5s._.js:1945
[    9643ms] [ERROR] ./remotion/EmpowerEveryTeam.tsx:164:5
Expression expected
  162 |       </svg>
  163 |       </div>
> 164 |     </AbsoluteFill>
      |     ^
  165 |   );
  166 | };
  167 |

Parsing ecmascript source code failed

Import trace:
  Client Component Browser:
    ./remotion/EmpowerEveryTeam.tsx [Client Component Browser]
    ./components/ui/RemotionEmpowerTeam.tsx [Client Component Browser]
    ./components/sections/TransformSection.tsx [Client Component Browser]
    ./components/sections/TransformSection.tsx [Server Component]
    ./app/page.tsx [Server Component] @ http://localhost:3000/_next/static/chunks/node_modules_next_dist_0u_w_5s._.js:1945
[    9643ms] [ERROR] ./remotion/EmpowerEveryTeam.tsx:164:6
Unterminated regexp literal
  162 |       </svg>
  163 |       </div>
> 164 |     </AbsoluteFill>
      |      ^^^^^^^^^^^^^^
  165 |   );
  166 | };
  167 |

Parsing ecmascript source code failed

Import trace:
  Client Component Browser:
    ./remotion/EmpowerEveryTeam.tsx [Client Component Browser]
    ./components/ui/RemotionEmpowerTeam.tsx [Client Component Browser]
    ./components/sections/TransformSection.tsx [Client Component Browser]
    ./components/sections/TransformSection.tsx [Server Component]
    ./app/page.tsx [Server Component] @ http://localhost:3000/_next/static/chunks/node_modules_next_dist_0u_w_5s._.js:1945
[    9693ms] [ERROR] ./remotion/EmpowerEveryTeam.tsx:164:5
Expression expected
  162 |       </svg>
  163 |       </div>
> 164 |     </AbsoluteFill>
      |     ^
  165 |   );
  166 | };
  167 |

Parsing ecmascript source code failed

Import trace:
  Client Component Browser:
    ./remotion/EmpowerEveryTeam.tsx [Client Component Browser]
    ./components/ui/RemotionEmpowerTeam.tsx [Client Component Browser]
    ./components/sections/TransformSection.tsx [Client Component Browser]
    ./components/sections/TransformSection.tsx [Server Component]
    ./app/page.tsx [Server Component] @ http://localhost:3000/_next/static/chunks/node_modules_next_dist_0u_w_5s._.js:1945
[    9693ms] [ERROR] ./remotion/EmpowerEveryTeam.tsx:164:6
Unterminated regexp literal
  162 |       </svg>
  163 |       </div>
> 164 |     </AbsoluteFill>
      |      ^^^^^^^^^^^^^^
  165 |   );
  166 | };
  167 |

Parsing ecmascript source code failed

Import trace:
  Client Component Browser:
    ./remotion/EmpowerEveryTeam.tsx [Client Component Browser]
    ./components/ui/RemotionEmpowerTeam.tsx [Client Component Browser]
    ./components/sections/TransformSection.tsx [Client Component Browser]
    ./components/sections/TransformSection.tsx [Server Component]
    ./app/page.tsx [Server Component] @ http://localhost:3000/_next/static/chunks/node_modules_next_dist_0u_w_5s._.js:1945
[    9743ms] [ERROR] ./remotion/EmpowerEveryTeam.tsx:164:5
Expression expected
  162 |       </svg>
  163 |       </div>
> 164 |     </AbsoluteFill>
      |     ^
  165 |   );
  166 | };
  167 |

Parsing ecmascript source code failed

Import trace:
  Client Component Browser:
    ./remotion/EmpowerEveryTeam.tsx [Client Component Browser]
    ./components/ui/RemotionEmpowerTeam.tsx [Client Component Browser]
    ./components/sections/TransformSection.tsx [Client Component Browser]
    ./components/sections/TransformSection.tsx [Server Component]
    ./app/page.tsx [Server Component] @ http://localhost:3000/_next/static/chunks/node_modules_next_dist_0u_w_5s._.js:1945
[    9743ms] [ERROR] ./remotion/EmpowerEveryTeam.tsx:164:6
Unterminated regexp literal
  162 |       </svg>
  163 |       </div>
> 164 |     </AbsoluteFill>
      |      ^^^^^^^^^^^^^^
  165 |   );
  166 | };
  167 |

Parsing ecmascript source code failed

Import trace:
  Client Component Browser:
    ./remotion/EmpowerEveryTeam.tsx [Client Component Browser]
    ./components/ui/RemotionEmpowerTeam.tsx [Client Component Browser]
    ./components/sections/TransformSection.tsx [Client Component Browser]
    ./components/sections/TransformSection.tsx [Server Component]
    ./app/page.tsx [Server Component] @ http://localhost:3000/_next/static/chunks/node_modules_next_dist_0u_w_5s._.js:1945
[    9790ms] [ERROR] ./remotion/EmpowerEveryTeam.tsx:164:5
Expression expected
  162 |       </svg>
  163 |       </div>
> 164 |     </AbsoluteFill>
      |     ^
  165 |   );
  166 | };
  167 |

Parsing ecmascript source code failed

Import trace:
  Client Component Browser:
    ./remotion/EmpowerEveryTeam.tsx [Client Component Browser]
    ./components/ui/RemotionEmpowerTeam.tsx [Client Component Browser]
    ./components/sections/TransformSection.tsx [Client Component Browser]
    ./components/sections/TransformSection.tsx [Server Component]
    ./app/page.tsx [Server Component] @ http://localhost:3000/_next/static/chunks/node_modules_next_dist_0u_w_5s._.js:1945
[    9791ms] [ERROR] ./remotion/EmpowerEveryTeam.tsx:164:6
Unterminated regexp literal
  162 |       </svg>
  163 |       </div>
> 164 |     </AbsoluteFill>
      |      ^^^^^^^^^^^^^^
  165 |   );
  166 | };
  167 |

Parsing ecmascript source code failed

Import trace:
  Client Component Browser:
    ./remotion/EmpowerEveryTeam.tsx [Client Component Browser]
    ./components/ui/RemotionEmpowerTeam.tsx [Client Component Browser]
    ./components/sections/TransformSection.tsx [Client Component Browser]
    ./components/sections/TransformSection.tsx [Server Component]
    ./app/page.tsx [Server Component] @ http://localhost:3000/_next/static/chunks/node_modules_next_dist_0u_w_5s._.js:1945
[    9841ms] [ERROR] ./remotion/EmpowerEveryTeam.tsx:164:5
Expression expected
  162 |       </svg>
  163 |       </div>
> 164 |     </AbsoluteFill>
      |     ^
  165 |   );
  166 | };
  167 |

Parsing ecmascript source code failed

Import trace:
  Client Component Browser:
    ./remotion/EmpowerEveryTeam.tsx [Client Component Browser]
    ./components/ui/RemotionEmpowerTeam.tsx [Client Component Browser]
    ./components/sections/TransformSection.tsx [Client Component Browser]
    ./components/sections/TransformSection.tsx [Server Component]
    ./app/page.tsx [Server Component] @ http://localhost:3000/_next/static/chunks/node_modules_next_dist_0u_w_5s._.js:1945
[    9841ms] [ERROR] ./remotion/EmpowerEveryTeam.tsx:164:6
Unterminated regexp literal
  162 |       </svg>
  163 |       </div>
> 164 |     </AbsoluteFill>
      |      ^^^^^^^^^^^^^^
  165 |   );
  166 | };
  167 |

Parsing ecmascript source code failed

Import trace:
  Client Component Browser:
    ./remotion/EmpowerEveryTeam.tsx [Client Component Browser]
    ./components/ui/RemotionEmpowerTeam.tsx [Client Component Browser]
    ./components/sections/TransformSection.tsx [Client Component Browser]
    ./components/sections/TransformSection.tsx [Server Component]
    ./app/page.tsx [Server Component] @ http://localhost:3000/_next/static/chunks/node_modules_next_dist_0u_w_5s._.js:1945
[    9891ms] [ERROR] ./remotion/EmpowerEveryTeam.tsx:164:5
Expression expected
  162 |       </svg>
  163 |       </div>
> 164 |     </AbsoluteFill>
      |     ^
  165 |   );
  166 | };
  167 |

Parsing ecmascript source code failed

Import trace:
  Client Component Browser:
    ./remotion/EmpowerEveryTeam.tsx [Client Component Browser]
    ./components/ui/RemotionEmpowerTeam.tsx [Client Component Browser]
    ./components/sections/TransformSection.tsx [Client Component Browser]
    ./components/sections/TransformSection.tsx [Server Component]
    ./app/page.tsx [Server Component] @ http://localhost:3000/_next/static/chunks/node_modules_next_dist_0u_w_5s._.js:1945
[    9892ms] [ERROR] ./remotion/EmpowerEveryTeam.tsx:164:6
Unterminated regexp literal
  162 |       </svg>
  163 |       </div>
> 164 |     </AbsoluteFill>
      |      ^^^^^^^^^^^^^^
  165 |   );
  166 | };
  167 |

Parsing ecmascript source code failed

Import trace:
  Client Component Browser:
    ./remotion/EmpowerEveryTeam.tsx [Client Component Browser]
    ./components/ui/RemotionEmpowerTeam.tsx [Client Component Browser]
    ./components/sections/TransformSection.tsx [Client Component Browser]
    ./components/sections/TransformSection.tsx [Server Component]
    ./app/page.tsx [Server Component] @ http://localhost:3000/_next/static/chunks/node_modules_next_dist_0u_w_5s._.js:1945
[    9942ms] [ERROR] ./remotion/EmpowerEveryTeam.tsx:164:5
Expression expected
  162 |       </svg>
  163 |       </div>
> 164 |     </AbsoluteFill>
      |     ^
  165 |   );
  166 | };
  167 |

Parsing ecmascript source code failed

Import trace:
  Client Component Browser:
    ./remotion/EmpowerEveryTeam.tsx [Client Component Browser]
    ./components/ui/RemotionEmpowerTeam.tsx [Client Component Browser]
    ./components/sections/TransformSection.tsx [Client Component Browser]
    ./components/sections/TransformSection.tsx [Server Component]
    ./app/page.tsx [Server Component] @ http://localhost:3000/_next/static/chunks/node_modules_next_dist_0u_w_5s._.js:1945
[    9942ms] [ERROR] ./remotion/EmpowerEveryTeam.tsx:164:6
Unterminated regexp literal
  162 |       </svg>
  163 |       </div>
> 164 |     </AbsoluteFill>
      |      ^^^^^^^^^^^^^^
  165 |   );
  166 | };
  167 |

Parsing ecmascript source code failed

Import trace:
  Client Component Browser:
    ./remotion/EmpowerEveryTeam.tsx [Client Component Browser]
    ./components/ui/RemotionEmpowerTeam.tsx [Client Component Browser]
    ./components/sections/TransformSection.tsx [Client Component Browser]
    ./components/sections/TransformSection.tsx [Server Component]
    ./app/page.tsx [Server Component] @ http://localhost:3000/_next/static/chunks/node_modules_next_dist_0u_w_5s._.js:1945
[    9996ms] [ERROR] ./remotion/EmpowerEveryTeam.tsx:164:5
Expression expected
  162 |       </svg>
  163 |       </div>
> 164 |     </AbsoluteFill>
      |     ^
  165 |   );
  166 | };
  167 |

Parsing ecmascript source code failed

Import trace:
  Client Component Browser:
    ./remotion/EmpowerEveryTeam.tsx [Client Component Browser]
    ./components/ui/RemotionEmpowerTeam.tsx [Client Component Browser]
    ./components/sections/TransformSection.tsx [Client Component Browser]
    ./components/sections/TransformSection.tsx [Server Component]
    ./app/page.tsx [Server Component] @ http://localhost:3000/_next/static/chunks/node_modules_next_dist_0u_w_5s._.js:1945
[    9996ms] [ERROR] ./remotion/EmpowerEveryTeam.tsx:164:6
Unterminated regexp literal
  162 |       </svg>
  163 |       </div>
> 164 |     </AbsoluteFill>
      |      ^^^^^^^^^^^^^^
  165 |   );
  166 | };
  167 |

Parsing ecmascript source code failed

Import trace:
  Client Component Browser:
    ./remotion/EmpowerEveryTeam.tsx [Client Component Browser]
    ./components/ui/RemotionEmpowerTeam.tsx [Client Component Browser]
    ./components/sections/TransformSection.tsx [Client Component Browser]
    ./components/sections/TransformSection.tsx [Server Component]
    ./app/page.tsx [Server Component] @ http://localhost:3000/_next/static/chunks/node_modules_next_dist_0u_w_5s._.js:1945
[   10063ms] [ERROR] ./remotion/EmpowerEveryTeam.tsx:164:5
Expression expected
  162 |       </svg>
  163 |       </div>
> 164 |     </AbsoluteFill>
      |     ^
  165 |   );
  166 | };
  167 |

Parsing ecmascript source code failed

Import trace:
  Client Component Browser:
    ./remotion/EmpowerEveryTeam.tsx [Client Component Browser]
    ./components/ui/RemotionEmpowerTeam.tsx [Client Component Browser]
    ./components/sections/TransformSection.tsx [Client Component Browser]
    ./components/sections/TransformSection.tsx [Server Component]
    ./app/page.tsx [Server Component] @ http://localhost:3000/_next/static/chunks/node_modules_next_dist_0u_w_5s._.js:1945
[   10063ms] [ERROR] ./remotion/EmpowerEveryTeam.tsx:164:6
Unterminated regexp literal
  162 |       </svg>
  163 |       </div>
> 164 |     </AbsoluteFill>
      |      ^^^^^^^^^^^^^^
  165 |   );
  166 | };
  167 |

Parsing ecmascript source code failed

Import trace:
  Client Component Browser:
    ./remotion/EmpowerEveryTeam.tsx [Client Component Browser]
    ./components/ui/RemotionEmpowerTeam.tsx [Client Component Browser]
    ./components/sections/TransformSection.tsx [Client Component Browser]
    ./components/sections/TransformSection.tsx [Server Component]
    ./app/page.tsx [Server Component] @ http://localhost:3000/_next/static/chunks/node_modules_next_dist_0u_w_5s._.js:1945
[   10114ms] [ERROR] ./remotion/EmpowerEveryTeam.tsx:164:5
Expression expected
  162 |       </svg>
  163 |       </div>
> 164 |     </AbsoluteFill>
      |     ^
  165 |   );
  166 | };
  167 |

Parsing ecmascript source code failed

Import trace:
  Client Component Browser:
    ./remotion/EmpowerEveryTeam.tsx [Client Component Browser]
    ./components/ui/RemotionEmpowerTeam.tsx [Client Component Browser]
    ./components/sections/TransformSection.tsx [Client Component Browser]
    ./components/sections/TransformSection.tsx [Server Component]
    ./app/page.tsx [Server Component] @ http://localhost:3000/_next/static/chunks/node_modules_next_dist_0u_w_5s._.js:1945
[   10114ms] [ERROR] ./remotion/EmpowerEveryTeam.tsx:164:6
Unterminated regexp literal
  162 |       </svg>
  163 |       </div>
> 164 |     </AbsoluteFill>
      |      ^^^^^^^^^^^^^^
  165 |   );
  166 | };
  167 |

Parsing ecmascript source code failed

Import trace:
  Client Component Browser:
    ./remotion/EmpowerEveryTeam.tsx [Client Component Browser]
    ./components/ui/RemotionEmpowerTeam.tsx [Client Component Browser]
    ./components/sections/TransformSection.tsx [Client Component Browser]
    ./components/sections/TransformSection.tsx [Server Component]
    ./app/page.tsx [Server Component] @ http://localhost:3000/_next/static/chunks/node_modules_next_dist_0u_w_5s._.js:1945
[   10165ms] [ERROR] ./remotion/EmpowerEveryTeam.tsx:164:5
Expression expected
  162 |       </svg>
  163 |       </div>
> 164 |     </AbsoluteFill>
      |     ^
  165 |   );
  166 | };
  167 |

Parsing ecmascript source code failed

Import trace:
  Client Component Browser:
    ./remotion/EmpowerEveryTeam.tsx [Client Component Browser]
    ./components/ui/RemotionEmpowerTeam.tsx [Client Component Browser]
    ./components/sections/TransformSection.tsx [Client Component Browser]
    ./components/sections/TransformSection.tsx [Server Component]
    ./app/page.tsx [Server Component] @ http://localhost:3000/_next/static/chunks/node_modules_next_dist_0u_w_5s._.js:1945
[   10165ms] [ERROR] ./remotion/EmpowerEveryTeam.tsx:164:6
Unterminated regexp literal
  162 |       </svg>
  163 |       </div>
> 164 |     </AbsoluteFill>
      |      ^^^^^^^^^^^^^^
  165 |   );
  166 | };
  167 |

Parsing ecmascript source code failed

Import trace:
  Client Component Browser:
    ./remotion/EmpowerEveryTeam.tsx [Client Component Browser]
    ./components/ui/RemotionEmpowerTeam.tsx [Client Component Browser]
    ./components/sections/TransformSection.tsx [Client Component Browser]
    ./components/sections/TransformSection.tsx [Server Component]
    ./app/page.tsx [Server Component] @ http://localhost:3000/_next/static/chunks/node_modules_next_dist_0u_w_5s._.js:1945
[   10215ms] [ERROR] ./remotion/EmpowerEveryTeam.tsx:164:5
Expression expected
  162 |       </svg>
  163 |       </div>
> 164 |     </AbsoluteFill>
      |     ^
  165 |   );
  166 | };
  167 |

Parsing ecmascript source code failed

Import trace:
  Client Component Browser:
    ./remotion/EmpowerEveryTeam.tsx [Client Component Browser]
    ./components/ui/RemotionEmpowerTeam.tsx [Client Component Browser]
    ./components/sections/TransformSection.tsx [Client Component Browser]
    ./components/sections/TransformSection.tsx [Server Component]
    ./app/page.tsx [Server Component] @ http://localhost:3000/_next/static/chunks/node_modules_next_dist_0u_w_5s._.js:1945
[   10215ms] [ERROR] ./remotion/EmpowerEveryTeam.tsx:164:6
Unterminated regexp literal
  162 |       </svg>
  163 |       </div>
> 164 |     </AbsoluteFill>
      |      ^^^^^^^^^^^^^^
  165 |   );
  166 | };
  167 |

Parsing ecmascript source code failed

Import trace:
  Client Component Browser:
    ./remotion/EmpowerEveryTeam.tsx [Client Component Browser]
    ./components/ui/RemotionEmpowerTeam.tsx [Client Component Browser]
    ./components/sections/TransformSection.tsx [Client Component Browser]
    ./components/sections/TransformSection.tsx [Server Component]
    ./app/page.tsx [Server Component] @ http://localhost:3000/_next/static/chunks/node_modules_next_dist_0u_w_5s._.js:1945
[   10265ms] [ERROR] ./remotion/EmpowerEveryTeam.tsx:164:5
Expression expected
  162 |       </svg>
  163 |       </div>
> 164 |     </AbsoluteFill>
      |     ^
  165 |   );
  166 | };
  167 |

Parsing ecmascript source code failed

Import trace:
  Client Component Browser:
    ./remotion/EmpowerEveryTeam.tsx [Client Component Browser]
    ./components/ui/RemotionEmpowerTeam.tsx [Client Component Browser]
    ./components/sections/TransformSection.tsx [Client Component Browser]
    ./components/sections/TransformSection.tsx [Server Component]
    ./app/page.tsx [Server Component] @ http://localhost:3000/_next/static/chunks/node_modules_next_dist_0u_w_5s._.js:1945
[   10265ms] [ERROR] ./remotion/EmpowerEveryTeam.tsx:164:6
Unterminated regexp literal
  162 |       </svg>
  163 |       </div>
> 164 |     </AbsoluteFill>
      |      ^^^^^^^^^^^^^^
  165 |   );
  166 | };
  167 |

Parsing ecmascript source code failed

Import trace:
  Client Component Browser:
    ./remotion/EmpowerEveryTeam.tsx [Client Component Browser]
    ./components/ui/RemotionEmpowerTeam.tsx [Client Component Browser]
    ./components/sections/TransformSection.tsx [Client Component Browser]
    ./components/sections/TransformSection.tsx [Server Component]
    ./app/page.tsx [Server Component] @ http://localhost:3000/_next/static/chunks/node_modules_next_dist_0u_w_5s._.js:1945
[   10316ms] [ERROR] ./remotion/EmpowerEveryTeam.tsx:164:5
Expression expected
  162 |       </svg>
  163 |       </div>
> 164 |     </AbsoluteFill>
      |     ^
  165 |   );
  166 | };
  167 |

Parsing ecmascript source code failed

Import trace:
  Client Component Browser:
    ./remotion/EmpowerEveryTeam.tsx [Client Component Browser]
    ./components/ui/RemotionEmpowerTeam.tsx [Client Component Browser]
    ./components/sections/TransformSection.tsx [Client Component Browser]
    ./components/sections/TransformSection.tsx [Server Component]
    ./app/page.tsx [Server Component] @ http://localhost:3000/_next/static/chunks/node_modules_next_dist_0u_w_5s._.js:1945
[   10316ms] [ERROR] ./remotion/EmpowerEveryTeam.tsx:164:6
Unterminated regexp literal
  162 |       </svg>
  163 |       </div>
> 164 |     </AbsoluteFill>
      |      ^^^^^^^^^^^^^^
  165 |   );
  166 | };
  167 |

Parsing ecmascript source code failed

Import trace:
  Client Component Browser:
    ./remotion/EmpowerEveryTeam.tsx [Client Component Browser]
    ./components/ui/RemotionEmpowerTeam.tsx [Client Component Browser]
    ./components/sections/TransformSection.tsx [Client Component Browser]
    ./components/sections/TransformSection.tsx [Server Component]
    ./app/page.tsx [Server Component] @ http://localhost:3000/_next/static/chunks/node_modules_next_dist_0u_w_5s._.js:1945
[   10371ms] [LOG] [Fast Refresh] rebuilding @ http://localhost:3000/_next/static/chunks/node_modules_next_dist_0u_w_5s._.js:1226
[   10372ms] [WARNING] [Fast Refresh] performing full reload because your application had an unrecoverable error @ http://localhost:3000/_next/static/chunks/node_modules_next_dist_0u_w_5s._.js:1226
[   10485ms] [LOG] [Fast Refresh] done in 40ms @ http://localhost:3000/_next/static/chunks/node_modules_next_dist_0u_w_5s._.js:1226
[   10889ms] [INFO] %cDownload the React DevTools for a better development experience: https://react.dev/link/react-devtools font-weight:bold @ http://localhost:3000/_next/static/chunks/node_modules_next_dist_115brz8._.js:2431
[   11081ms] [LOG] [HMR] connected @ http://localhost:3000/_next/static/chunks/node_modules_next_dist_115brz8._.js:2431
[   11211ms] [WARNING] Image with src "http://localhost:3000/product/agent-studio-table.svg" has either width or height modified, but not the other. If you use CSS to change the size of your image, also include the styles 'width: "auto"' or 'height: "auto"' to maintain the aspect ratio. @ http://localhost:3000/_next/static/chunks/node_modules_next_dist_115brz8._.js:2431
[   11232ms] [WARNING] Image with src "/logos/future kid.png" has either width or height modified, but not the other. If you use CSS to change the size of your image, also include the styles 'width: "auto"' or 'height: "auto"' to maintain the aspect ratio. @ http://localhost:3000/_next/static/chunks/node_modules_next_dist_115brz8._.js:2431
[   13592ms] [LOG] [Fast Refresh] rebuilding @ http://localhost:3000/_next/static/chunks/node_modules_next_dist_115brz8._.js:2431
[   13629ms] [LOG] [Fast Refresh] done in 74ms @ http://localhost:3000/_next/static/chunks/node_modules_next_dist_115brz8._.js:2431
